-14,-5,p4u/qx5jnuiBtqH8Un0nvzrjMU8=,w9Ya7YewInEy693dR3fENFTbN00=
-11,-5,p4u/qx5jnuiBtqH8Un0nvzrjMU8=,Xpq0FJ/+kAq+HNRxMgt7yZ1u/to=
-12,-5,p4u/qx5jnuiBtqH8Un0nvzrjMU8=,Xpq0FJ/+kAq+HNRxMgt7yZ1u/to=
-13,-5,p4u/qx5jnuiBtqH8Un0nvzrjMU8=,w9Ya7YewInEy693dR3fENFTbN00=
-11,-6,p4u/qx5jnuiBtqH8Un0nvzrjMU8=,Xpq0FJ/+kAq+HNRxMgt7yZ1u/to=
-13,-3,p4u/qx5jnuiBtqH8Un0nvzrjMU8=,w9Ya7YewInEy693dR3fENFTbN00=
-14,-4,p4u/qx5jnuiBtqH8Un0nvzrjMU8=,w9Ya7YewInEy693dR3fENFTbN00=
-11,-4,p4u/qx5jnuiBtqH8Un0nvzrjMU8=,Ho0I9hOiuQecZ6NA0q2LkKuhTy8=
-12,-6,p4u/qx5jnuiBtqH8Un0nvzrjMU8=,Xpq0FJ/+kAq+HNRxMgt7yZ1u/to=
-12,-3,p4u/qx5jnuiBtqH8Un0nvzrjMU8=,Ho0I9hOiuQecZ6NA0q2LkKuhTy8=
-13,-6,p4u/qx5jnuiBtqH8Un0nvzrjMU8=,w9Ya7YewInEy693dR3fENFTbN00=
-11,-3,p4u/qx5jnuiBtqH8Un0nvzrjMU8=,Ho0I9hOiuQecZ6NA0q2LkKuhTy8=
-12,-4,p4u/qx5jnuiBtqH8Un0nvzrjMU8=,Ho0I9hOiuQecZ6NA0q2LkKuhTy8=
-14,-6,p4u/qx5jnuiBtqH8Un0nvzrjMU8=,w9Ya7YewInEy693dR3fENFTbN00=
-14,-3,p4u/qx5jnuiBtqH8Un0nvzrjMU8=,w9Ya7YewInEy693dR3fENFTbN00=
-13,-4,p4u/qx5jnuiBtqH8Un0nvzrjMU8=,w9Ya7YewInEy693dR3fENFTbN00=
-14,-13,FFjW62CFW1TfeNLDTbdHE+uANSE=,UpqPvIeAZa5Fdq1zBNnmwTKNjgk=
-11,-13,FFjW62CFW1TfeNLDTbdHE+uANSE=,+yghwqTzhSmVt954dbv+hhvrmyQ=
-14,-10,FFjW62CFW1TfeNLDTbdHE+uANSE=,9bZHZVfL4t3QzuaqpS3VabSXSHM=
-11,-9,FFjW62CFW1TfeNLDTbdHE+uANSE=,yAPTpEx/O5tRSsug4sgHX2Q0hQM=
-11,-11,FFjW62CFW1TfeNLDTbdHE+uANSE=,yAPTpEx/O5tRSsug4sgHX2Q0hQM=
-11,-14,FFjW62CFW1TfeNLDTbdHE+uANSE=,+yghwqTzhSmVt954dbv+hhvrmyQ=
-11,-10,FFjW62CFW1TfeNLDTbdHE+uANSE=,yAPTpEx/O5tRSsug4sgHX2Q0hQM=
-14,-9,FFjW62CFW1TfeNLDTbdHE+uANSE=,9bZHZVfL4t3QzuaqpS3VabSXSHM=
-12,-14,FFjW62CFW1TfeNLDTbdHE+uANSE=,+yghwqTzhSmVt954dbv+hhvrmyQ=
-11,-7,FFjW62CFW1TfeNLDTbdHE+uANSE=,Xpq0FJ/+kAq+HNRxMgt7yZ1u/to=
-13,-13,FFjW62CFW1TfeNLDTbdHE+uANSE=,UpqPvIeAZa5Fdq1zBNnmwTKNjgk=
-12,-10,FFjW62CFW1TfeNLDTbdHE+uANSE=,yAPTpEx/O5tRSsug4sgHX2Q0hQM=
-14,-14,FFjW62CFW1TfeNLDTbdHE+uANSE=,UpqPvIeAZa5Fdq1zBNnmwTKNjgk=
-13,-10,FFjW62CFW1TfeNLDTbdHE+uANSE=,9bZHZVfL4t3QzuaqpS3VabSXSHM=
-13,-14,FFjW62CFW1TfeNLDTbdHE+uANSE=,UpqPvIeAZa5Fdq1zBNnmwTKNjgk=
-12,-8,FFjW62CFW1TfeNLDTbdHE+uANSE=,Xpq0FJ/+kAq+HNRxMgt7yZ1u/to=
-12,-13,FFjW62CFW1TfeNLDTbdHE+uANSE=,+yghwqTzhSmVt954dbv+hhvrmyQ=
-12,-9,FFjW62CFW1TfeNLDTbdHE+uANSE=,yAPTpEx/O5tRSsug4sgHX2Q0hQM=
-13,-11,FFjW62CFW1TfeNLDTbdHE+uANSE=,9bZHZVfL4t3QzuaqpS3VabSXSHM=
-14,-11,FFjW62CFW1TfeNLDTbdHE+uANSE=,9bZHZVfL4t3QzuaqpS3VabSXSHM=
-13,-8,FFjW62CFW1TfeNLDTbdHE+uANSE=,w9Ya7YewInEy693dR3fENFTbN00=
-13,-9,FFjW62CFW1TfeNLDTbdHE+uANSE=,9bZHZVfL4t3QzuaqpS3VabSXSHM=
-11,-12,FFjW62CFW1TfeNLDTbdHE+uANSE=,yAPTpEx/O5tRSsug4sgHX2Q0hQM=
-13,-7,FFjW62CFW1TfeNLDTbdHE+uANSE=,w9Ya7YewInEy693dR3fENFTbN00=
-14,-12,FFjW62CFW1TfeNLDTbdHE+uANSE=,9bZHZVfL4t3QzuaqpS3VabSXSHM=
-14,-7,FFjW62CFW1TfeNLDTbdHE+uANSE=,w9Ya7YewInEy693dR3fENFTbN00=
-14,-8,FFjW62CFW1TfeNLDTbdHE+uANSE=,w9Ya7YewInEy693dR3fENFTbN00=
-12,-11,FFjW62CFW1TfeNLDTbdHE+uANSE=,yAPTpEx/O5tRSsug4sgHX2Q0hQM=
-13,-12,FFjW62CFW1TfeNLDTbdHE+uANSE=,9bZHZVfL4t3QzuaqpS3VabSXSHM=
-12,-7,FFjW62CFW1TfeNLDTbdHE+uANSE=,Xpq0FJ/+kAq+HNRxMgt7yZ1u/to=
-12,-12,FFjW62CFW1TfeNLDTbdHE+uANSE=,yAPTpEx/O5tRSsug4sgHX2Q0hQM=
-11,-8,FFjW62CFW1TfeNLDTbdHE+uANSE=,Xpq0FJ/+kAq+HNRxMgt7yZ1u/to=
-10,-12,OIu+ZaMdUf97SisDQaoVuSIUzPM=,yAPTpEx/O5tRSsug4sgHX2Q0hQM=
-9,-11,OIu+ZaMdUf97SisDQaoVuSIUzPM=,yAPTpEx/O5tRSsug4sgHX2Q0hQM=
-7,-14,OIu+ZaMdUf97SisDQaoVuSIUzPM=,1OsDcWdQHdqrCO+Dj+BNadx9sBo=
-10,-11,OIu+ZaMdUf97SisDQaoVuSIUzPM=,yAPTpEx/O5tRSsug4sgHX2Q0hQM=
-10,-13,OIu+ZaMdUf97SisDQaoVuSIUzPM=,+yghwqTzhSmVt954dbv+hhvrmyQ=
-7,-13,OIu+ZaMdUf97SisDQaoVuSIUzPM=,1OsDcWdQHdqrCO+Dj+BNadx9sBo=
-8,-12,OIu+ZaMdUf97SisDQaoVuSIUzPM=,I52ctb/+Rfqv3Q9NJptbPET7ANU=
-10,-14,OIu+ZaMdUf97SisDQaoVuSIUzPM=,+yghwqTzhSmVt954dbv+hhvrmyQ=
-9,-12,OIu+ZaMdUf97SisDQaoVuSIUzPM=,yAPTpEx/O5tRSsug4sgHX2Q0hQM=
-9,-14,OIu+ZaMdUf97SisDQaoVuSIUzPM=,+yghwqTzhSmVt954dbv+hhvrmyQ=
-9,-13,OIu+ZaMdUf97SisDQaoVuSIUzPM=,+yghwqTzhSmVt954dbv+hhvrmyQ=
-8,-13,OIu+ZaMdUf97SisDQaoVuSIUzPM=,1OsDcWdQHdqrCO+Dj+BNadx9sBo=
-7,-11,OIu+ZaMdUf97SisDQaoVuSIUzPM=,I52ctb/+Rfqv3Q9NJptbPET7ANU=
-8,-14,OIu+ZaMdUf97SisDQaoVuSIUzPM=,1OsDcWdQHdqrCO+Dj+BNadx9sBo=
-7,-12,OIu+ZaMdUf97SisDQaoVuSIUzPM=,I52ctb/+Rfqv3Q9NJptbPET7ANU=
-8,-11,OIu+ZaMdUf97SisDQaoVuSIUzPM=,I52ctb/+Rfqv3Q9NJptbPET7ANU=
-9,-9,/xf4DlUSRdQx1vr6auhLjlcJOVQ=,yAPTpEx/O5tRSsug4sgHX2Q0hQM=
-10,-9,/xf4DlUSRdQx1vr6auhLjlcJOVQ=,yAPTpEx/O5tRSsug4sgHX2Q0hQM=
-10,-10,/xf4DlUSRdQx1vr6auhLjlcJOVQ=,yAPTpEx/O5tRSsug4sgHX2Q0hQM=
-10,-7,/xf4DlUSRdQx1vr6auhLjlcJOVQ=,Xpq0FJ/+kAq+HNRxMgt7yZ1u/to=
-7,-7,/xf4DlUSRdQx1vr6auhLjlcJOVQ=,DJ16rfPUikzvdJN1kcj/cUdONxE=
-9,-10,/xf4DlUSRdQx1vr6auhLjlcJOVQ=,yAPTpEx/O5tRSsug4sgHX2Q0hQM=
-8,-10,/xf4DlUSRdQx1vr6auhLjlcJOVQ=,I52ctb/+Rfqv3Q9NJptbPET7ANU=
-9,-8,/xf4DlUSRdQx1vr6auhLjlcJOVQ=,Xpq0FJ/+kAq+HNRxMgt7yZ1u/to=
-8,-7,/xf4DlUSRdQx1vr6auhLjlcJOVQ=,DJ16rfPUikzvdJN1kcj/cUdONxE=
-9,-7,/xf4DlUSRdQx1vr6auhLjlcJOVQ=,Xpq0FJ/+kAq+HNRxMgt7yZ1u/to=
-8,-8,/xf4DlUSRdQx1vr6auhLjlcJOVQ=,DJ16rfPUikzvdJN1kcj/cUdONxE=
-8,-9,/xf4DlUSRdQx1vr6auhLjlcJOVQ=,I52ctb/+Rfqv3Q9NJptbPET7ANU=
-10,-8,/xf4DlUSRdQx1vr6auhLjlcJOVQ=,Xpq0FJ/+kAq+HNRxMgt7yZ1u/to=
-7,-9,/xf4DlUSRdQx1vr6auhLjlcJOVQ=,I52ctb/+Rfqv3Q9NJptbPET7ANU=
-7,-10,/xf4DlUSRdQx1vr6auhLjlcJOVQ=,I52ctb/+Rfqv3Q9NJptbPET7ANU=
-7,-8,/xf4DlUSRdQx1vr6auhLjlcJOVQ=,DJ16rfPUikzvdJN1kcj/cUdONxE=
-4,-9,jGN8HzWl2+QE5ETtJUYfxAytJdI=,OQuEseXeSzhvFdNqAf1/G1bkIpw=
-3,-9,jGN8HzWl2+QE5ETtJUYfxAytJdI=,OQuEseXeSzhvFdNqAf1/G1bkIpw=
-5,-7,jGN8HzWl2+QE5ETtJUYfxAytJdI=,DJ16rfPUikzvdJN1kcj/cUdONxE=
-3,-10,jGN8HzWl2+QE5ETtJUYfxAytJdI=,OQuEseXeSzhvFdNqAf1/G1bkIpw=
-9,-5,jGN8HzWl2+QE5ETtJUYfxAytJdI=,Xpq0FJ/+kAq+HNRxMgt7yZ1u/to=
-9,-6,jGN8HzWl2+QE5ETtJUYfxAytJdI=,Xpq0FJ/+kAq+HNRxMgt7yZ1u/to=
-6,-9,jGN8HzWl2+QE5ETtJUYfxAytJdI=,I52ctb/+Rfqv3Q9NJptbPET7ANU=
-6,-7,jGN8HzWl2+QE5ETtJUYfxAytJdI=,DJ16rfPUikzvdJN1kcj/cUdONxE=
-4,-7,jGN8HzWl2+QE5ETtJUYfxAytJdI=,PrPYlm2Pjg/t8TC2KyQoW6/I6/c=
-8,-5,jGN8HzWl2+QE5ETtJUYfxAytJdI=,DJ16rfPUikzvdJN1kcj/cUdONxE=
-9,-4,jGN8HzWl2+QE5ETtJUYfxAytJdI=,Ho0I9hOiuQecZ6NA0q2LkKuhTy8=
-5,-9,jGN8HzWl2+QE5ETtJUYfxAytJdI=,I52ctb/+Rfqv3Q9NJptbPET7ANU=
-10,-5,jGN8HzWl2+QE5ETtJUYfxAytJdI=,Xpq0FJ/+kAq+HNRxMgt7yZ1u/to=
-8,-6,jGN8HzWl2+QE5ETtJUYfxAytJdI=,DJ16rfPUikzvdJN1kcj/cUdONxE=
-3,-7,jGN8HzWl2+QE5ETtJUYfxAytJdI=,PrPYlm2Pjg/t8TC2KyQoW6/I6/c=
-8,-3,jGN8HzWl2+QE5ETtJUYfxAytJdI=,1OsDcWdQHdqrCO+Dj+BNadx9sBo=
-8,-4,jGN8HzWl2+QE5ETtJUYfxAytJdI=,1OsDcWdQHdqrCO+Dj+BNadx9sBo=
-10,-3,jGN8HzWl2+QE5ETtJUYfxAytJdI=,Ho0I9hOiuQecZ6NA0q2LkKuhTy8=
-4,-8,jGN8HzWl2+QE5ETtJUYfxAytJdI=,PrPYlm2Pjg/t8TC2KyQoW6/I6/c=
-9,-3,jGN8HzWl2+QE5ETtJUYfxAytJdI=,Ho0I9hOiuQecZ6NA0q2LkKuhTy8=
-7,-4,jGN8HzWl2+QE5ETtJUYfxAytJdI=,1OsDcWdQHdqrCO+Dj+BNadx9sBo=
-5,-10,jGN8HzWl2+QE5ETtJUYfxAytJdI=,I52ctb/+Rfqv3Q9NJptbPET7ANU=
-7,-3,jGN8HzWl2+QE5ETtJUYfxAytJdI=,1OsDcWdQHdqrCO+Dj+BNadx9sBo=
-10,-6,jGN8HzWl2+QE5ETtJUYfxAytJdI=,Xpq0FJ/+kAq+HNRxMgt7yZ1u/to=
-6,-10,jGN8HzWl2+QE5ETtJUYfxAytJdI=,I52ctb/+Rfqv3Q9NJptbPET7ANU=
-10,-4,jGN8HzWl2+QE5ETtJUYfxAytJdI=,Ho0I9hOiuQecZ6NA0q2LkKuhTy8=
-6,-8,jGN8HzWl2+QE5ETtJUYfxAytJdI=,DJ16rfPUikzvdJN1kcj/cUdONxE=
-3,-8,jGN8HzWl2+QE5ETtJUYfxAytJdI=,PrPYlm2Pjg/t8TC2KyQoW6/I6/c=
-7,-5,jGN8HzWl2+QE5ETtJUYfxAytJdI=,DJ16rfPUikzvdJN1kcj/cUdONxE=
-5,-8,jGN8HzWl2+QE5ETtJUYfxAytJdI=,DJ16rfPUikzvdJN1kcj/cUdONxE=
-7,-6,jGN8HzWl2+QE5ETtJUYfxAytJdI=,DJ16rfPUikzvdJN1kcj/cUdONxE=
-4,-10,jGN8HzWl2+QE5ETtJUYfxAytJdI=,OQuEseXeSzhvFdNqAf1/G1bkIpw=
-9,-2,jGN8HzWl2+QE5ETtJUYfxAytJdI=,Ho0I9hOiuQecZ6NA0q2LkKuhTy8=
-10,-2,jGN8HzWl2+QE5ETtJUYfxAytJdI=,Ho0I9hOiuQecZ6NA0q2LkKuhTy8=
-9,-1,jGN8HzWl2+QE5ETtJUYfxAytJdI=,Ho0I9hOiuQecZ6NA0q2LkKuhTy8=
-8,-1,jGN8HzWl2+QE5ETtJUYfxAytJdI=,1OsDcWdQHdqrCO+Dj+BNadx9sBo=
-7,-2,jGN8HzWl2+QE5ETtJUYfxAytJdI=,1OsDcWdQHdqrCO+Dj+BNadx9sBo=
-8,-2,d65kgezTReD9zOnIcT7UemxgpJQ=,1OsDcWdQHdqrCO+Dj+BNadx9sBo=
-10,-1,d65kgezTReD9zOnIcT7UemxgpJQ=,Ho0I9hOiuQecZ6NA0q2LkKuhTy8=
-7,-1,d65kgezTReD9zOnIcT7UemxgpJQ=,1OsDcWdQHdqrCO+Dj+BNadx9sBo=
-5,-5,d65kgezTReD9zOnIcT7UemxgpJQ=,DJ16rfPUikzvdJN1kcj/cUdONxE=
-3,-3,d65kgezTReD9zOnIcT7UemxgpJQ=,dT/zxYikanIcU+/b9fBJyTK+5WA=
-4,-5,d65kgezTReD9zOnIcT7UemxgpJQ=,PrPYlm2Pjg/t8TC2KyQoW6/I6/c=
-2,-4,d65kgezTReD9zOnIcT7UemxgpJQ=,dT/zxYikanIcU+/b9fBJyTK+5WA=
-4,-3,d65kgezTReD9zOnIcT7UemxgpJQ=,dT/zxYikanIcU+/b9fBJyTK+5WA=
-5,-3,d65kgezTReD9zOnIcT7UemxgpJQ=,1OsDcWdQHdqrCO+Dj+BNadx9sBo=
-3,-5,d65kgezTReD9zOnIcT7UemxgpJQ=,PrPYlm2Pjg/t8TC2KyQoW6/I6/c=
-4,-2,d65kgezTReD9zOnIcT7UemxgpJQ=,dT/zxYikanIcU+/b9fBJyTK+5WA=
-4,-6,d65kgezTReD9zOnIcT7UemxgpJQ=,PrPYlm2Pjg/t8TC2KyQoW6/I6/c=
-1,-3,d65kgezTReD9zOnIcT7UemxgpJQ=,dT/zxYikanIcU+/b9fBJyTK+5WA=
-2,-5,d65kgezTReD9zOnIcT7UemxgpJQ=,PrPYlm2Pjg/t8TC2KyQoW6/I6/c=
-5,-2,d65kgezTReD9zOnIcT7UemxgpJQ=,1OsDcWdQHdqrCO+Dj+BNadx9sBo=
-6,-6,d65kgezTReD9zOnIcT7UemxgpJQ=,DJ16rfPUikzvdJN1kcj/cUdONxE=
-6,-2,d65kgezTReD9zOnIcT7UemxgpJQ=,1OsDcWdQHdqrCO+Dj+BNadx9sBo=
-5,-1,d65kgezTReD9zOnIcT7UemxgpJQ=,1OsDcWdQHdqrCO+Dj+BNadx9sBo=
-1,-4,d65kgezTReD9zOnIcT7UemxgpJQ=,dT/zxYikanIcU+/b9fBJyTK+5WA=
-2,-3,d65kgezTReD9zOnIcT7UemxgpJQ=,dT/zxYikanIcU+/b9fBJyTK+5WA=
-4,-1,d65kgezTReD9zOnIcT7UemxgpJQ=,dT/zxYikanIcU+/b9fBJyTK+5WA=
-6,-5,d65kgezTReD9zOnIcT7UemxgpJQ=,DJ16rfPUikzvdJN1kcj/cUdONxE=
-6,-1,d65kgezTReD9zOnIcT7UemxgpJQ=,1OsDcWdQHdqrCO+Dj+BNadx9sBo=
-5,-4,d65kgezTReD9zOnIcT7UemxgpJQ=,1OsDcWdQHdqrCO+Dj+BNadx9sBo=
-2,-6,d65kgezTReD9zOnIcT7UemxgpJQ=,PrPYlm2Pjg/t8TC2KyQoW6/I6/c=
-3,-1,d65kgezTReD9zOnIcT7UemxgpJQ=,dT/zxYikanIcU+/b9fBJyTK+5WA=
-3,-6,d65kgezTReD9zOnIcT7UemxgpJQ=,PrPYlm2Pjg/t8TC2KyQoW6/I6/c=
-3,-2,d65kgezTReD9zOnIcT7UemxgpJQ=,dT/zxYikanIcU+/b9fBJyTK+5WA=
-6,-4,d65kgezTReD9zOnIcT7UemxgpJQ=,1OsDcWdQHdqrCO+Dj+BNadx9sBo=
-5,-6,d65kgezTReD9zOnIcT7UemxgpJQ=,DJ16rfPUikzvdJN1kcj/cUdONxE=
-6,-3,d65kgezTReD9zOnIcT7UemxgpJQ=,1OsDcWdQHdqrCO+Dj+BNadx9sBo=
-4,-4,d65kgezTReD9zOnIcT7UemxgpJQ=,dT/zxYikanIcU+/b9fBJyTK+5WA=
-1,-6,d65kgezTReD9zOnIcT7UemxgpJQ=,PrPYlm2Pjg/t8TC2KyQoW6/I6/c=
-3,-4,d65kgezTReD9zOnIcT7UemxgpJQ=,dT/zxYikanIcU+/b9fBJyTK+5WA=
-1,-5,d65kgezTReD9zOnIcT7UemxgpJQ=,PrPYlm2Pjg/t8TC2KyQoW6/I6/c=
-12,-2,d65kgezTReD9zOnIcT7UemxgpJQ=,Ho0I9hOiuQecZ6NA0q2LkKuhTy8=
-11,-2,d65kgezTReD9zOnIcT7UemxgpJQ=,Ho0I9hOiuQecZ6NA0q2LkKuhTy8=
-12,-1,d65kgezTReD9zOnIcT7UemxgpJQ=,Ho0I9hOiuQecZ6NA0q2LkKuhTy8=
-13,-2,d65kgezTReD9zOnIcT7UemxgpJQ=,w9Ya7YewInEy693dR3fENFTbN00=
-14,-1,d65kgezTReD9zOnIcT7UemxgpJQ=,w9Ya7YewInEy693dR3fENFTbN00=
-13,-1,d65kgezTReD9zOnIcT7UemxgpJQ=,w9Ya7YewInEy693dR3fENFTbN00=
-11,-1,d65kgezTReD9zOnIcT7UemxgpJQ=,Ho0I9hOiuQecZ6NA0q2LkKuhTy8=
-14,-2,d65kgezTReD9zOnIcT7UemxgpJQ=,w9Ya7YewInEy693dR3fENFTbN00=
-16,-4,d65kgezTReD9zOnIcT7UemxgpJQ=,w9Ya7YewInEy693dR3fENFTbN00=
-16,-5,d65kgezTReD9zOnIcT7UemxgpJQ=,w9Ya7YewInEy693dR3fENFTbN00=
-15,-6,d65kgezTReD9zOnIcT7UemxgpJQ=,w9Ya7YewInEy693dR3fENFTbN00=
-15,-5,d65kgezTReD9zOnIcT7UemxgpJQ=,w9Ya7YewInEy693dR3fENFTbN00=
-15,-4,1bIrLV5vMJzE9gEi9WxdKKLUaaE=,w9Ya7YewInEy693dR3fENFTbN00=
-16,-3,1bIrLV5vMJzE9gEi9WxdKKLUaaE=,w9Ya7YewInEy693dR3fENFTbN00=
-16,-6,1bIrLV5vMJzE9gEi9WxdKKLUaaE=,w9Ya7YewInEy693dR3fENFTbN00=
-15,-3,1bIrLV5vMJzE9gEi9WxdKKLUaaE=,w9Ya7YewInEy693dR3fENFTbN00=
-16,-9,1bIrLV5vMJzE9gEi9WxdKKLUaaE=,9bZHZVfL4t3QzuaqpS3VabSXSHM=
-16,-8,1bIrLV5vMJzE9gEi9WxdKKLUaaE=,w9Ya7YewInEy693dR3fENFTbN00=
-15,-9,1bIrLV5vMJzE9gEi9WxdKKLUaaE=,9bZHZVfL4t3QzuaqpS3VabSXSHM=
-16,-7,1bIrLV5vMJzE9gEi9WxdKKLUaaE=,w9Ya7YewInEy693dR3fENFTbN00=
-15,-10,1bIrLV5vMJzE9gEi9WxdKKLUaaE=,9bZHZVfL4t3QzuaqpS3VabSXSHM=
-15,-8,1bIrLV5vMJzE9gEi9WxdKKLUaaE=,w9Ya7YewInEy693dR3fENFTbN00=
-16,-10,1bIrLV5vMJzE9gEi9WxdKKLUaaE=,9bZHZVfL4t3QzuaqpS3VabSXSHM=
-15,-7,1bIrLV5vMJzE9gEi9WxdKKLUaaE=,w9Ya7YewInEy693dR3fENFTbN00=
-16,-14,1bIrLV5vMJzE9gEi9WxdKKLUaaE=,UpqPvIeAZa5Fdq1zBNnmwTKNjgk=
-15,-12,1bIrLV5vMJzE9gEi9WxdKKLUaaE=,9bZHZVfL4t3QzuaqpS3VabSXSHM=
-16,-12,1bIrLV5vMJzE9gEi9WxdKKLUaaE=,9bZHZVfL4t3QzuaqpS3VabSXSHM=
-15,-13,1bIrLV5vMJzE9gEi9WxdKKLUaaE=,UpqPvIeAZa5Fdq1zBNnmwTKNjgk=
-16,-13,1bIrLV5vMJzE9gEi9WxdKKLUaaE=,UpqPvIeAZa5Fdq1zBNnmwTKNjgk=
-15,-14,1bIrLV5vMJzE9gEi9WxdKKLUaaE=,UpqPvIeAZa5Fdq1zBNnmwTKNjgk=
-16,-11,1bIrLV5vMJzE9gEi9WxdKKLUaaE=,9bZHZVfL4t3QzuaqpS3VabSXSHM=
-15,-11,1bIrLV5vMJzE9gEi9WxdKKLUaaE=,9bZHZVfL4t3QzuaqpS3VabSXSHM=
-14,-16,1bIrLV5vMJzE9gEi9WxdKKLUaaE=,UpqPvIeAZa5Fdq1zBNnmwTKNjgk=
-12,-15,1bIrLV5vMJzE9gEi9WxdKKLUaaE=,+yghwqTzhSmVt954dbv+hhvrmyQ=
-14,-15,1bIrLV5vMJzE9gEi9WxdKKLUaaE=,UpqPvIeAZa5Fdq1zBNnmwTKNjgk=
-12,-16,1bIrLV5vMJzE9gEi9WxdKKLUaaE=,+yghwqTzhSmVt954dbv+hhvrmyQ=
-11,-16,1bIrLV5vMJzE9gEi9WxdKKLUaaE=,+yghwqTzhSmVt954dbv+hhvrmyQ=
-11,-15,1bIrLV5vMJzE9gEi9WxdKKLUaaE=,+yghwqTzhSmVt954dbv+hhvrmyQ=
-13,-15,1bIrLV5vMJzE9gEi9WxdKKLUaaE=,UpqPvIeAZa5Fdq1zBNnmwTKNjgk=
-13,-16,1bIrLV5vMJzE9gEi9WxdKKLUaaE=,UpqPvIeAZa5Fdq1zBNnmwTKNjgk=
-7,-15,1bIrLV5vMJzE9gEi9WxdKKLUaaE=,1OsDcWdQHdqrCO+Dj+BNadx9sBo=
-9,-15,1bIrLV5vMJzE9gEi9WxdKKLUaaE=,+yghwqTzhSmVt954dbv+hhvrmyQ=
-8,-15,1bIrLV5vMJzE9gEi9WxdKKLUaaE=,1OsDcWdQHdqrCO+Dj+BNadx9sBo=
-8,-16,1bIrLV5vMJzE9gEi9WxdKKLUaaE=,1OsDcWdQHdqrCO+Dj+BNadx9sBo=
-9,-16,1bIrLV5vMJzE9gEi9WxdKKLUaaE=,+yghwqTzhSmVt954dbv+hhvrmyQ=
-7,-16,1bIrLV5vMJzE9gEi9WxdKKLUaaE=,1OsDcWdQHdqrCO+Dj+BNadx9sBo=
-10,-16,1bIrLV5vMJzE9gEi9WxdKKLUaaE=,+yghwqTzhSmVt954dbv+hhvrmyQ=
-10,-15,1bIrLV5vMJzE9gEi9WxdKKLUaaE=,+yghwqTzhSmVt954dbv+hhvrmyQ=
-16,-1,gbgWFd7Kq/yHJPkRcstg0QGHC0I=,w9Ya7YewInEy693dR3fENFTbN00=
-2,-9,gbgWFd7Kq/yHJPkRcstg0QGHC0I=,OQuEseXeSzhvFdNqAf1/G1bkIpw=
-2,-10,gbgWFd7Kq/yHJPkRcstg0QGHC0I=,OQuEseXeSzhvFdNqAf1/G1bkIpw=
-1,-8,gbgWFd7Kq/yHJPkRcstg0QGHC0I=,PrPYlm2Pjg/t8TC2KyQoW6/I6/c=
-2,-7,gbgWFd7Kq/yHJPkRcstg0QGHC0I=,PrPYlm2Pjg/t8TC2KyQoW6/I6/c=
-1,-9,gbgWFd7Kq/yHJPkRcstg0QGHC0I=,OQuEseXeSzhvFdNqAf1/G1bkIpw=
-1,-2,gbgWFd7Kq/yHJPkRcstg0QGHC0I=,dT/zxYikanIcU+/b9fBJyTK+5WA=
-1,-1,gbgWFd7Kq/yHJPkRcstg0QGHC0I=,dT/zxYikanIcU+/b9fBJyTK+5WA=
-16,-2,gbgWFd7Kq/yHJPkRcstg0QGHC0I=,w9Ya7YewInEy693dR3fENFTbN00=
-2,-8,gbgWFd7Kq/yHJPkRcstg0QGHC0I=,PrPYlm2Pjg/t8TC2KyQoW6/I6/c=
-2,-1,gbgWFd7Kq/yHJPkRcstg0QGHC0I=,dT/zxYikanIcU+/b9fBJyTK+5WA=
-1,-7,gbgWFd7Kq/yHJPkRcstg0QGHC0I=,PrPYlm2Pjg/t8TC2KyQoW6/I6/c=
-15,-2,gbgWFd7Kq/yHJPkRcstg0QGHC0I=,w9Ya7YewInEy693dR3fENFTbN00=
-2,-2,gbgWFd7Kq/yHJPkRcstg0QGHC0I=,dT/zxYikanIcU+/b9fBJyTK+5WA=
-15,-1,gbgWFd7Kq/yHJPkRcstg0QGHC0I=,w9Ya7YewInEy693dR3fENFTbN00=
-1,-10,gbgWFd7Kq/yHJPkRcstg0QGHC0I=,OQuEseXeSzhvFdNqAf1/G1bkIpw=
-16,-15,gbgWFd7Kq/yHJPkRcstg0QGHC0I=,UpqPvIeAZa5Fdq1zBNnmwTKNjgk=
-15,-15,gbgWFd7Kq/yHJPkRcstg0QGHC0I=,UpqPvIeAZa5Fdq1zBNnmwTKNjgk=
-16,-16,gbgWFd7Kq/yHJPkRcstg0QGHC0I=,UpqPvIeAZa5Fdq1zBNnmwTKNjgk=
-15,-16,gbgWFd7Kq/yHJPkRcstg0QGHC0I=,UpqPvIeAZa5Fdq1zBNnmwTKNjgk=
-2,-13,6ZpCb4CyQEqgHgt/+gVP7Kf+De4=,Ho0I9hOiuQecZ6NA0q2LkKuhTy8=
-3,-13,6ZpCb4CyQEqgHgt/+gVP7Kf+De4=,Ho0I9hOiuQecZ6NA0q2LkKuhTy8=
-6,-13,6ZpCb4CyQEqgHgt/+gVP7Kf+De4=,1OsDcWdQHdqrCO+Dj+BNadx9sBo=
-4,-12,6ZpCb4CyQEqgHgt/+gVP7Kf+De4=,OQuEseXeSzhvFdNqAf1/G1bkIpw=
-5,-15,6ZpCb4CyQEqgHgt/+gVP7Kf+De4=,1OsDcWdQHdqrCO+Dj+BNadx9sBo=
-1,-15,6ZpCb4CyQEqgHgt/+gVP7Kf+De4=,Ho0I9hOiuQecZ6NA0q2LkKuhTy8=
-2,-15,6ZpCb4CyQEqgHgt/+gVP7Kf+De4=,Ho0I9hOiuQecZ6NA0q2LkKuhTy8=
-5,-13,6ZpCb4CyQEqgHgt/+gVP7Kf+De4=,1OsDcWdQHdqrCO+Dj+BNadx9sBo=
-5,-14,6ZpCb4CyQEqgHgt/+gVP7Kf+De4=,1OsDcWdQHdqrCO+Dj+BNadx9sBo=
-1,-11,6ZpCb4CyQEqgHgt/+gVP7Kf+De4=,OQuEseXeSzhvFdNqAf1/G1bkIpw=
-6,-14,6ZpCb4CyQEqgHgt/+gVP7Kf+De4=,1OsDcWdQHdqrCO+Dj+BNadx9sBo=
-2,-16,6ZpCb4CyQEqgHgt/+gVP7Kf+De4=,Ho0I9hOiuQecZ6NA0q2LkKuhTy8=
-1,-13,6ZpCb4CyQEqgHgt/+gVP7Kf+De4=,Ho0I9hOiuQecZ6NA0q2LkKuhTy8=
-3,-15,6ZpCb4CyQEqgHgt/+gVP7Kf+De4=,Ho0I9hOiuQecZ6NA0q2LkKuhTy8=
-6,-15,6ZpCb4CyQEqgHgt/+gVP7Kf+De4=,1OsDcWdQHdqrCO+Dj+BNadx9sBo=
-5,-16,6ZpCb4CyQEqgHgt/+gVP7Kf+De4=,1OsDcWdQHdqrCO+Dj+BNadx9sBo=
-1,-12,6ZpCb4CyQEqgHgt/+gVP7Kf+De4=,OQuEseXeSzhvFdNqAf1/G1bkIpw=
-1,-14,6ZpCb4CyQEqgHgt/+gVP7Kf+De4=,Ho0I9hOiuQecZ6NA0q2LkKuhTy8=
-1,-16,6ZpCb4CyQEqgHgt/+gVP7Kf+De4=,Ho0I9hOiuQecZ6NA0q2LkKuhTy8=
-4,-16,6ZpCb4CyQEqgHgt/+gVP7Kf+De4=,Ho0I9hOiuQecZ6NA0q2LkKuhTy8=
-4,-11,6ZpCb4CyQEqgHgt/+gVP7Kf+De4=,OQuEseXeSzhvFdNqAf1/G1bkIpw=
-6,-12,6ZpCb4CyQEqgHgt/+gVP7Kf+De4=,I52ctb/+Rfqv3Q9NJptbPET7ANU=
-3,-14,6ZpCb4CyQEqgHgt/+gVP7Kf+De4=,Ho0I9hOiuQecZ6NA0q2LkKuhTy8=
-2,-12,6ZpCb4CyQEqgHgt/+gVP7Kf+De4=,OQuEseXeSzhvFdNqAf1/G1bkIpw=
-3,-12,6ZpCb4CyQEqgHgt/+gVP7Kf+De4=,OQuEseXeSzhvFdNqAf1/G1bkIpw=
-3,-16,6ZpCb4CyQEqgHgt/+gVP7Kf+De4=,Ho0I9hOiuQecZ6NA0q2LkKuhTy8=
-2,-14,6ZpCb4CyQEqgHgt/+gVP7Kf+De4=,Ho0I9hOiuQecZ6NA0q2LkKuhTy8=
-6,-16,6ZpCb4CyQEqgHgt/+gVP7Kf+De4=,1OsDcWdQHdqrCO+Dj+BNadx9sBo=
-5,-12,6ZpCb4CyQEqgHgt/+gVP7Kf+De4=,I52ctb/+Rfqv3Q9NJptbPET7ANU=
-2,-11,6ZpCb4CyQEqgHgt/+gVP7Kf+De4=,OQuEseXeSzhvFdNqAf1/G1bkIpw=
-5,-11,6ZpCb4CyQEqgHgt/+gVP7Kf+De4=,I52ctb/+Rfqv3Q9NJptbPET7ANU=
-4,-15,6ZpCb4CyQEqgHgt/+gVP7Kf+De4=,Ho0I9hOiuQecZ6NA0q2LkKuhTy8=
-4,-14,6ZpCb4CyQEqgHgt/+gVP7Kf+De4=,Ho0I9hOiuQecZ6NA0q2LkKuhTy8=
-3,-11,6ZpCb4CyQEqgHgt/+gVP7Kf+De4=,OQuEseXeSzhvFdNqAf1/G1bkIpw=
-4,-13,6ZpCb4CyQEqgHgt/+gVP7Kf+De4=,Ho0I9hOiuQecZ6NA0q2LkKuhTy8=
-6,-11,6ZpCb4CyQEqgHgt/+gVP7Kf+De4=,I52ctb/+Rfqv3Q9NJptbPET7ANU=
-6,-25,EjZ2ODmRkZLQTcKAI0CXsP5koeM=,/7Lp0+rmY3ZsOrLl5CCpLaSBFsw=
-6,-23,EjZ2ODmRkZLQTcKAI0CXsP5koeM=,swAAu3125Z417z3Uqs4jjG832zo=
-4,-26,EjZ2ODmRkZLQTcKAI0CXsP5koeM=,C4ljniGPU6Gto1BIkEeNGqQnyko=
-6,-24,EjZ2ODmRkZLQTcKAI0CXsP5koeM=,swAAu3125Z417z3Uqs4jjG832zo=
-5,-26,EjZ2ODmRkZLQTcKAI0CXsP5koeM=,/7Lp0+rmY3ZsOrLl5CCpLaSBFsw=
-5,-23,EjZ2ODmRkZLQTcKAI0CXsP5koeM=,swAAu3125Z417z3Uqs4jjG832zo=
-3,-26,EjZ2ODmRkZLQTcKAI0CXsP5koeM=,C4ljniGPU6Gto1BIkEeNGqQnyko=
-5,-25,EjZ2ODmRkZLQTcKAI0CXsP5koeM=,/7Lp0+rmY3ZsOrLl5CCpLaSBFsw=
-3,-24,EjZ2ODmRkZLQTcKAI0CXsP5koeM=,rdgh6skVyjQwjLTFNh51Jd0qJy0=
-3,-23,EjZ2ODmRkZLQTcKAI0CXsP5koeM=,rdgh6skVyjQwjLTFNh51Jd0qJy0=
-3,-25,EjZ2ODmRkZLQTcKAI0CXsP5koeM=,C4ljniGPU6Gto1BIkEeNGqQnyko=
-5,-24,EjZ2ODmRkZLQTcKAI0CXsP5koeM=,swAAu3125Z417z3Uqs4jjG832zo=
-4,-23,EjZ2ODmRkZLQTcKAI0CXsP5koeM=,rdgh6skVyjQwjLTFNh51Jd0qJy0=
-4,-25,EjZ2ODmRkZLQTcKAI0CXsP5koeM=,C4ljniGPU6Gto1BIkEeNGqQnyko=
-6,-26,EjZ2ODmRkZLQTcKAI0CXsP5koeM=,/7Lp0+rmY3ZsOrLl5CCpLaSBFsw=
-4,-24,EjZ2ODmRkZLQTcKAI0CXsP5koeM=,rdgh6skVyjQwjLTFNh51Jd0qJy0=
-9,-23,MAm3edN5kl/1tSLo/ZSCjvo5ExQ=,/tPb4Xzn50cjBIjIgyWSldGIDL0=
-9,-26,MAm3edN5kl/1tSLo/ZSCjvo5ExQ=,W9HuT/kqxgKsqu580nbo6ky7s8c=
-9,-24,MAm3edN5kl/1tSLo/ZSCjvo5ExQ=,/tPb4Xzn50cjBIjIgyWSldGIDL0=
-10,-26,MAm3edN5kl/1tSLo/ZSCjvo5ExQ=,W9HuT/kqxgKsqu580nbo6ky7s8c=
-10,-24,MAm3edN5kl/1tSLo/ZSCjvo5ExQ=,/tPb4Xzn50cjBIjIgyWSldGIDL0=
-7,-25,MAm3edN5kl/1tSLo/ZSCjvo5ExQ=,/7Lp0+rmY3ZsOrLl5CCpLaSBFsw=
-10,-25,MAm3edN5kl/1tSLo/ZSCjvo5ExQ=,W9HuT/kqxgKsqu580nbo6ky7s8c=
-9,-25,MAm3edN5kl/1tSLo/ZSCjvo5ExQ=,W9HuT/kqxgKsqu580nbo6ky7s8c=
-7,-24,MAm3edN5kl/1tSLo/ZSCjvo5ExQ=,swAAu3125Z417z3Uqs4jjG832zo=
-7,-23,MAm3edN5kl/1tSLo/ZSCjvo5ExQ=,swAAu3125Z417z3Uqs4jjG832zo=
-10,-23,MAm3edN5kl/1tSLo/ZSCjvo5ExQ=,/tPb4Xzn50cjBIjIgyWSldGIDL0=
-7,-26,MAm3edN5kl/1tSLo/ZSCjvo5ExQ=,/7Lp0+rmY3ZsOrLl5CCpLaSBFsw=
-8,-25,MAm3edN5kl/1tSLo/ZSCjvo5ExQ=,/7Lp0+rmY3ZsOrLl5CCpLaSBFsw=
-8,-23,MAm3edN5kl/1tSLo/ZSCjvo5ExQ=,swAAu3125Z417z3Uqs4jjG832zo=
-8,-24,MAm3edN5kl/1tSLo/ZSCjvo5ExQ=,swAAu3125Z417z3Uqs4jjG832zo=
-8,-26,MAm3edN5kl/1tSLo/ZSCjvo5ExQ=,/7Lp0+rmY3ZsOrLl5CCpLaSBFsw=
-7,-19,JwKSBjz7beKiGSPY5zUNNpAKxQo=,o4bWYesV05MQVpWU+TxHBzHXo40=
-7,-21,JwKSBjz7beKiGSPY5zUNNpAKxQo=,swAAu3125Z417z3Uqs4jjG832zo=
-10,-20,JwKSBjz7beKiGSPY5zUNNpAKxQo=,I52ctb/+Rfqv3Q9NJptbPET7ANU=
-10,-22,JwKSBjz7beKiGSPY5zUNNpAKxQo=,/tPb4Xzn50cjBIjIgyWSldGIDL0=
-8,-19,JwKSBjz7beKiGSPY5zUNNpAKxQo=,o4bWYesV05MQVpWU+TxHBzHXo40=
-9,-22,JwKSBjz7beKiGSPY5zUNNpAKxQo=,/tPb4Xzn50cjBIjIgyWSldGIDL0=
-9,-19,JwKSBjz7beKiGSPY5zUNNpAKxQo=,I52ctb/+Rfqv3Q9NJptbPET7ANU=
-8,-21,JwKSBjz7beKiGSPY5zUNNpAKxQo=,swAAu3125Z417z3Uqs4jjG832zo=
-10,-21,JwKSBjz7beKiGSPY5zUNNpAKxQo=,/tPb4Xzn50cjBIjIgyWSldGIDL0=
-9,-20,JwKSBjz7beKiGSPY5zUNNpAKxQo=,I52ctb/+Rfqv3Q9NJptbPET7ANU=
-9,-21,JwKSBjz7beKiGSPY5zUNNpAKxQo=,/tPb4Xzn50cjBIjIgyWSldGIDL0=
-10,-19,JwKSBjz7beKiGSPY5zUNNpAKxQo=,I52ctb/+Rfqv3Q9NJptbPET7ANU=
-8,-20,JwKSBjz7beKiGSPY5zUNNpAKxQo=,o4bWYesV05MQVpWU+TxHBzHXo40=
-8,-22,JwKSBjz7beKiGSPY5zUNNpAKxQo=,swAAu3125Z417z3Uqs4jjG832zo=
-7,-22,JwKSBjz7beKiGSPY5zUNNpAKxQo=,swAAu3125Z417z3Uqs4jjG832zo=
-7,-20,JwKSBjz7beKiGSPY5zUNNpAKxQo=,o4bWYesV05MQVpWU+TxHBzHXo40=
-8,-30,59Kc1un9xyoFCBdFADRvzuqcQpo=,/7Lp0+rmY3ZsOrLl5CCpLaSBFsw=
-7,-30,59Kc1un9xyoFCBdFADRvzuqcQpo=,/7Lp0+rmY3ZsOrLl5CCpLaSBFsw=
-9,-29,59Kc1un9xyoFCBdFADRvzuqcQpo=,W9HuT/kqxgKsqu580nbo6ky7s8c=
-8,-28,59Kc1un9xyoFCBdFADRvzuqcQpo=,/7Lp0+rmY3ZsOrLl5CCpLaSBFsw=
-7,-29,59Kc1un9xyoFCBdFADRvzuqcQpo=,/7Lp0+rmY3ZsOrLl5CCpLaSBFsw=
-9,-27,59Kc1un9xyoFCBdFADRvzuqcQpo=,W9HuT/kqxgKsqu580nbo6ky7s8c=
-9,-28,59Kc1un9xyoFCBdFADRvzuqcQpo=,W9HuT/kqxgKsqu580nbo6ky7s8c=
-8,-27,59Kc1un9xyoFCBdFADRvzuqcQpo=,/7Lp0+rmY3ZsOrLl5CCpLaSBFsw=
-8,-29,59Kc1un9xyoFCBdFADRvzuqcQpo=,/7Lp0+rmY3ZsOrLl5CCpLaSBFsw=
-7,-28,59Kc1un9xyoFCBdFADRvzuqcQpo=,/7Lp0+rmY3ZsOrLl5CCpLaSBFsw=
-10,-27,59Kc1un9xyoFCBdFADRvzuqcQpo=,W9HuT/kqxgKsqu580nbo6ky7s8c=
-7,-27,59Kc1un9xyoFCBdFADRvzuqcQpo=,/7Lp0+rmY3ZsOrLl5CCpLaSBFsw=
-10,-28,59Kc1un9xyoFCBdFADRvzuqcQpo=,W9HuT/kqxgKsqu580nbo6ky7s8c=
-9,-30,59Kc1un9xyoFCBdFADRvzuqcQpo=,W9HuT/kqxgKsqu580nbo6ky7s8c=
-10,-29,59Kc1un9xyoFCBdFADRvzuqcQpo=,W9HuT/kqxgKsqu580nbo6ky7s8c=
-10,-30,59Kc1un9xyoFCBdFADRvzuqcQpo=,W9HuT/kqxgKsqu580nbo6ky7s8c=
-4,-21,i/TnQhlSHyE7ApjwrHcCQNzuscY=,rdgh6skVyjQwjLTFNh51Jd0qJy0=
-5,-19,i/TnQhlSHyE7ApjwrHcCQNzuscY=,o4bWYesV05MQVpWU+TxHBzHXo40=
-4,-22,i/TnQhlSHyE7ApjwrHcCQNzuscY=,rdgh6skVyjQwjLTFNh51Jd0qJy0=
-4,-20,i/TnQhlSHyE7ApjwrHcCQNzuscY=,MWZYGEBMKjjaTEueVW84kpevHTQ=
-6,-19,i/TnQhlSHyE7ApjwrHcCQNzuscY=,o4bWYesV05MQVpWU+TxHBzHXo40=
-3,-21,i/TnQhlSHyE7ApjwrHcCQNzuscY=,rdgh6skVyjQwjLTFNh51Jd0qJy0=
-3,-22,i/TnQhlSHyE7ApjwrHcCQNzuscY=,rdgh6skVyjQwjLTFNh51Jd0qJy0=
-5,-21,i/TnQhlSHyE7ApjwrHcCQNzuscY=,swAAu3125Z417z3Uqs4jjG832zo=
-4,-19,i/TnQhlSHyE7ApjwrHcCQNzuscY=,MWZYGEBMKjjaTEueVW84kpevHTQ=
-5,-22,i/TnQhlSHyE7ApjwrHcCQNzuscY=,swAAu3125Z417z3Uqs4jjG832zo=
-6,-20,i/TnQhlSHyE7ApjwrHcCQNzuscY=,o4bWYesV05MQVpWU+TxHBzHXo40=
-5,-20,i/TnQhlSHyE7ApjwrHcCQNzuscY=,o4bWYesV05MQVpWU+TxHBzHXo40=
-6,-21,i/TnQhlSHyE7ApjwrHcCQNzuscY=,swAAu3125Z417z3Uqs4jjG832zo=
-6,-22,i/TnQhlSHyE7ApjwrHcCQNzuscY=,swAAu3125Z417z3Uqs4jjG832zo=
-3,-19,i/TnQhlSHyE7ApjwrHcCQNzuscY=,MWZYGEBMKjjaTEueVW84kpevHTQ=
-3,-20,i/TnQhlSHyE7ApjwrHcCQNzuscY=,MWZYGEBMKjjaTEueVW84kpevHTQ=
-11,-25,zxJG4K3RaHFnGVTeh+MpP2fjLJQ=,W9HuT/kqxgKsqu580nbo6ky7s8c=
-11,-24,zxJG4K3RaHFnGVTeh+MpP2fjLJQ=,/tPb4Xzn50cjBIjIgyWSldGIDL0=
-14,-25,zxJG4K3RaHFnGVTeh+MpP2fjLJQ=,beP9JyEKQNhQgatQHWT8Ezdkn74=
-11,-23,zxJG4K3RaHFnGVTeh+MpP2fjLJQ=,/tPb4Xzn50cjBIjIgyWSldGIDL0=
-12,-23,zxJG4K3RaHFnGVTeh+MpP2fjLJQ=,/tPb4Xzn50cjBIjIgyWSldGIDL0=
-12,-26,zxJG4K3RaHFnGVTeh+MpP2fjLJQ=,W9HuT/kqxgKsqu580nbo6ky7s8c=
-13,-23,zxJG4K3RaHFnGVTeh+MpP2fjLJQ=,beP9JyEKQNhQgatQHWT8Ezdkn74=
-14,-26,C544UgohHrxeGizh2rkp26z14uc=,beP9JyEKQNhQgatQHWT8Ezdkn74=
-13,-25,C544UgohHrxeGizh2rkp26z14uc=,beP9JyEKQNhQgatQHWT8Ezdkn74=
-11,-26,C544UgohHrxeGizh2rkp26z14uc=,W9HuT/kqxgKsqu580nbo6ky7s8c=
-14,-23,C544UgohHrxeGizh2rkp26z14uc=,beP9JyEKQNhQgatQHWT8Ezdkn74=
-12,-24,C544UgohHrxeGizh2rkp26z14uc=,/tPb4Xzn50cjBIjIgyWSldGIDL0=
-14,-24,C544UgohHrxeGizh2rkp26z14uc=,beP9JyEKQNhQgatQHWT8Ezdkn74=
-13,-24,C544UgohHrxeGizh2rkp26z14uc=,beP9JyEKQNhQgatQHWT8Ezdkn74=
-13,-26,C544UgohHrxeGizh2rkp26z14uc=,beP9JyEKQNhQgatQHWT8Ezdkn74=
-12,-25,C544UgohHrxeGizh2rkp26z14uc=,W9HuT/kqxgKsqu580nbo6ky7s8c=
-16,-25,C544UgohHrxeGizh2rkp26z14uc=,beP9JyEKQNhQgatQHWT8Ezdkn74=
-15,-23,C544UgohHrxeGizh2rkp26z14uc=,beP9JyEKQNhQgatQHWT8Ezdkn74=
-16,-26,C544UgohHrxeGizh2rkp26z14uc=,beP9JyEKQNhQgatQHWT8Ezdkn74=
-16,-23,C544UgohHrxeGizh2rkp26z14uc=,beP9JyEKQNhQgatQHWT8Ezdkn74=
-15,-24,C544UgohHrxeGizh2rkp26z14uc=,beP9JyEKQNhQgatQHWT8Ezdkn74=
-16,-24,C544UgohHrxeGizh2rkp26z14uc=,beP9JyEKQNhQgatQHWT8Ezdkn74=
-15,-25,C544UgohHrxeGizh2rkp26z14uc=,beP9JyEKQNhQgatQHWT8Ezdkn74=
-15,-26,C544UgohHrxeGizh2rkp26z14uc=,beP9JyEKQNhQgatQHWT8Ezdkn74=
-12,-28,kLH1BK3sBbJmMjYZmgDEf5xDSTI=,W9HuT/kqxgKsqu580nbo6ky7s8c=
-13,-29,kLH1BK3sBbJmMjYZmgDEf5xDSTI=,t1Ry/pdOqOV9+joSdYbd7+NSQJE=
-14,-30,kLH1BK3sBbJmMjYZmgDEf5xDSTI=,t1Ry/pdOqOV9+joSdYbd7+NSQJE=
-14,-29,kLH1BK3sBbJmMjYZmgDEf5xDSTI=,t1Ry/pdOqOV9+joSdYbd7+NSQJE=
-13,-28,kLH1BK3sBbJmMjYZmgDEf5xDSTI=,beP9JyEKQNhQgatQHWT8Ezdkn74=
-14,-28,kLH1BK3sBbJmMjYZmgDEf5xDSTI=,beP9JyEKQNhQgatQHWT8Ezdkn74=
-11,-27,kLH1BK3sBbJmMjYZmgDEf5xDSTI=,W9HuT/kqxgKsqu580nbo6ky7s8c=
-13,-30,kLH1BK3sBbJmMjYZmgDEf5xDSTI=,t1Ry/pdOqOV9+joSdYbd7+NSQJE=
-11,-28,kLH1BK3sBbJmMjYZmgDEf5xDSTI=,W9HuT/kqxgKsqu580nbo6ky7s8c=
-12,-29,kLH1BK3sBbJmMjYZmgDEf5xDSTI=,W9HuT/kqxgKsqu580nbo6ky7s8c=
-11,-29,kLH1BK3sBbJmMjYZmgDEf5xDSTI=,W9HuT/kqxgKsqu580nbo6ky7s8c=
-11,-30,kLH1BK3sBbJmMjYZmgDEf5xDSTI=,W9HuT/kqxgKsqu580nbo6ky7s8c=
-12,-30,kLH1BK3sBbJmMjYZmgDEf5xDSTI=,W9HuT/kqxgKsqu580nbo6ky7s8c=
-13,-27,kLH1BK3sBbJmMjYZmgDEf5xDSTI=,beP9JyEKQNhQgatQHWT8Ezdkn74=
-14,-27,kLH1BK3sBbJmMjYZmgDEf5xDSTI=,beP9JyEKQNhQgatQHWT8Ezdkn74=
-12,-27,kLH1BK3sBbJmMjYZmgDEf5xDSTI=,W9HuT/kqxgKsqu580nbo6ky7s8c=
-8,-18,kLH1BK3sBbJmMjYZmgDEf5xDSTI=,o4bWYesV05MQVpWU+TxHBzHXo40=
-10,-17,kLH1BK3sBbJmMjYZmgDEf5xDSTI=,I52ctb/+Rfqv3Q9NJptbPET7ANU=
-7,-18,kLH1BK3sBbJmMjYZmgDEf5xDSTI=,o4bWYesV05MQVpWU+TxHBzHXo40=
-10,-18,kLH1BK3sBbJmMjYZmgDEf5xDSTI=,I52ctb/+Rfqv3Q9NJptbPET7ANU=
-7,-17,kLH1BK3sBbJmMjYZmgDEf5xDSTI=,o4bWYesV05MQVpWU+TxHBzHXo40=
-8,-17,kLH1BK3sBbJmMjYZmgDEf5xDSTI=,o4bWYesV05MQVpWU+TxHBzHXo40=
-9,-17,kLH1BK3sBbJmMjYZmgDEf5xDSTI=,I52ctb/+Rfqv3Q9NJptbPET7ANU=
-9,-18,kLH1BK3sBbJmMjYZmgDEf5xDSTI=,I52ctb/+Rfqv3Q9NJptbPET7ANU=
-16,-29,kLH1BK3sBbJmMjYZmgDEf5xDSTI=,t1Ry/pdOqOV9+joSdYbd7+NSQJE=
-15,-29,kLH1BK3sBbJmMjYZmgDEf5xDSTI=,t1Ry/pdOqOV9+joSdYbd7+NSQJE=
-15,-28,kLH1BK3sBbJmMjYZmgDEf5xDSTI=,beP9JyEKQNhQgatQHWT8Ezdkn74=
-15,-30,kLH1BK3sBbJmMjYZmgDEf5xDSTI=,t1Ry/pdOqOV9+joSdYbd7+NSQJE=
-16,-30,kLH1BK3sBbJmMjYZmgDEf5xDSTI=,t1Ry/pdOqOV9+joSdYbd7+NSQJE=
-15,-27,kLH1BK3sBbJmMjYZmgDEf5xDSTI=,beP9JyEKQNhQgatQHWT8Ezdkn74=
-16,-27,kLH1BK3sBbJmMjYZmgDEf5xDSTI=,beP9JyEKQNhQgatQHWT8Ezdkn74=
-5,-18,kLH1BK3sBbJmMjYZmgDEf5xDSTI=,o4bWYesV05MQVpWU+TxHBzHXo40=
-16,-28,kLH1BK3sBbJmMjYZmgDEf5xDSTI=,beP9JyEKQNhQgatQHWT8Ezdkn74=
-6,-18,kLH1BK3sBbJmMjYZmgDEf5xDSTI=,o4bWYesV05MQVpWU+TxHBzHXo40=
-3,-18,kLH1BK3sBbJmMjYZmgDEf5xDSTI=,MWZYGEBMKjjaTEueVW84kpevHTQ=
-6,-17,kLH1BK3sBbJmMjYZmgDEf5xDSTI=,o4bWYesV05MQVpWU+TxHBzHXo40=
-3,-17,kLH1BK3sBbJmMjYZmgDEf5xDSTI=,MWZYGEBMKjjaTEueVW84kpevHTQ=
-4,-17,kLH1BK3sBbJmMjYZmgDEf5xDSTI=,MWZYGEBMKjjaTEueVW84kpevHTQ=
-4,-18,YnuK4AWNLJWIYHQ/HnltSzDToVs=,MWZYGEBMKjjaTEueVW84kpevHTQ=
-13,-21,YnuK4AWNLJWIYHQ/HnltSzDToVs=,beP9JyEKQNhQgatQHWT8Ezdkn74=
-14,-17,YnuK4AWNLJWIYHQ/HnltSzDToVs=,RosPNvmC8pijKNBEB7Kq7f6Neas=
-13,-17,YnuK4AWNLJWIYHQ/HnltSzDToVs=,RosPNvmC8pijKNBEB7Kq7f6Neas=
-14,-21,YnuK4AWNLJWIYHQ/HnltSzDToVs=,beP9JyEKQNhQgatQHWT8Ezdkn74=
-16,-21,YnuK4AWNLJWIYHQ/HnltSzDToVs=,beP9JyEKQNhQgatQHWT8Ezdkn74=
-13,-22,YnuK4AWNLJWIYHQ/HnltSzDToVs=,beP9JyEKQNhQgatQHWT8Ezdkn74=
-14,-22,YnuK4AWNLJWIYHQ/HnltSzDToVs=,beP9JyEKQNhQgatQHWT8Ezdkn74=
-13,-20,YnuK4AWNLJWIYHQ/HnltSzDToVs=,RosPNvmC8pijKNBEB7Kq7f6Neas=
-15,-21,YnuK4AWNLJWIYHQ/HnltSzDToVs=,beP9JyEKQNhQgatQHWT8Ezdkn74=
-16,-19,YnuK4AWNLJWIYHQ/HnltSzDToVs=,RosPNvmC8pijKNBEB7Kq7f6Neas=
-15,-22,YnuK4AWNLJWIYHQ/HnltSzDToVs=,beP9JyEKQNhQgatQHWT8Ezdkn74=
-13,-19,YnuK4AWNLJWIYHQ/HnltSzDToVs=,RosPNvmC8pijKNBEB7Kq7f6Neas=
-14,-19,YnuK4AWNLJWIYHQ/HnltSzDToVs=,RosPNvmC8pijKNBEB7Kq7f6Neas=
-12,-19,YnuK4AWNLJWIYHQ/HnltSzDToVs=,I52ctb/+Rfqv3Q9NJptbPET7ANU=
-15,-20,YnuK4AWNLJWIYHQ/HnltSzDToVs=,RosPNvmC8pijKNBEB7Kq7f6Neas=
-5,-17,YnuK4AWNLJWIYHQ/HnltSzDToVs=,o4bWYesV05MQVpWU+TxHBzHXo40=
-12,-18,YnuK4AWNLJWIYHQ/HnltSzDToVs=,I52ctb/+Rfqv3Q9NJptbPET7ANU=
-14,-20,YnuK4AWNLJWIYHQ/HnltSzDToVs=,RosPNvmC8pijKNBEB7Kq7f6Neas=
-13,-18,YnuK4AWNLJWIYHQ/HnltSzDToVs=,RosPNvmC8pijKNBEB7Kq7f6Neas=
-15,-19,YnuK4AWNLJWIYHQ/HnltSzDToVs=,RosPNvmC8pijKNBEB7Kq7f6Neas=
-12,-17,YnuK4AWNLJWIYHQ/HnltSzDToVs=,I52ctb/+Rfqv3Q9NJptbPET7ANU=
-11,-19,YnuK4AWNLJWIYHQ/HnltSzDToVs=,I52ctb/+Rfqv3Q9NJptbPET7ANU=
-11,-22,YnuK4AWNLJWIYHQ/HnltSzDToVs=,/tPb4Xzn50cjBIjIgyWSldGIDL0=
-11,-20,YnuK4AWNLJWIYHQ/HnltSzDToVs=,I52ctb/+Rfqv3Q9NJptbPET7ANU=
-12,-21,YnuK4AWNLJWIYHQ/HnltSzDToVs=,/tPb4Xzn50cjBIjIgyWSldGIDL0=
-12,-22,YnuK4AWNLJWIYHQ/HnltSzDToVs=,/tPb4Xzn50cjBIjIgyWSldGIDL0=
-14,-18,YnuK4AWNLJWIYHQ/HnltSzDToVs=,RosPNvmC8pijKNBEB7Kq7f6Neas=
-16,-20,YnuK4AWNLJWIYHQ/HnltSzDToVs=,RosPNvmC8pijKNBEB7Kq7f6Neas=
-11,-21,YnuK4AWNLJWIYHQ/HnltSzDToVs=,/tPb4Xzn50cjBIjIgyWSldGIDL0=
-11,-17,YnuK4AWNLJWIYHQ/HnltSzDToVs=,I52ctb/+Rfqv3Q9NJptbPET7ANU=
-11,-18,YnuK4AWNLJWIYHQ/HnltSzDToVs=,I52ctb/+Rfqv3Q9NJptbPET7ANU=
-16,-22,YnuK4AWNLJWIYHQ/HnltSzDToVs=,beP9JyEKQNhQgatQHWT8Ezdkn74=
-12,-20,YnuK4AWNLJWIYHQ/HnltSzDToVs=,I52ctb/+Rfqv3Q9NJptbPET7ANU=
-1,-26,YnuK4AWNLJWIYHQ/HnltSzDToVs=,C4ljniGPU6Gto1BIkEeNGqQnyko=
-2,-23,YnuK4AWNLJWIYHQ/HnltSzDToVs=,rdgh6skVyjQwjLTFNh51Jd0qJy0=
-1,-18,YnuK4AWNLJWIYHQ/HnltSzDToVs=,MWZYGEBMKjjaTEueVW84kpevHTQ=
-2,-25,YnuK4AWNLJWIYHQ/HnltSzDToVs=,C4ljniGPU6Gto1BIkEeNGqQnyko=
-1,-17,YnuK4AWNLJWIYHQ/HnltSzDToVs=,MWZYGEBMKjjaTEueVW84kpevHTQ=
-1,-21,YnuK4AWNLJWIYHQ/HnltSzDToVs=,rdgh6skVyjQwjLTFNh51Jd0qJy0=
-1,-20,YnuK4AWNLJWIYHQ/HnltSzDToVs=,MWZYGEBMKjjaTEueVW84kpevHTQ=
-1,-19,YnuK4AWNLJWIYHQ/HnltSzDToVs=,MWZYGEBMKjjaTEueVW84kpevHTQ=
-2,-20,YnuK4AWNLJWIYHQ/HnltSzDToVs=,MWZYGEBMKjjaTEueVW84kpevHTQ=
-2,-17,YnuK4AWNLJWIYHQ/HnltSzDToVs=,MWZYGEBMKjjaTEueVW84kpevHTQ=
-2,-18,YnuK4AWNLJWIYHQ/HnltSzDToVs=,MWZYGEBMKjjaTEueVW84kpevHTQ=
-2,-26,YnuK4AWNLJWIYHQ/HnltSzDToVs=,C4ljniGPU6Gto1BIkEeNGqQnyko=
-1,-22,YnuK4AWNLJWIYHQ/HnltSzDToVs=,rdgh6skVyjQwjLTFNh51Jd0qJy0=
-1,-25,YnuK4AWNLJWIYHQ/HnltSzDToVs=,C4ljniGPU6Gto1BIkEeNGqQnyko=
-2,-21,YnuK4AWNLJWIYHQ/HnltSzDToVs=,rdgh6skVyjQwjLTFNh51Jd0qJy0=
-2,-19,YnuK4AWNLJWIYHQ/HnltSzDToVs=,MWZYGEBMKjjaTEueVW84kpevHTQ=
-2,-22,YnuK4AWNLJWIYHQ/HnltSzDToVs=,rdgh6skVyjQwjLTFNh51Jd0qJy0=
-2,-24,YnuK4AWNLJWIYHQ/HnltSzDToVs=,rdgh6skVyjQwjLTFNh51Jd0qJy0=
-1,-24,YnuK4AWNLJWIYHQ/HnltSzDToVs=,rdgh6skVyjQwjLTFNh51Jd0qJy0=
-15,-17,YnuK4AWNLJWIYHQ/HnltSzDToVs=,RosPNvmC8pijKNBEB7Kq7f6Neas=
-15,-18,YnuK4AWNLJWIYHQ/HnltSzDToVs=,RosPNvmC8pijKNBEB7Kq7f6Neas=
-1,-23,YnuK4AWNLJWIYHQ/HnltSzDToVs=,rdgh6skVyjQwjLTFNh51Jd0qJy0=
-16,-17,YnuK4AWNLJWIYHQ/HnltSzDToVs=,RosPNvmC8pijKNBEB7Kq7f6Neas=
-16,-18,YnuK4AWNLJWIYHQ/HnltSzDToVs=,RosPNvmC8pijKNBEB7Kq7f6Neas=
-6,-28,Zf5Z38hlYjHUWxVZ80vAgisFTFA=,/7Lp0+rmY3ZsOrLl5CCpLaSBFsw=
-1,-30,Zf5Z38hlYjHUWxVZ80vAgisFTFA=,C4ljniGPU6Gto1BIkEeNGqQnyko=
-5,-28,Zf5Z38hlYjHUWxVZ80vAgisFTFA=,/7Lp0+rmY3ZsOrLl5CCpLaSBFsw=
-6,-29,Zf5Z38hlYjHUWxVZ80vAgisFTFA=,/7Lp0+rmY3ZsOrLl5CCpLaSBFsw=
-1,-29,Zf5Z38hlYjHUWxVZ80vAgisFTFA=,C4ljniGPU6Gto1BIkEeNGqQnyko=
-1,-28,Zf5Z38hlYjHUWxVZ80vAgisFTFA=,C4ljniGPU6Gto1BIkEeNGqQnyko=
-3,-28,Zf5Z38hlYjHUWxVZ80vAgisFTFA=,C4ljniGPU6Gto1BIkEeNGqQnyko=
-3,-30,Zf5Z38hlYjHUWxVZ80vAgisFTFA=,C4ljniGPU6Gto1BIkEeNGqQnyko=
-2,-30,Zf5Z38hlYjHUWxVZ80vAgisFTFA=,C4ljniGPU6Gto1BIkEeNGqQnyko=
-4,-28,Zf5Z38hlYjHUWxVZ80vAgisFTFA=,C4ljniGPU6Gto1BIkEeNGqQnyko=
-2,-27,Zf5Z38hlYjHUWxVZ80vAgisFTFA=,C4ljniGPU6Gto1BIkEeNGqQnyko=
-5,-30,Zf5Z38hlYjHUWxVZ80vAgisFTFA=,/7Lp0+rmY3ZsOrLl5CCpLaSBFsw=
-3,-29,Zf5Z38hlYjHUWxVZ80vAgisFTFA=,C4ljniGPU6Gto1BIkEeNGqQnyko=
-5,-29,Zf5Z38hlYjHUWxVZ80vAgisFTFA=,/7Lp0+rmY3ZsOrLl5CCpLaSBFsw=
-4,-29,Zf5Z38hlYjHUWxVZ80vAgisFTFA=,C4ljniGPU6Gto1BIkEeNGqQnyko=
-1,-27,Zf5Z38hlYjHUWxVZ80vAgisFTFA=,C4ljniGPU6Gto1BIkEeNGqQnyko=
-4,-30,Zf5Z38hlYjHUWxVZ80vAgisFTFA=,C4ljniGPU6Gto1BIkEeNGqQnyko=
-3,-27,Zf5Z38hlYjHUWxVZ80vAgisFTFA=,C4ljniGPU6Gto1BIkEeNGqQnyko=
-5,-27,Zf5Z38hlYjHUWxVZ80vAgisFTFA=,/7Lp0+rmY3ZsOrLl5CCpLaSBFsw=
-2,-29,Zf5Z38hlYjHUWxVZ80vAgisFTFA=,C4ljniGPU6Gto1BIkEeNGqQnyko=
-4,-27,Zf5Z38hlYjHUWxVZ80vAgisFTFA=,C4ljniGPU6Gto1BIkEeNGqQnyko=
-2,-28,Zf5Z38hlYjHUWxVZ80vAgisFTFA=,C4ljniGPU6Gto1BIkEeNGqQnyko=
-6,-27,Zf5Z38hlYjHUWxVZ80vAgisFTFA=,/7Lp0+rmY3ZsOrLl5CCpLaSBFsw=
-6,-30,Zf5Z38hlYjHUWxVZ80vAgisFTFA=,/7Lp0+rmY3ZsOrLl5CCpLaSBFsw=
-26,-27,hCMaWRvVymv4idgiu7ZFhPA+rVg=,kVpvM1t+qY0wQ0O0MVwM05rbE6M=
-25,-28,hCMaWRvVymv4idgiu7ZFhPA+rVg=,kVpvM1t+qY0wQ0O0MVwM05rbE6M=
-23,-28,hCMaWRvVymv4idgiu7ZFhPA+rVg=,I52ctb/+Rfqv3Q9NJptbPET7ANU=
-25,-30,hCMaWRvVymv4idgiu7ZFhPA+rVg=,kVpvM1t+qY0wQ0O0MVwM05rbE6M=
-25,-27,hCMaWRvVymv4idgiu7ZFhPA+rVg=,kVpvM1t+qY0wQ0O0MVwM05rbE6M=
-25,-29,hCMaWRvVymv4idgiu7ZFhPA+rVg=,kVpvM1t+qY0wQ0O0MVwM05rbE6M=
-26,-29,hCMaWRvVymv4idgiu7ZFhPA+rVg=,kVpvM1t+qY0wQ0O0MVwM05rbE6M=
-26,-28,hCMaWRvVymv4idgiu7ZFhPA+rVg=,kVpvM1t+qY0wQ0O0MVwM05rbE6M=
-26,-30,hCMaWRvVymv4idgiu7ZFhPA+rVg=,kVpvM1t+qY0wQ0O0MVwM05rbE6M=
-24,-29,hCMaWRvVymv4idgiu7ZFhPA+rVg=,niJhmEAjP6NCgcF38EGrofPtdh4=
-23,-27,hCMaWRvVymv4idgiu7ZFhPA+rVg=,I52ctb/+Rfqv3Q9NJptbPET7ANU=
-24,-28,hCMaWRvVymv4idgiu7ZFhPA+rVg=,I52ctb/+Rfqv3Q9NJptbPET7ANU=
-23,-30,hCMaWRvVymv4idgiu7ZFhPA+rVg=,niJhmEAjP6NCgcF38EGrofPtdh4=
-24,-30,hCMaWRvVymv4idgiu7ZFhPA+rVg=,niJhmEAjP6NCgcF38EGrofPtdh4=
-24,-27,hCMaWRvVymv4idgiu7ZFhPA+rVg=,I52ctb/+Rfqv3Q9NJptbPET7ANU=
-23,-29,hCMaWRvVymv4idgiu7ZFhPA+rVg=,niJhmEAjP6NCgcF38EGrofPtdh4=
-20,-24,VE/Ewz2gSPbDx8mBblvz7bEVngU=,vdXqvsX/hhZxqI0YJ+Mpjw1XUsY=
-21,-23,VE/Ewz2gSPbDx8mBblvz7bEVngU=,I52ctb/+Rfqv3Q9NJptbPET7ANU=
-19,-24,VE/Ewz2gSPbDx8mBblvz7bEVngU=,vdXqvsX/hhZxqI0YJ+Mpjw1XUsY=
-20,-23,VE/Ewz2gSPbDx8mBblvz7bEVngU=,vdXqvsX/hhZxqI0YJ+Mpjw1XUsY=
-20,-25,VE/Ewz2gSPbDx8mBblvz7bEVngU=,I52ctb/+Rfqv3Q9NJptbPET7ANU=
-21,-26,VE/Ewz2gSPbDx8mBblvz7bEVngU=,I52ctb/+Rfqv3Q9NJptbPET7ANU=
-19,-25,VE/Ewz2gSPbDx8mBblvz7bEVngU=,I52ctb/+Rfqv3Q9NJptbPET7ANU=
-22,-25,VE/Ewz2gSPbDx8mBblvz7bEVngU=,I52ctb/+Rfqv3Q9NJptbPET7ANU=
-22,-24,VE/Ewz2gSPbDx8mBblvz7bEVngU=,I52ctb/+Rfqv3Q9NJptbPET7ANU=
-21,-24,VE/Ewz2gSPbDx8mBblvz7bEVngU=,I52ctb/+Rfqv3Q9NJptbPET7ANU=
-19,-26,VE/Ewz2gSPbDx8mBblvz7bEVngU=,I52ctb/+Rfqv3Q9NJptbPET7ANU=
-22,-26,VE/Ewz2gSPbDx8mBblvz7bEVngU=,I52ctb/+Rfqv3Q9NJptbPET7ANU=
-19,-23,VE/Ewz2gSPbDx8mBblvz7bEVngU=,vdXqvsX/hhZxqI0YJ+Mpjw1XUsY=
-21,-25,VE/Ewz2gSPbDx8mBblvz7bEVngU=,I52ctb/+Rfqv3Q9NJptbPET7ANU=
-20,-26,VE/Ewz2gSPbDx8mBblvz7bEVngU=,I52ctb/+Rfqv3Q9NJptbPET7ANU=
-22,-23,VE/Ewz2gSPbDx8mBblvz7bEVngU=,I52ctb/+Rfqv3Q9NJptbPET7ANU=
-25,-25,oirVBS30uy26jxOEf1pZ9uBkBUo=,kVpvM1t+qY0wQ0O0MVwM05rbE6M=
-26,-25,oirVBS30uy26jxOEf1pZ9uBkBUo=,kVpvM1t+qY0wQ0O0MVwM05rbE6M=
-26,-23,oirVBS30uy26jxOEf1pZ9uBkBUo=,weyqCfVVqCIkXV2L0lzR6qQScV4=
-26,-26,oirVBS30uy26jxOEf1pZ9uBkBUo=,kVpvM1t+qY0wQ0O0MVwM05rbE6M=
-24,-26,oirVBS30uy26jxOEf1pZ9uBkBUo=,I52ctb/+Rfqv3Q9NJptbPET7ANU=
-26,-24,oirVBS30uy26jxOEf1pZ9uBkBUo=,weyqCfVVqCIkXV2L0lzR6qQScV4=
-24,-23,oirVBS30uy26jxOEf1pZ9uBkBUo=,I52ctb/+Rfqv3Q9NJptbPET7ANU=
-23,-23,oirVBS30uy26jxOEf1pZ9uBkBUo=,I52ctb/+Rfqv3Q9NJptbPET7ANU=
-24,-25,oirVBS30uy26jxOEf1pZ9uBkBUo=,I52ctb/+Rfqv3Q9NJptbPET7ANU=
-25,-23,oirVBS30uy26jxOEf1pZ9uBkBUo=,weyqCfVVqCIkXV2L0lzR6qQScV4=
-23,-26,oirVBS30uy26jxOEf1pZ9uBkBUo=,I52ctb/+Rfqv3Q9NJptbPET7ANU=
-25,-24,oirVBS30uy26jxOEf1pZ9uBkBUo=,weyqCfVVqCIkXV2L0lzR6qQScV4=
-25,-26,oirVBS30uy26jxOEf1pZ9uBkBUo=,kVpvM1t+qY0wQ0O0MVwM05rbE6M=
-23,-25,oirVBS30uy26jxOEf1pZ9uBkBUo=,I52ctb/+Rfqv3Q9NJptbPET7ANU=
-23,-24,oirVBS30uy26jxOEf1pZ9uBkBUo=,I52ctb/+Rfqv3Q9NJptbPET7ANU=
-24,-24,oirVBS30uy26jxOEf1pZ9uBkBUo=,I52ctb/+Rfqv3Q9NJptbPET7ANU=
-25,-19,KRI6euLwI3OrS+zJqo8yLLoOT+E=,GyzwWOrbC1DiKilTqpGK7eMShRc=
-26,-19,KRI6euLwI3OrS+zJqo8yLLoOT+E=,GyzwWOrbC1DiKilTqpGK7eMShRc=
-26,-20,KRI6euLwI3OrS+zJqo8yLLoOT+E=,GyzwWOrbC1DiKilTqpGK7eMShRc=
-24,-19,KRI6euLwI3OrS+zJqo8yLLoOT+E=,FlsbZN2z+OAlIsF1CRQZ8WQM0m8=
-26,-21,KRI6euLwI3OrS+zJqo8yLLoOT+E=,weyqCfVVqCIkXV2L0lzR6qQScV4=
-25,-20,KRI6euLwI3OrS+zJqo8yLLoOT+E=,GyzwWOrbC1DiKilTqpGK7eMShRc=
-24,-21,KRI6euLwI3OrS+zJqo8yLLoOT+E=,I52ctb/+Rfqv3Q9NJptbPET7ANU=
-23,-19,KRI6euLwI3OrS+zJqo8yLLoOT+E=,FlsbZN2z+OAlIsF1CRQZ8WQM0m8=
-23,-20,KRI6euLwI3OrS+zJqo8yLLoOT+E=,FlsbZN2z+OAlIsF1CRQZ8WQM0m8=
-26,-22,KRI6euLwI3OrS+zJqo8yLLoOT+E=,weyqCfVVqCIkXV2L0lzR6qQScV4=
-25,-22,KRI6euLwI3OrS+zJqo8yLLoOT+E=,weyqCfVVqCIkXV2L0lzR6qQScV4=
-25,-21,KRI6euLwI3OrS+zJqo8yLLoOT+E=,weyqCfVVqCIkXV2L0lzR6qQScV4=
-24,-22,KRI6euLwI3OrS+zJqo8yLLoOT+E=,I52ctb/+Rfqv3Q9NJptbPET7ANU=
-23,-21,KRI6euLwI3OrS+zJqo8yLLoOT+E=,I52ctb/+Rfqv3Q9NJptbPET7ANU=
-23,-22,KRI6euLwI3OrS+zJqo8yLLoOT+E=,I52ctb/+Rfqv3Q9NJptbPET7ANU=
-24,-20,KRI6euLwI3OrS+zJqo8yLLoOT+E=,FlsbZN2z+OAlIsF1CRQZ8WQM0m8=
-27,-19,SgiUbtidC+Cyu7UlNbIJRLeuMps=,GyzwWOrbC1DiKilTqpGK7eMShRc=
-28,-19,SgiUbtidC+Cyu7UlNbIJRLeuMps=,GyzwWOrbC1DiKilTqpGK7eMShRc=
-27,-22,SgiUbtidC+Cyu7UlNbIJRLeuMps=,weyqCfVVqCIkXV2L0lzR6qQScV4=
-28,-21,SgiUbtidC+Cyu7UlNbIJRLeuMps=,weyqCfVVqCIkXV2L0lzR6qQScV4=
-28,-20,SgiUbtidC+Cyu7UlNbIJRLeuMps=,GyzwWOrbC1DiKilTqpGK7eMShRc=
-27,-21,SgiUbtidC+Cyu7UlNbIJRLeuMps=,weyqCfVVqCIkXV2L0lzR6qQScV4=
-29,-20,SgiUbtidC+Cyu7UlNbIJRLeuMps=,GyzwWOrbC1DiKilTqpGK7eMShRc=
-27,-20,SgiUbtidC+Cyu7UlNbIJRLeuMps=,GyzwWOrbC1DiKilTqpGK7eMShRc=
-29,-22,SgiUbtidC+Cyu7UlNbIJRLeuMps=,weyqCfVVqCIkXV2L0lzR6qQScV4=
-29,-21,SgiUbtidC+Cyu7UlNbIJRLeuMps=,weyqCfVVqCIkXV2L0lzR6qQScV4=
-28,-22,SgiUbtidC+Cyu7UlNbIJRLeuMps=,weyqCfVVqCIkXV2L0lzR6qQScV4=
-30,-22,SgiUbtidC+Cyu7UlNbIJRLeuMps=,weyqCfVVqCIkXV2L0lzR6qQScV4=
-30,-20,SgiUbtidC+Cyu7UlNbIJRLeuMps=,GyzwWOrbC1DiKilTqpGK7eMShRc=
-30,-19,SgiUbtidC+Cyu7UlNbIJRLeuMps=,GyzwWOrbC1DiKilTqpGK7eMShRc=
-29,-19,SgiUbtidC+Cyu7UlNbIJRLeuMps=,GyzwWOrbC1DiKilTqpGK7eMShRc=
-19,-20,SgiUbtidC+Cyu7UlNbIJRLeuMps=,FlsbZN2z+OAlIsF1CRQZ8WQM0m8=
-30,-21,SgiUbtidC+Cyu7UlNbIJRLeuMps=,weyqCfVVqCIkXV2L0lzR6qQScV4=
-21,-20,SgiUbtidC+Cyu7UlNbIJRLeuMps=,FlsbZN2z+OAlIsF1CRQZ8WQM0m8=
-22,-20,SgiUbtidC+Cyu7UlNbIJRLeuMps=,FlsbZN2z+OAlIsF1CRQZ8WQM0m8=
-19,-19,SgiUbtidC+Cyu7UlNbIJRLeuMps=,FlsbZN2z+OAlIsF1CRQZ8WQM0m8=
-22,-19,SgiUbtidC+Cyu7UlNbIJRLeuMps=,FlsbZN2z+OAlIsF1CRQZ8WQM0m8=
-21,-21,SgiUbtidC+Cyu7UlNbIJRLeuMps=,I52ctb/+Rfqv3Q9NJptbPET7ANU=
-21,-19,SgiUbtidC+Cyu7UlNbIJRLeuMps=,FlsbZN2z+OAlIsF1CRQZ8WQM0m8=
-20,-20,SgiUbtidC+Cyu7UlNbIJRLeuMps=,FlsbZN2z+OAlIsF1CRQZ8WQM0m8=
-22,-21,SgiUbtidC+Cyu7UlNbIJRLeuMps=,I52ctb/+Rfqv3Q9NJptbPET7ANU=
-22,-22,SgiUbtidC+Cyu7UlNbIJRLeuMps=,I52ctb/+Rfqv3Q9NJptbPET7ANU=
-20,-21,SgiUbtidC+Cyu7UlNbIJRLeuMps=,vdXqvsX/hhZxqI0YJ+Mpjw1XUsY=
-21,-22,SgiUbtidC+Cyu7UlNbIJRLeuMps=,I52ctb/+Rfqv3Q9NJptbPET7ANU=
-20,-19,SgiUbtidC+Cyu7UlNbIJRLeuMps=,FlsbZN2z+OAlIsF1CRQZ8WQM0m8=
-19,-22,SgiUbtidC+Cyu7UlNbIJRLeuMps=,vdXqvsX/hhZxqI0YJ+Mpjw1XUsY=
-19,-21,SgiUbtidC+Cyu7UlNbIJRLeuMps=,vdXqvsX/hhZxqI0YJ+Mpjw1XUsY=
-20,-22,SgiUbtidC+Cyu7UlNbIJRLeuMps=,vdXqvsX/hhZxqI0YJ+Mpjw1XUsY=
-18,-21,XY9TuN2waYWVx6l6mkQJRLx7234=,vdXqvsX/hhZxqI0YJ+Mpjw1XUsY=
-18,-20,XY9TuN2waYWVx6l6mkQJRLx7234=,FlsbZN2z+OAlIsF1CRQZ8WQM0m8=
-17,-20,XY9TuN2waYWVx6l6mkQJRLx7234=,FlsbZN2z+OAlIsF1CRQZ8WQM0m8=
-18,-19,XY9TuN2waYWVx6l6mkQJRLx7234=,FlsbZN2z+OAlIsF1CRQZ8WQM0m8=
-17,-21,XY9TuN2waYWVx6l6mkQJRLx7234=,vdXqvsX/hhZxqI0YJ+Mpjw1XUsY=
-17,-19,XY9TuN2waYWVx6l6mkQJRLx7234=,FlsbZN2z+OAlIsF1CRQZ8WQM0m8=
-17,-22,XY9TuN2waYWVx6l6mkQJRLx7234=,vdXqvsX/hhZxqI0YJ+Mpjw1XUsY=
-18,-22,XY9TuN2waYWVx6l6mkQJRLx7234=,vdXqvsX/hhZxqI0YJ+Mpjw1XUsY=
-18,-25,XY9TuN2waYWVx6l6mkQJRLx7234=,I52ctb/+Rfqv3Q9NJptbPET7ANU=
-17,-23,XY9TuN2waYWVx6l6mkQJRLx7234=,vdXqvsX/hhZxqI0YJ+Mpjw1XUsY=
-17,-24,XY9TuN2waYWVx6l6mkQJRLx7234=,vdXqvsX/hhZxqI0YJ+Mpjw1XUsY=
-17,-25,XY9TuN2waYWVx6l6mkQJRLx7234=,I52ctb/+Rfqv3Q9NJptbPET7ANU=
-17,-26,XY9TuN2waYWVx6l6mkQJRLx7234=,I52ctb/+Rfqv3Q9NJptbPET7ANU=
-18,-23,XY9TuN2waYWVx6l6mkQJRLx7234=,vdXqvsX/hhZxqI0YJ+Mpjw1XUsY=
-18,-26,XY9TuN2waYWVx6l6mkQJRLx7234=,I52ctb/+Rfqv3Q9NJptbPET7ANU=
-18,-24,XY9TuN2waYWVx6l6mkQJRLx7234=,vdXqvsX/hhZxqI0YJ+Mpjw1XUsY=
-20,-17,JizsFw6xOEkTSMnow0DHRychj+c=,FlsbZN2z+OAlIsF1CRQZ8WQM0m8=
-21,-17,JizsFw6xOEkTSMnow0DHRychj+c=,FlsbZN2z+OAlIsF1CRQZ8WQM0m8=
-19,-17,JizsFw6xOEkTSMnow0DHRychj+c=,FlsbZN2z+OAlIsF1CRQZ8WQM0m8=
-22,-18,JizsFw6xOEkTSMnow0DHRychj+c=,FlsbZN2z+OAlIsF1CRQZ8WQM0m8=
-22,-17,JizsFw6xOEkTSMnow0DHRychj+c=,FlsbZN2z+OAlIsF1CRQZ8WQM0m8=
-28,-25,JizsFw6xOEkTSMnow0DHRychj+c=,kVpvM1t+qY0wQ0O0MVwM05rbE6M=
-27,-25,JizsFw6xOEkTSMnow0DHRychj+c=,kVpvM1t+qY0wQ0O0MVwM05rbE6M=
-28,-23,JizsFw6xOEkTSMnow0DHRychj+c=,weyqCfVVqCIkXV2L0lzR6qQScV4=
-29,-28,JizsFw6xOEkTSMnow0DHRychj+c=,6SJL5RBUbYsjDt794lLGGL7idB4=
-27,-27,JizsFw6xOEkTSMnow0DHRychj+c=,kVpvM1t+qY0wQ0O0MVwM05rbE6M=
-27,-23,JizsFw6xOEkTSMnow0DHRychj+c=,weyqCfVVqCIkXV2L0lzR6qQScV4=
-29,-24,JizsFw6xOEkTSMnow0DHRychj+c=,weyqCfVVqCIkXV2L0lzR6qQScV4=
-28,-27,JizsFw6xOEkTSMnow0DHRychj+c=,kVpvM1t+qY0wQ0O0MVwM05rbE6M=
-30,-28,JizsFw6xOEkTSMnow0DHRychj+c=,6SJL5RBUbYsjDt794lLGGL7idB4=
-29,-29,JizsFw6xOEkTSMnow0DHRychj+c=,m/9r3w3Cg3iUnrJyyRmkpWNK7p8=
-27,-29,JizsFw6xOEkTSMnow0DHRychj+c=,kVpvM1t+qY0wQ0O0MVwM05rbE6M=
-28,-29,JizsFw6xOEkTSMnow0DHRychj+c=,kVpvM1t+qY0wQ0O0MVwM05rbE6M=
-29,-25,JizsFw6xOEkTSMnow0DHRychj+c=,6SJL5RBUbYsjDt794lLGGL7idB4=
-28,-26,JizsFw6xOEkTSMnow0DHRychj+c=,kVpvM1t+qY0wQ0O0MVwM05rbE6M=
-30,-30,JizsFw6xOEkTSMnow0DHRychj+c=,m/9r3w3Cg3iUnrJyyRmkpWNK7p8=
-21,-18,JizsFw6xOEkTSMnow0DHRychj+c=,FlsbZN2z+OAlIsF1CRQZ8WQM0m8=
-28,-24,JizsFw6xOEkTSMnow0DHRychj+c=,weyqCfVVqCIkXV2L0lzR6qQScV4=
-27,-26,JizsFw6xOEkTSMnow0DHRychj+c=,kVpvM1t+qY0wQ0O0MVwM05rbE6M=
-27,-28,JizsFw6xOEkTSMnow0DHRychj+c=,kVpvM1t+qY0wQ0O0MVwM05rbE6M=
-29,-27,JizsFw6xOEkTSMnow0DHRychj+c=,6SJL5RBUbYsjDt794lLGGL7idB4=
-30,-26,JizsFw6xOEkTSMnow0DHRychj+c=,6SJL5RBUbYsjDt794lLGGL7idB4=
-28,-28,JizsFw6xOEkTSMnow0DHRychj+c=,kVpvM1t+qY0wQ0O0MVwM05rbE6M=
-30,-29,JizsFw6xOEkTSMnow0DHRychj+c=,m/9r3w3Cg3iUnrJyyRmkpWNK7p8=
-29,-30,JizsFw6xOEkTSMnow0DHRychj+c=,m/9r3w3Cg3iUnrJyyRmkpWNK7p8=
-29,-23,JizsFw6xOEkTSMnow0DHRychj+c=,weyqCfVVqCIkXV2L0lzR6qQScV4=
-19,-18,JizsFw6xOEkTSMnow0DHRychj+c=,FlsbZN2z+OAlIsF1CRQZ8WQM0m8=
-29,-26,JizsFw6xOEkTSMnow0DHRychj+c=,6SJL5RBUbYsjDt794lLGGL7idB4=
-27,-30,JizsFw6xOEkTSMnow0DHRychj+c=,kVpvM1t+qY0wQ0O0MVwM05rbE6M=
-30,-23,JizsFw6xOEkTSMnow0DHRychj+c=,weyqCfVVqCIkXV2L0lzR6qQScV4=
-27,-24,JizsFw6xOEkTSMnow0DHRychj+c=,weyqCfVVqCIkXV2L0lzR6qQScV4=
-20,-18,JizsFw6xOEkTSMnow0DHRychj+c=,FlsbZN2z+OAlIsF1CRQZ8WQM0m8=
-30,-27,JizsFw6xOEkTSMnow0DHRychj+c=,6SJL5RBUbYsjDt794lLGGL7idB4=
-30,-24,JizsFw6xOEkTSMnow0DHRychj+c=,weyqCfVVqCIkXV2L0lzR6qQScV4=
-23,-18,JizsFw6xOEkTSMnow0DHRychj+c=,FlsbZN2z+OAlIsF1CRQZ8WQM0m8=
-26,-17,JizsFw6xOEkTSMnow0DHRychj+c=,GyzwWOrbC1DiKilTqpGK7eMShRc=
-28,-30,JizsFw6xOEkTSMnow0DHRychj+c=,kVpvM1t+qY0wQ0O0MVwM05rbE6M=
-24,-18,JizsFw6xOEkTSMnow0DHRychj+c=,FlsbZN2z+OAlIsF1CRQZ8WQM0m8=
-25,-17,JizsFw6xOEkTSMnow0DHRychj+c=,GyzwWOrbC1DiKilTqpGK7eMShRc=
-25,-18,JizsFw6xOEkTSMnow0DHRychj+c=,GyzwWOrbC1DiKilTqpGK7eMShRc=
-24,-17,JizsFw6xOEkTSMnow0DHRychj+c=,FlsbZN2z+OAlIsF1CRQZ8WQM0m8=
-26,-18,JizsFw6xOEkTSMnow0DHRychj+c=,GyzwWOrbC1DiKilTqpGK7eMShRc=
-30,-25,JizsFw6xOEkTSMnow0DHRychj+c=,6SJL5RBUbYsjDt794lLGGL7idB4=
-23,-17,JizsFw6xOEkTSMnow0DHRychj+c=,FlsbZN2z+OAlIsF1CRQZ8WQM0m8=
-17,-18,JizsFw6xOEkTSMnow0DHRychj+c=,FlsbZN2z+OAlIsF1CRQZ8WQM0m8=
-18,-18,JizsFw6xOEkTSMnow0DHRychj+c=,FlsbZN2z+OAlIsF1CRQZ8WQM0m8=
-18,-17,JizsFw6xOEkTSMnow0DHRychj+c=,FlsbZN2z+OAlIsF1CRQZ8WQM0m8=
-17,-17,JizsFw6xOEkTSMnow0DHRychj+c=,FlsbZN2z+OAlIsF1CRQZ8WQM0m8=
-27,-17,JizsFw6xOEkTSMnow0DHRychj+c=,GyzwWOrbC1DiKilTqpGK7eMShRc=
-27,-18,JizsFw6xOEkTSMnow0DHRychj+c=,GyzwWOrbC1DiKilTqpGK7eMShRc=
-28,-18,JizsFw6xOEkTSMnow0DHRychj+c=,GyzwWOrbC1DiKilTqpGK7eMShRc=
-28,-17,JizsFw6xOEkTSMnow0DHRychj+c=,GyzwWOrbC1DiKilTqpGK7eMShRc=
-29,-18,kFtaAeCjqvGutxRWXJsDMQlA20A=,GyzwWOrbC1DiKilTqpGK7eMShRc=
-29,-17,kFtaAeCjqvGutxRWXJsDMQlA20A=,GyzwWOrbC1DiKilTqpGK7eMShRc=
-30,-18,kFtaAeCjqvGutxRWXJsDMQlA20A=,GyzwWOrbC1DiKilTqpGK7eMShRc=
-30,-17,kFtaAeCjqvGutxRWXJsDMQlA20A=,GyzwWOrbC1DiKilTqpGK7eMShRc=
-17,-27,kFtaAeCjqvGutxRWXJsDMQlA20A=,I52ctb/+Rfqv3Q9NJptbPET7ANU=
-21,-28,kFtaAeCjqvGutxRWXJsDMQlA20A=,I52ctb/+Rfqv3Q9NJptbPET7ANU=
-17,-29,kFtaAeCjqvGutxRWXJsDMQlA20A=,t1Ry/pdOqOV9+joSdYbd7+NSQJE=
-20,-29,kFtaAeCjqvGutxRWXJsDMQlA20A=,t1Ry/pdOqOV9+joSdYbd7+NSQJE=
-18,-27,kFtaAeCjqvGutxRWXJsDMQlA20A=,I52ctb/+Rfqv3Q9NJptbPET7ANU=
-21,-27,kFtaAeCjqvGutxRWXJsDMQlA20A=,I52ctb/+Rfqv3Q9NJptbPET7ANU=
-20,-27,kFtaAeCjqvGutxRWXJsDMQlA20A=,I52ctb/+Rfqv3Q9NJptbPET7ANU=
-22,-28,kFtaAeCjqvGutxRWXJsDMQlA20A=,I52ctb/+Rfqv3Q9NJptbPET7ANU=
-19,-29,kFtaAeCjqvGutxRWXJsDMQlA20A=,t1Ry/pdOqOV9+joSdYbd7+NSQJE=
-17,-28,kFtaAeCjqvGutxRWXJsDMQlA20A=,I52ctb/+Rfqv3Q9NJptbPET7ANU=
-21,-30,kFtaAeCjqvGutxRWXJsDMQlA20A=,niJhmEAjP6NCgcF38EGrofPtdh4=
-18,-29,kFtaAeCjqvGutxRWXJsDMQlA20A=,t1Ry/pdOqOV9+joSdYbd7+NSQJE=
-20,-28,kFtaAeCjqvGutxRWXJsDMQlA20A=,I52ctb/+Rfqv3Q9NJptbPET7ANU=
-21,-29,kFtaAeCjqvGutxRWXJsDMQlA20A=,niJhmEAjP6NCgcF38EGrofPtdh4=
-19,-27,kFtaAeCjqvGutxRWXJsDMQlA20A=,I52ctb/+Rfqv3Q9NJptbPET7ANU=
-18,-28,kFtaAeCjqvGutxRWXJsDMQlA20A=,I52ctb/+Rfqv3Q9NJptbPET7ANU=
-22,-27,kFtaAeCjqvGutxRWXJsDMQlA20A=,I52ctb/+Rfqv3Q9NJptbPET7ANU=
-19,-28,kFtaAeCjqvGutxRWXJsDMQlA20A=,I52ctb/+Rfqv3Q9NJptbPET7ANU=
-22,-29,kFtaAeCjqvGutxRWXJsDMQlA20A=,niJhmEAjP6NCgcF38EGrofPtdh4=
-22,-30,kFtaAeCjqvGutxRWXJsDMQlA20A=,niJhmEAjP6NCgcF38EGrofPtdh4=
-19,-30,kFtaAeCjqvGutxRWXJsDMQlA20A=,t1Ry/pdOqOV9+joSdYbd7+NSQJE=
-20,-30,kFtaAeCjqvGutxRWXJsDMQlA20A=,t1Ry/pdOqOV9+joSdYbd7+NSQJE=
-18,-30,kFtaAeCjqvGutxRWXJsDMQlA20A=,t1Ry/pdOqOV9+joSdYbd7+NSQJE=
-17,-30,kFtaAeCjqvGutxRWXJsDMQlA20A=,t1Ry/pdOqOV9+joSdYbd7+NSQJE=
-21,-14,xduWlNxXCXCli4OtgwUYfMNF/qA=,PNJJDXQOa6W2/mOF3A0yjnXNEnY=
-20,-14,xduWlNxXCXCli4OtgwUYfMNF/qA=,m4Yro9VFMT/vDW2lUm4hqcLmPQQ=
-22,-12,xduWlNxXCXCli4OtgwUYfMNF/qA=,fnLvLtXEl5lMMgDLU3/hzqKlGTc=
-19,-12,xduWlNxXCXCli4OtgwUYfMNF/qA=,fnLvLtXEl5lMMgDLU3/hzqKlGTc=
-20,-12,xduWlNxXCXCli4OtgwUYfMNF/qA=,fnLvLtXEl5lMMgDLU3/hzqKlGTc=
-22,-13,xduWlNxXCXCli4OtgwUYfMNF/qA=,PNJJDXQOa6W2/mOF3A0yjnXNEnY=
-22,-11,xduWlNxXCXCli4OtgwUYfMNF/qA=,fnLvLtXEl5lMMgDLU3/hzqKlGTc=
-19,-14,xduWlNxXCXCli4OtgwUYfMNF/qA=,m4Yro9VFMT/vDW2lUm4hqcLmPQQ=
-19,-13,xduWlNxXCXCli4OtgwUYfMNF/qA=,m4Yro9VFMT/vDW2lUm4hqcLmPQQ=
-19,-11,xduWlNxXCXCli4OtgwUYfMNF/qA=,fnLvLtXEl5lMMgDLU3/hzqKlGTc=
-21,-13,xduWlNxXCXCli4OtgwUYfMNF/qA=,PNJJDXQOa6W2/mOF3A0yjnXNEnY=
-21,-12,xduWlNxXCXCli4OtgwUYfMNF/qA=,fnLvLtXEl5lMMgDLU3/hzqKlGTc=
-21,-11,xduWlNxXCXCli4OtgwUYfMNF/qA=,fnLvLtXEl5lMMgDLU3/hzqKlGTc=
-20,-11,xduWlNxXCXCli4OtgwUYfMNF/qA=,fnLvLtXEl5lMMgDLU3/hzqKlGTc=
-20,-13,xduWlNxXCXCli4OtgwUYfMNF/qA=,m4Yro9VFMT/vDW2lUm4hqcLmPQQ=
-22,-14,xduWlNxXCXCli4OtgwUYfMNF/qA=,PNJJDXQOa6W2/mOF3A0yjnXNEnY=
-25,-7,jHkbDAXjQccs/6L83q41kIWxHCs=,2vZK0PfK/cEPtjPGnNkxTgG4mMw=
-24,-8,jHkbDAXjQccs/6L83q41kIWxHCs=,owfDHZ9mUCWlt5Is3GRj+Pkovho=
-26,-7,jHkbDAXjQccs/6L83q41kIWxHCs=,2vZK0PfK/cEPtjPGnNkxTgG4mMw=
-25,-8,jHkbDAXjQccs/6L83q41kIWxHCs=,2vZK0PfK/cEPtjPGnNkxTgG4mMw=
-24,-10,jHkbDAXjQccs/6L83q41kIWxHCs=,fnLvLtXEl5lMMgDLU3/hzqKlGTc=
-23,-10,jHkbDAXjQccs/6L83q41kIWxHCs=,fnLvLtXEl5lMMgDLU3/hzqKlGTc=
-26,-8,jHkbDAXjQccs/6L83q41kIWxHCs=,2vZK0PfK/cEPtjPGnNkxTgG4mMw=
-23,-9,b5rytzl7JPe/PKp6WSGMlHfUq2U=,fnLvLtXEl5lMMgDLU3/hzqKlGTc=
-24,-9,b5rytzl7JPe/PKp6WSGMlHfUq2U=,fnLvLtXEl5lMMgDLU3/hzqKlGTc=
-25,-10,b5rytzl7JPe/PKp6WSGMlHfUq2U=,JvtentUGmOaWN83DgIJIR7LrIoU=
-26,-9,b5rytzl7JPe/PKp6WSGMlHfUq2U=,JvtentUGmOaWN83DgIJIR7LrIoU=
-26,-10,b5rytzl7JPe/PKp6WSGMlHfUq2U=,JvtentUGmOaWN83DgIJIR7LrIoU=
-25,-9,b5rytzl7JPe/PKp6WSGMlHfUq2U=,JvtentUGmOaWN83DgIJIR7LrIoU=
-23,-7,b5rytzl7JPe/PKp6WSGMlHfUq2U=,owfDHZ9mUCWlt5Is3GRj+Pkovho=
-23,-8,b5rytzl7JPe/PKp6WSGMlHfUq2U=,owfDHZ9mUCWlt5Is3GRj+Pkovho=
-24,-7,b5rytzl7JPe/PKp6WSGMlHfUq2U=,owfDHZ9mUCWlt5Is3GRj+Pkovho=
-26,-14,b5rytzl7JPe/PKp6WSGMlHfUq2U=,WonYwBFpLSCenLDo8LcqtKBY7lM=
-26,-11,b5rytzl7JPe/PKp6WSGMlHfUq2U=,JvtentUGmOaWN83DgIJIR7LrIoU=
-26,-13,b5rytzl7JPe/PKp6WSGMlHfUq2U=,WonYwBFpLSCenLDo8LcqtKBY7lM=
-25,-11,b5rytzl7JPe/PKp6WSGMlHfUq2U=,JvtentUGmOaWN83DgIJIR7LrIoU=
-25,-14,b5rytzl7JPe/PKp6WSGMlHfUq2U=,WonYwBFpLSCenLDo8LcqtKBY7lM=
-23,-14,b5rytzl7JPe/PKp6WSGMlHfUq2U=,PNJJDXQOa6W2/mOF3A0yjnXNEnY=
-23,-13,b5rytzl7JPe/PKp6WSGMlHfUq2U=,PNJJDXQOa6W2/mOF3A0yjnXNEnY=
-23,-12,b5rytzl7JPe/PKp6WSGMlHfUq2U=,fnLvLtXEl5lMMgDLU3/hzqKlGTc=
-24,-11,b5rytzl7JPe/PKp6WSGMlHfUq2U=,fnLvLtXEl5lMMgDLU3/hzqKlGTc=
-25,-12,b5rytzl7JPe/PKp6WSGMlHfUq2U=,JvtentUGmOaWN83DgIJIR7LrIoU=
-24,-13,b5rytzl7JPe/PKp6WSGMlHfUq2U=,PNJJDXQOa6W2/mOF3A0yjnXNEnY=
-24,-12,b5rytzl7JPe/PKp6WSGMlHfUq2U=,fnLvLtXEl5lMMgDLU3/hzqKlGTc=
-24,-14,b5rytzl7JPe/PKp6WSGMlHfUq2U=,PNJJDXQOa6W2/mOF3A0yjnXNEnY=
-23,-11,b5rytzl7JPe/PKp6WSGMlHfUq2U=,fnLvLtXEl5lMMgDLU3/hzqKlGTc=
-26,-12,b5rytzl7JPe/PKp6WSGMlHfUq2U=,JvtentUGmOaWN83DgIJIR7LrIoU=
-25,-13,b5rytzl7JPe/PKp6WSGMlHfUq2U=,WonYwBFpLSCenLDo8LcqtKBY7lM=
-28,-8,ATAlIoeVsziBaJy3AZVFk3Mct4E=,2vZK0PfK/cEPtjPGnNkxTgG4mMw=
-30,-4,ATAlIoeVsziBaJy3AZVFk3Mct4E=,33N6q2LjsW+Zl8HlJa7J1lx+JkI=
-29,-9,ATAlIoeVsziBaJy3AZVFk3Mct4E=,2vZK0PfK/cEPtjPGnNkxTgG4mMw=
-29,-4,ATAlIoeVsziBaJy3AZVFk3Mct4E=,33N6q2LjsW+Zl8HlJa7J1lx+JkI=
-28,-10,ATAlIoeVsziBaJy3AZVFk3Mct4E=,JvtentUGmOaWN83DgIJIR7LrIoU=
-30,-3,ATAlIoeVsziBaJy3AZVFk3Mct4E=,33N6q2LjsW+Zl8HlJa7J1lx+JkI=
-27,-10,ATAlIoeVsziBaJy3AZVFk3Mct4E=,JvtentUGmOaWN83DgIJIR7LrIoU=
-30,-5,ATAlIoeVsziBaJy3AZVFk3Mct4E=,2vZK0PfK/cEPtjPGnNkxTgG4mMw=
-30,-10,ATAlIoeVsziBaJy3AZVFk3Mct4E=,2vZK0PfK/cEPtjPGnNkxTgG4mMw=
-29,-3,ATAlIoeVsziBaJy3AZVFk3Mct4E=,33N6q2LjsW+Zl8HlJa7J1lx+JkI=
-29,-5,ATAlIoeVsziBaJy3AZVFk3Mct4E=,2vZK0PfK/cEPtjPGnNkxTgG4mMw=
-30,-8,ATAlIoeVsziBaJy3AZVFk3Mct4E=,2vZK0PfK/cEPtjPGnNkxTgG4mMw=
-27,-5,ATAlIoeVsziBaJy3AZVFk3Mct4E=,2vZK0PfK/cEPtjPGnNkxTgG4mMw=
-30,-6,ATAlIoeVsziBaJy3AZVFk3Mct4E=,2vZK0PfK/cEPtjPGnNkxTgG4mMw=
-27,-6,ATAlIoeVsziBaJy3AZVFk3Mct4E=,2vZK0PfK/cEPtjPGnNkxTgG4mMw=
-29,-6,ATAlIoeVsziBaJy3AZVFk3Mct4E=,2vZK0PfK/cEPtjPGnNkxTgG4mMw=
-27,-4,ATAlIoeVsziBaJy3AZVFk3Mct4E=,MWZYGEBMKjjaTEueVW84kpevHTQ=
-27,-9,ATAlIoeVsziBaJy3AZVFk3Mct4E=,JvtentUGmOaWN83DgIJIR7LrIoU=
-30,-9,ATAlIoeVsziBaJy3AZVFk3Mct4E=,2vZK0PfK/cEPtjPGnNkxTgG4mMw=
-28,-4,ATAlIoeVsziBaJy3AZVFk3Mct4E=,MWZYGEBMKjjaTEueVW84kpevHTQ=
-28,-6,ATAlIoeVsziBaJy3AZVFk3Mct4E=,2vZK0PfK/cEPtjPGnNkxTgG4mMw=
-28,-9,ATAlIoeVsziBaJy3AZVFk3Mct4E=,JvtentUGmOaWN83DgIJIR7LrIoU=
-29,-8,ATAlIoeVsziBaJy3AZVFk3Mct4E=,2vZK0PfK/cEPtjPGnNkxTgG4mMw=
-28,-7,ATAlIoeVsziBaJy3AZVFk3Mct4E=,2vZK0PfK/cEPtjPGnNkxTgG4mMw=
-27,-8,ATAlIoeVsziBaJy3AZVFk3Mct4E=,2vZK0PfK/cEPtjPGnNkxTgG4mMw=
-29,-7,ATAlIoeVsziBaJy3AZVFk3Mct4E=,2vZK0PfK/cEPtjPGnNkxTgG4mMw=
-27,-7,wc9p/LdNqudWcmgdzFm9k6b3FTw=,2vZK0PfK/cEPtjPGnNkxTgG4mMw=
-30,-7,wc9p/LdNqudWcmgdzFm9k6b3FTw=,2vZK0PfK/cEPtjPGnNkxTgG4mMw=
-27,-3,wc9p/LdNqudWcmgdzFm9k6b3FTw=,MWZYGEBMKjjaTEueVW84kpevHTQ=
-28,-3,wc9p/LdNqudWcmgdzFm9k6b3FTw=,MWZYGEBMKjjaTEueVW84kpevHTQ=
-28,-5,wc9p/LdNqudWcmgdzFm9k6b3FTw=,2vZK0PfK/cEPtjPGnNkxTgG4mMw=
-29,-10,wc9p/LdNqudWcmgdzFm9k6b3FTw=,2vZK0PfK/cEPtjPGnNkxTgG4mMw=
-24,-3,w95E7MDensFE3q1zVQm7YILwCs0=,at3/a1/+2qyck/F7UFG1sYjW+KQ=
-23,-5,w95E7MDensFE3q1zVQm7YILwCs0=,owfDHZ9mUCWlt5Is3GRj+Pkovho=
-23,-4,w95E7MDensFE3q1zVQm7YILwCs0=,at3/a1/+2qyck/F7UFG1sYjW+KQ=
-24,-4,w95E7MDensFE3q1zVQm7YILwCs0=,at3/a1/+2qyck/F7UFG1sYjW+KQ=
-26,-5,w95E7MDensFE3q1zVQm7YILwCs0=,2vZK0PfK/cEPtjPGnNkxTgG4mMw=
-26,-6,w95E7MDensFE3q1zVQm7YILwCs0=,2vZK0PfK/cEPtjPGnNkxTgG4mMw=
-26,-4,w95E7MDensFE3q1zVQm7YILwCs0=,MWZYGEBMKjjaTEueVW84kpevHTQ=
-23,-6,w95E7MDensFE3q1zVQm7YILwCs0=,owfDHZ9mUCWlt5Is3GRj+Pkovho=
-25,-4,w95E7MDensFE3q1zVQm7YILwCs0=,MWZYGEBMKjjaTEueVW84kpevHTQ=
-24,-6,w95E7MDensFE3q1zVQm7YILwCs0=,owfDHZ9mUCWlt5Is3GRj+Pkovho=
-25,-3,w95E7MDensFE3q1zVQm7YILwCs0=,MWZYGEBMKjjaTEueVW84kpevHTQ=
-25,-6,w95E7MDensFE3q1zVQm7YILwCs0=,2vZK0PfK/cEPtjPGnNkxTgG4mMw=
-23,-3,w95E7MDensFE3q1zVQm7YILwCs0=,at3/a1/+2qyck/F7UFG1sYjW+KQ=
-24,-5,w95E7MDensFE3q1zVQm7YILwCs0=,owfDHZ9mUCWlt5Is3GRj+Pkovho=
-25,-5,w95E7MDensFE3q1zVQm7YILwCs0=,2vZK0PfK/cEPtjPGnNkxTgG4mMw=
-26,-3,w95E7MDensFE3q1zVQm7YILwCs0=,MWZYGEBMKjjaTEueVW84kpevHTQ=
-17,-13,tw3DhYdKHh/VAbhCT+BgNTRwksI=,m4Yro9VFMT/vDW2lUm4hqcLmPQQ=
-19,-1,tw3DhYdKHh/VAbhCT+BgNTRwksI=,PXpKhthCogznbslZZnb9OGpU3tU=
-17,-14,tw3DhYdKHh/VAbhCT+BgNTRwksI=,m4Yro9VFMT/vDW2lUm4hqcLmPQQ=
-17,-12,tw3DhYdKHh/VAbhCT+BgNTRwksI=,fnLvLtXEl5lMMgDLU3/hzqKlGTc=
-22,-2,tw3DhYdKHh/VAbhCT+BgNTRwksI=,at3/a1/+2qyck/F7UFG1sYjW+KQ=
-20,-1,tw3DhYdKHh/VAbhCT+BgNTRwksI=,PXpKhthCogznbslZZnb9OGpU3tU=
-21,-2,tw3DhYdKHh/VAbhCT+BgNTRwksI=,at3/a1/+2qyck/F7UFG1sYjW+KQ=
-22,-5,tw3DhYdKHh/VAbhCT+BgNTRwksI=,owfDHZ9mUCWlt5Is3GRj+Pkovho=
-22,-1,tw3DhYdKHh/VAbhCT+BgNTRwksI=,at3/a1/+2qyck/F7UFG1sYjW+KQ=
-21,-9,tw3DhYdKHh/VAbhCT+BgNTRwksI=,fnLvLtXEl5lMMgDLU3/hzqKlGTc=
-21,-5,tw3DhYdKHh/VAbhCT+BgNTRwksI=,owfDHZ9mUCWlt5Is3GRj+Pkovho=
-17,-8,tw3DhYdKHh/VAbhCT+BgNTRwksI=,PXpKhthCogznbslZZnb9OGpU3tU=
-21,-4,tw3DhYdKHh/VAbhCT+BgNTRwksI=,at3/a1/+2qyck/F7UFG1sYjW+KQ=
-19,-8,tw3DhYdKHh/VAbhCT+BgNTRwksI=,PXpKhthCogznbslZZnb9OGpU3tU=
-19,-2,tw3DhYdKHh/VAbhCT+BgNTRwksI=,PXpKhthCogznbslZZnb9OGpU3tU=
-18,-11,tw3DhYdKHh/VAbhCT+BgNTRwksI=,fnLvLtXEl5lMMgDLU3/hzqKlGTc=
-19,-6,tw3DhYdKHh/VAbhCT+BgNTRwksI=,PXpKhthCogznbslZZnb9OGpU3tU=
-20,-2,tw3DhYdKHh/VAbhCT+BgNTRwksI=,PXpKhthCogznbslZZnb9OGpU3tU=
-17,-6,tw3DhYdKHh/VAbhCT+BgNTRwksI=,PXpKhthCogznbslZZnb9OGpU3tU=
-18,-7,tw3DhYdKHh/VAbhCT+BgNTRwksI=,PXpKhthCogznbslZZnb9OGpU3tU=
-22,-4,tw3DhYdKHh/VAbhCT+BgNTRwksI=,at3/a1/+2qyck/F7UFG1sYjW+KQ=
-18,-6,tw3DhYdKHh/VAbhCT+BgNTRwksI=,PXpKhthCogznbslZZnb9OGpU3tU=
-20,-6,tw3DhYdKHh/VAbhCT+BgNTRwksI=,PXpKhthCogznbslZZnb9OGpU3tU=
-21,-1,tw3DhYdKHh/VAbhCT+BgNTRwksI=,at3/a1/+2qyck/F7UFG1sYjW+KQ=
-18,-12,tw3DhYdKHh/VAbhCT+BgNTRwksI=,fnLvLtXEl5lMMgDLU3/hzqKlGTc=
-17,-11,tw3DhYdKHh/VAbhCT+BgNTRwksI=,fnLvLtXEl5lMMgDLU3/hzqKlGTc=
-18,-14,tw3DhYdKHh/VAbhCT+BgNTRwksI=,m4Yro9VFMT/vDW2lUm4hqcLmPQQ=
-19,-4,tw3DhYdKHh/VAbhCT+BgNTRwksI=,PXpKhthCogznbslZZnb9OGpU3tU=
-21,-6,tw3DhYdKHh/VAbhCT+BgNTRwksI=,owfDHZ9mUCWlt5Is3GRj+Pkovho=
-21,-8,tw3DhYdKHh/VAbhCT+BgNTRwksI=,owfDHZ9mUCWlt5Is3GRj+Pkovho=
-17,-4,tw3DhYdKHh/VAbhCT+BgNTRwksI=,PXpKhthCogznbslZZnb9OGpU3tU=
-17,-7,tw3DhYdKHh/VAbhCT+BgNTRwksI=,PXpKhthCogznbslZZnb9OGpU3tU=
-18,-5,tw3DhYdKHh/VAbhCT+BgNTRwksI=,PXpKhthCogznbslZZnb9OGpU3tU=
-22,-9,tw3DhYdKHh/VAbhCT+BgNTRwksI=,fnLvLtXEl5lMMgDLU3/hzqKlGTc=
-20,-4,tw3DhYdKHh/VAbhCT+BgNTRwksI=,PXpKhthCogznbslZZnb9OGpU3tU=
-17,-9,tw3DhYdKHh/VAbhCT+BgNTRwksI=,fnLvLtXEl5lMMgDLU3/hzqKlGTc=
-18,-8,tw3DhYdKHh/VAbhCT+BgNTRwksI=,PXpKhthCogznbslZZnb9OGpU3tU=
-18,-4,tw3DhYdKHh/VAbhCT+BgNTRwksI=,PXpKhthCogznbslZZnb9OGpU3tU=
-17,-10,tw3DhYdKHh/VAbhCT+BgNTRwksI=,fnLvLtXEl5lMMgDLU3/hzqKlGTc=
-20,-8,tw3DhYdKHh/VAbhCT+BgNTRwksI=,PXpKhthCogznbslZZnb9OGpU3tU=
-18,-10,tw3DhYdKHh/VAbhCT+BgNTRwksI=,fnLvLtXEl5lMMgDLU3/hzqKlGTc=
-22,-6,tw3DhYdKHh/VAbhCT+BgNTRwksI=,owfDHZ9mUCWlt5Is3GRj+Pkovho=
-19,-7,tw3DhYdKHh/VAbhCT+BgNTRwksI=,PXpKhthCogznbslZZnb9OGpU3tU=
-19,-9,tw3DhYdKHh/VAbhCT+BgNTRwksI=,fnLvLtXEl5lMMgDLU3/hzqKlGTc=
-20,-9,tw3DhYdKHh/VAbhCT+BgNTRwksI=,fnLvLtXEl5lMMgDLU3/hzqKlGTc=
-21,-10,tw3DhYdKHh/VAbhCT+BgNTRwksI=,fnLvLtXEl5lMMgDLU3/hzqKlGTc=
-18,-9,tw3DhYdKHh/VAbhCT+BgNTRwksI=,fnLvLtXEl5lMMgDLU3/hzqKlGTc=
-20,-10,tw3DhYdKHh/VAbhCT+BgNTRwksI=,fnLvLtXEl5lMMgDLU3/hzqKlGTc=
-17,-5,tw3DhYdKHh/VAbhCT+BgNTRwksI=,PXpKhthCogznbslZZnb9OGpU3tU=
-20,-5,tw3DhYdKHh/VAbhCT+BgNTRwksI=,PXpKhthCogznbslZZnb9OGpU3tU=
-22,-10,tw3DhYdKHh/VAbhCT+BgNTRwksI=,fnLvLtXEl5lMMgDLU3/hzqKlGTc=
-20,-3,tw3DhYdKHh/VAbhCT+BgNTRwksI=,PXpKhthCogznbslZZnb9OGpU3tU=
-19,-5,tw3DhYdKHh/VAbhCT+BgNTRwksI=,PXpKhthCogznbslZZnb9OGpU3tU=
-17,-3,tw3DhYdKHh/VAbhCT+BgNTRwksI=,PXpKhthCogznbslZZnb9OGpU3tU=
-20,-7,tw3DhYdKHh/VAbhCT+BgNTRwksI=,PXpKhthCogznbslZZnb9OGpU3tU=
-18,-13,tw3DhYdKHh/VAbhCT+BgNTRwksI=,m4Yro9VFMT/vDW2lUm4hqcLmPQQ=
-19,-10,tw3DhYdKHh/VAbhCT+BgNTRwksI=,fnLvLtXEl5lMMgDLU3/hzqKlGTc=
-22,-8,tw3DhYdKHh/VAbhCT+BgNTRwksI=,owfDHZ9mUCWlt5Is3GRj+Pkovho=
-18,-3,tw3DhYdKHh/VAbhCT+BgNTRwksI=,PXpKhthCogznbslZZnb9OGpU3tU=
-21,-7,tw3DhYdKHh/VAbhCT+BgNTRwksI=,owfDHZ9mUCWlt5Is3GRj+Pkovho=
-21,-3,tw3DhYdKHh/VAbhCT+BgNTRwksI=,at3/a1/+2qyck/F7UFG1sYjW+KQ=
-22,-7,tw3DhYdKHh/VAbhCT+BgNTRwksI=,owfDHZ9mUCWlt5Is3GRj+Pkovho=
-19,-3,tw3DhYdKHh/VAbhCT+BgNTRwksI=,PXpKhthCogznbslZZnb9OGpU3tU=
-22,-3,tw3DhYdKHh/VAbhCT+BgNTRwksI=,at3/a1/+2qyck/F7UFG1sYjW+KQ=
-22,-15,tw3DhYdKHh/VAbhCT+BgNTRwksI=,PNJJDXQOa6W2/mOF3A0yjnXNEnY=
-21,-15,WaeL4yNSy+QESCX4WAgwVTbourY=,PNJJDXQOa6W2/mOF3A0yjnXNEnY=
-19,-15,WaeL4yNSy+QESCX4WAgwVTbourY=,m4Yro9VFMT/vDW2lUm4hqcLmPQQ=
-22,-16,WaeL4yNSy+QESCX4WAgwVTbourY=,PNJJDXQOa6W2/mOF3A0yjnXNEnY=
-19,-16,WaeL4yNSy+QESCX4WAgwVTbourY=,m4Yro9VFMT/vDW2lUm4hqcLmPQQ=
-20,-15,WaeL4yNSy+QESCX4WAgwVTbourY=,m4Yro9VFMT/vDW2lUm4hqcLmPQQ=
-21,-16,WaeL4yNSy+QESCX4WAgwVTbourY=,PNJJDXQOa6W2/mOF3A0yjnXNEnY=
-20,-16,WaeL4yNSy+QESCX4WAgwVTbourY=,m4Yro9VFMT/vDW2lUm4hqcLmPQQ=
-26,-16,WaeL4yNSy+QESCX4WAgwVTbourY=,WonYwBFpLSCenLDo8LcqtKBY7lM=
-24,-16,WaeL4yNSy+QESCX4WAgwVTbourY=,PNJJDXQOa6W2/mOF3A0yjnXNEnY=
-23,-15,WaeL4yNSy+QESCX4WAgwVTbourY=,PNJJDXQOa6W2/mOF3A0yjnXNEnY=
-25,-16,WaeL4yNSy+QESCX4WAgwVTbourY=,WonYwBFpLSCenLDo8LcqtKBY7lM=
-25,-15,WaeL4yNSy+QESCX4WAgwVTbourY=,WonYwBFpLSCenLDo8LcqtKBY7lM=
-26,-15,WaeL4yNSy+QESCX4WAgwVTbourY=,WonYwBFpLSCenLDo8LcqtKBY7lM=
-24,-15,WaeL4yNSy+QESCX4WAgwVTbourY=,PNJJDXQOa6W2/mOF3A0yjnXNEnY=
-17,-15,WaeL4yNSy+QESCX4WAgwVTbourY=,m4Yro9VFMT/vDW2lUm4hqcLmPQQ=
-23,-16,WaeL4yNSy+QESCX4WAgwVTbourY=,PNJJDXQOa6W2/mOF3A0yjnXNEnY=
-17,-16,WaeL4yNSy+QESCX4WAgwVTbourY=,m4Yro9VFMT/vDW2lUm4hqcLmPQQ=
-18,-15,WaeL4yNSy+QESCX4WAgwVTbourY=,m4Yro9VFMT/vDW2lUm4hqcLmPQQ=
-18,-16,WaeL4yNSy+QESCX4WAgwVTbourY=,m4Yro9VFMT/vDW2lUm4hqcLmPQQ=
-17,-1,WaeL4yNSy+QESCX4WAgwVTbourY=,PXpKhthCogznbslZZnb9OGpU3tU=
-29,-2,WaeL4yNSy+QESCX4WAgwVTbourY=,33N6q2LjsW+Zl8HlJa7J1lx+JkI=
-30,-2,WaeL4yNSy+QESCX4WAgwVTbourY=,33N6q2LjsW+Zl8HlJa7J1lx+JkI=
-25,-1,WaeL4yNSy+QESCX4WAgwVTbourY=,MWZYGEBMKjjaTEueVW84kpevHTQ=
-27,-1,WaeL4yNSy+QESCX4WAgwVTbourY=,MWZYGEBMKjjaTEueVW84kpevHTQ=
-28,-1,WaeL4yNSy+QESCX4WAgwVTbourY=,MWZYGEBMKjjaTEueVW84kpevHTQ=
-23,-1,WaeL4yNSy+QESCX4WAgwVTbourY=,at3/a1/+2qyck/F7UFG1sYjW+KQ=
-24,-1,WaeL4yNSy+QESCX4WAgwVTbourY=,at3/a1/+2qyck/F7UFG1sYjW+KQ=
-26,-2,WaeL4yNSy+QESCX4WAgwVTbourY=,MWZYGEBMKjjaTEueVW84kpevHTQ=
-25,-2,WaeL4yNSy+QESCX4WAgwVTbourY=,MWZYGEBMKjjaTEueVW84kpevHTQ=
-23,-2,WaeL4yNSy+QESCX4WAgwVTbourY=,at3/a1/+2qyck/F7UFG1sYjW+KQ=
-28,-2,WaeL4yNSy+QESCX4WAgwVTbourY=,MWZYGEBMKjjaTEueVW84kpevHTQ=
-27,-2,WaeL4yNSy+QESCX4WAgwVTbourY=,MWZYGEBMKjjaTEueVW84kpevHTQ=
-17,-2,WaeL4yNSy+QESCX4WAgwVTbourY=,PXpKhthCogznbslZZnb9OGpU3tU=
-26,-1,WaeL4yNSy+QESCX4WAgwVTbourY=,MWZYGEBMKjjaTEueVW84kpevHTQ=
-18,-1,WaeL4yNSy+QESCX4WAgwVTbourY=,PXpKhthCogznbslZZnb9OGpU3tU=
-29,-1,WaeL4yNSy+QESCX4WAgwVTbourY=,33N6q2LjsW+Zl8HlJa7J1lx+JkI=
-18,-2,WaeL4yNSy+QESCX4WAgwVTbourY=,PXpKhthCogznbslZZnb9OGpU3tU=
-24,-2,WaeL4yNSy+QESCX4WAgwVTbourY=,at3/a1/+2qyck/F7UFG1sYjW+KQ=
-30,-1,WaeL4yNSy+QESCX4WAgwVTbourY=,33N6q2LjsW+Zl8HlJa7J1lx+JkI=
-28,-15,WaeL4yNSy+QESCX4WAgwVTbourY=,WonYwBFpLSCenLDo8LcqtKBY7lM=
-27,-16,WaeL4yNSy+QESCX4WAgwVTbourY=,WonYwBFpLSCenLDo8LcqtKBY7lM=
-29,-15,WaeL4yNSy+QESCX4WAgwVTbourY=,CLCl/2YMkRhpB7fhzk2Youn3+00=
-28,-16,WaeL4yNSy+QESCX4WAgwVTbourY=,WonYwBFpLSCenLDo8LcqtKBY7lM=
-29,-16,WaeL4yNSy+QESCX4WAgwVTbourY=,CLCl/2YMkRhpB7fhzk2Youn3+00=
-30,-16,WaeL4yNSy+QESCX4WAgwVTbourY=,CLCl/2YMkRhpB7fhzk2Youn3+00=
-29,-14,WaeL4yNSy+QESCX4WAgwVTbourY=,CLCl/2YMkRhpB7fhzk2Youn3+00=
-27,-15,WaeL4yNSy+QESCX4WAgwVTbourY=,WonYwBFpLSCenLDo8LcqtKBY7lM=
-28,-14,WaeL4yNSy+QESCX4WAgwVTbourY=,WonYwBFpLSCenLDo8LcqtKBY7lM=
-27,-11,WaeL4yNSy+QESCX4WAgwVTbourY=,JvtentUGmOaWN83DgIJIR7LrIoU=
-29,-13,WaeL4yNSy+QESCX4WAgwVTbourY=,CLCl/2YMkRhpB7fhzk2Youn3+00=
-29,-12,WaeL4yNSy+QESCX4WAgwVTbourY=,2vZK0PfK/cEPtjPGnNkxTgG4mMw=
-27,-13,WaeL4yNSy+QESCX4WAgwVTbourY=,WonYwBFpLSCenLDo8LcqtKBY7lM=
-28,-11,WaeL4yNSy+QESCX4WAgwVTbourY=,JvtentUGmOaWN83DgIJIR7LrIoU=
-30,-14,WaeL4yNSy+QESCX4WAgwVTbourY=,CLCl/2YMkRhpB7fhzk2Youn3+00=
-29,-11,WaeL4yNSy+QESCX4WAgwVTbourY=,2vZK0PfK/cEPtjPGnNkxTgG4mMw=
-28,-13,WaeL4yNSy+QESCX4WAgwVTbourY=,WonYwBFpLSCenLDo8LcqtKBY7lM=
-27,-12,WaeL4yNSy+QESCX4WAgwVTbourY=,JvtentUGmOaWN83DgIJIR7LrIoU=
-27,-14,WaeL4yNSy+QESCX4WAgwVTbourY=,WonYwBFpLSCenLDo8LcqtKBY7lM=
-30,-11,WaeL4yNSy+QESCX4WAgwVTbourY=,2vZK0PfK/cEPtjPGnNkxTgG4mMw=
-30,-13,WaeL4yNSy+QESCX4WAgwVTbourY=,CLCl/2YMkRhpB7fhzk2Youn3+00=
-30,-15,WaeL4yNSy+QESCX4WAgwVTbourY=,CLCl/2YMkRhpB7fhzk2Youn3+00=
-30,-12,WaeL4yNSy+QESCX4WAgwVTbourY=,2vZK0PfK/cEPtjPGnNkxTgG4mMw=
-28,-12,WaeL4yNSy+QESCX4WAgwVTbourY=,JvtentUGmOaWN83DgIJIR7LrIoU=
