-24,12,mli/Ls2YGzXhcxTFIL1ywY3CbF4=,Q9doH2lidqy7OrsUG+iEg3mKzso=
-26,11,mli/Ls2YGzXhcxTFIL1ywY3CbF4=,UQ6yWyXxQW7mKU3DNXNkw8zIPC4=
-23,13,mli/Ls2YGzXhcxTFIL1ywY3CbF4=,Q9doH2lidqy7OrsUG+iEg3mKzso=
-25,10,mli/Ls2YGzXhcxTFIL1ywY3CbF4=,UQ6yWyXxQW7mKU3DNXNkw8zIPC4=
-24,10,mli/Ls2YGzXhcxTFIL1ywY3CbF4=,zPxrE+A/S7EWer4zP++J1bsM2h8=
-26,13,mli/Ls2YGzXhcxTFIL1ywY3CbF4=,ytjH9DSi8ahP7nJPLzADRzSS2uU=
-23,12,mli/Ls2YGzXhcxTFIL1ywY3CbF4=,Q9doH2lidqy7OrsUG+iEg3mKzso=
-23,10,mli/Ls2YGzXhcxTFIL1ywY3CbF4=,zPxrE+A/S7EWer4zP++J1bsM2h8=
-24,13,mli/Ls2YGzXhcxTFIL1ywY3CbF4=,Q9doH2lidqy7OrsUG+iEg3mKzso=
-26,12,mli/Ls2YGzXhcxTFIL1ywY3CbF4=,ytjH9DSi8ahP7nJPLzADRzSS2uU=
-25,13,mli/Ls2YGzXhcxTFIL1ywY3CbF4=,ytjH9DSi8ahP7nJPLzADRzSS2uU=
-24,11,mli/Ls2YGzXhcxTFIL1ywY3CbF4=,zPxrE+A/S7EWer4zP++J1bsM2h8=
-26,10,mli/Ls2YGzXhcxTFIL1ywY3CbF4=,UQ6yWyXxQW7mKU3DNXNkw8zIPC4=
-25,12,mli/Ls2YGzXhcxTFIL1ywY3CbF4=,ytjH9DSi8ahP7nJPLzADRzSS2uU=
-23,11,mli/Ls2YGzXhcxTFIL1ywY3CbF4=,zPxrE+A/S7EWer4zP++J1bsM2h8=
-25,11,mli/Ls2YGzXhcxTFIL1ywY3CbF4=,UQ6yWyXxQW7mKU3DNXNkw8zIPC4=
-23,9,RUjeBzAW6t7PW1Tl1OsmOnja3bs=,zPxrE+A/S7EWer4zP++J1bsM2h8=
-24,9,RUjeBzAW6t7PW1Tl1OsmOnja3bs=,zPxrE+A/S7EWer4zP++J1bsM2h8=
-26,8,RUjeBzAW6t7PW1Tl1OsmOnja3bs=,UQ6yWyXxQW7mKU3DNXNkw8zIPC4=
-25,6,RUjeBzAW6t7PW1Tl1OsmOnja3bs=,5cm7l+zGXZWr80j2DO/ZAL5hPNo=
-26,6,RUjeBzAW6t7PW1Tl1OsmOnja3bs=,5cm7l+zGXZWr80j2DO/ZAL5hPNo=
-26,7,RUjeBzAW6t7PW1Tl1OsmOnja3bs=,5cm7l+zGXZWr80j2DO/ZAL5hPNo=
-25,8,RUjeBzAW6t7PW1Tl1OsmOnja3bs=,UQ6yWyXxQW7mKU3DNXNkw8zIPC4=
-23,7,RUjeBzAW6t7PW1Tl1OsmOnja3bs=,MWZYGEBMKjjaTEueVW84kpevHTQ=
-24,8,RUjeBzAW6t7PW1Tl1OsmOnja3bs=,zPxrE+A/S7EWer4zP++J1bsM2h8=
-23,6,RUjeBzAW6t7PW1Tl1OsmOnja3bs=,MWZYGEBMKjjaTEueVW84kpevHTQ=
-25,9,RUjeBzAW6t7PW1Tl1OsmOnja3bs=,UQ6yWyXxQW7mKU3DNXNkw8zIPC4=
-24,6,RUjeBzAW6t7PW1Tl1OsmOnja3bs=,MWZYGEBMKjjaTEueVW84kpevHTQ=
-25,7,RUjeBzAW6t7PW1Tl1OsmOnja3bs=,5cm7l+zGXZWr80j2DO/ZAL5hPNo=
-26,9,RUjeBzAW6t7PW1Tl1OsmOnja3bs=,UQ6yWyXxQW7mKU3DNXNkw8zIPC4=
-24,7,RUjeBzAW6t7PW1Tl1OsmOnja3bs=,MWZYGEBMKjjaTEueVW84kpevHTQ=
-23,8,RUjeBzAW6t7PW1Tl1OsmOnja3bs=,zPxrE+A/S7EWer4zP++J1bsM2h8=
-27,6,8YkzWxsf7ZY+Kc0k+dGGyKfXpH4=,5cm7l+zGXZWr80j2DO/ZAL5hPNo=
-29,8,8YkzWxsf7ZY+Kc0k+dGGyKfXpH4=,Da8Xiidy8ZB/4eC70Ab5JL/W9wM=
-30,9,8YkzWxsf7ZY+Kc0k+dGGyKfXpH4=,Da8Xiidy8ZB/4eC70Ab5JL/W9wM=
-28,6,8YkzWxsf7ZY+Kc0k+dGGyKfXpH4=,5cm7l+zGXZWr80j2DO/ZAL5hPNo=
-28,9,8YkzWxsf7ZY+Kc0k+dGGyKfXpH4=,UQ6yWyXxQW7mKU3DNXNkw8zIPC4=
-29,7,8YkzWxsf7ZY+Kc0k+dGGyKfXpH4=,QyDEIhPTiqL06qiR2bFQB+eY1Ms=
-28,8,8YkzWxsf7ZY+Kc0k+dGGyKfXpH4=,UQ6yWyXxQW7mKU3DNXNkw8zIPC4=
-27,9,8YkzWxsf7ZY+Kc0k+dGGyKfXpH4=,UQ6yWyXxQW7mKU3DNXNkw8zIPC4=
-28,7,8YkzWxsf7ZY+Kc0k+dGGyKfXpH4=,5cm7l+zGXZWr80j2DO/ZAL5hPNo=
-30,7,8YkzWxsf7ZY+Kc0k+dGGyKfXpH4=,QyDEIhPTiqL06qiR2bFQB+eY1Ms=
-29,9,8YkzWxsf7ZY+Kc0k+dGGyKfXpH4=,Da8Xiidy8ZB/4eC70Ab5JL/W9wM=
-30,6,8YkzWxsf7ZY+Kc0k+dGGyKfXpH4=,QyDEIhPTiqL06qiR2bFQB+eY1Ms=
-27,8,8YkzWxsf7ZY+Kc0k+dGGyKfXpH4=,UQ6yWyXxQW7mKU3DNXNkw8zIPC4=
-29,6,8YkzWxsf7ZY+Kc0k+dGGyKfXpH4=,QyDEIhPTiqL06qiR2bFQB+eY1Ms=
-27,7,8YkzWxsf7ZY+Kc0k+dGGyKfXpH4=,5cm7l+zGXZWr80j2DO/ZAL5hPNo=
-30,8,8YkzWxsf7ZY+Kc0k+dGGyKfXpH4=,Da8Xiidy8ZB/4eC70Ab5JL/W9wM=
-29,4,D4JTOcMDgv8veZ0xBSiQf85Qyuo=,QyDEIhPTiqL06qiR2bFQB+eY1Ms=
-27,4,D4JTOcMDgv8veZ0xBSiQf85Qyuo=,5cm7l+zGXZWr80j2DO/ZAL5hPNo=
-28,2,D4JTOcMDgv8veZ0xBSiQf85Qyuo=,Urb86bgnlw5ZvuvhMQFmYRDiMyk=
-27,3,D4JTOcMDgv8veZ0xBSiQf85Qyuo=,Urb86bgnlw5ZvuvhMQFmYRDiMyk=
-30,3,D4JTOcMDgv8veZ0xBSiQf85Qyuo=,bKM0gQGSF2GdqbYXXklolTLhz2U=
-30,5,D4JTOcMDgv8veZ0xBSiQf85Qyuo=,QyDEIhPTiqL06qiR2bFQB+eY1Ms=
-30,2,D4JTOcMDgv8veZ0xBSiQf85Qyuo=,bKM0gQGSF2GdqbYXXklolTLhz2U=
-29,2,D4JTOcMDgv8veZ0xBSiQf85Qyuo=,bKM0gQGSF2GdqbYXXklolTLhz2U=
-28,4,D4JTOcMDgv8veZ0xBSiQf85Qyuo=,5cm7l+zGXZWr80j2DO/ZAL5hPNo=
-28,5,D4JTOcMDgv8veZ0xBSiQf85Qyuo=,5cm7l+zGXZWr80j2DO/ZAL5hPNo=
-27,2,D4JTOcMDgv8veZ0xBSiQf85Qyuo=,Urb86bgnlw5ZvuvhMQFmYRDiMyk=
-27,5,D4JTOcMDgv8veZ0xBSiQf85Qyuo=,5cm7l+zGXZWr80j2DO/ZAL5hPNo=
-30,4,D4JTOcMDgv8veZ0xBSiQf85Qyuo=,QyDEIhPTiqL06qiR2bFQB+eY1Ms=
-28,3,D4JTOcMDgv8veZ0xBSiQf85Qyuo=,Urb86bgnlw5ZvuvhMQFmYRDiMyk=
-29,3,D4JTOcMDgv8veZ0xBSiQf85Qyuo=,bKM0gQGSF2GdqbYXXklolTLhz2U=
-29,5,D4JTOcMDgv8veZ0xBSiQf85Qyuo=,QyDEIhPTiqL06qiR2bFQB+eY1Ms=
-26,2,D4JTOcMDgv8veZ0xBSiQf85Qyuo=,Urb86bgnlw5ZvuvhMQFmYRDiMyk=
-23,3,D4JTOcMDgv8veZ0xBSiQf85Qyuo=,XGQgraOjCkhs7/5JpHC2N8jaL2I=
-25,5,D4JTOcMDgv8veZ0xBSiQf85Qyuo=,5cm7l+zGXZWr80j2DO/ZAL5hPNo=
-25,2,D4JTOcMDgv8veZ0xBSiQf85Qyuo=,Urb86bgnlw5ZvuvhMQFmYRDiMyk=
-25,3,D4JTOcMDgv8veZ0xBSiQf85Qyuo=,Urb86bgnlw5ZvuvhMQFmYRDiMyk=
-23,5,D4JTOcMDgv8veZ0xBSiQf85Qyuo=,MWZYGEBMKjjaTEueVW84kpevHTQ=
-26,4,D4JTOcMDgv8veZ0xBSiQf85Qyuo=,5cm7l+zGXZWr80j2DO/ZAL5hPNo=
-25,4,D4JTOcMDgv8veZ0xBSiQf85Qyuo=,5cm7l+zGXZWr80j2DO/ZAL5hPNo=
-24,3,D4JTOcMDgv8veZ0xBSiQf85Qyuo=,XGQgraOjCkhs7/5JpHC2N8jaL2I=
-26,5,D4JTOcMDgv8veZ0xBSiQf85Qyuo=,5cm7l+zGXZWr80j2DO/ZAL5hPNo=
-23,2,D4JTOcMDgv8veZ0xBSiQf85Qyuo=,XGQgraOjCkhs7/5JpHC2N8jaL2I=
-25,1,D4JTOcMDgv8veZ0xBSiQf85Qyuo=,Urb86bgnlw5ZvuvhMQFmYRDiMyk=
-26,3,D4JTOcMDgv8veZ0xBSiQf85Qyuo=,Urb86bgnlw5ZvuvhMQFmYRDiMyk=
-23,1,D4JTOcMDgv8veZ0xBSiQf85Qyuo=,XGQgraOjCkhs7/5JpHC2N8jaL2I=
-23,4,D4JTOcMDgv8veZ0xBSiQf85Qyuo=,MWZYGEBMKjjaTEueVW84kpevHTQ=
-24,2,D4JTOcMDgv8veZ0xBSiQf85Qyuo=,XGQgraOjCkhs7/5JpHC2N8jaL2I=
-24,4,D4JTOcMDgv8veZ0xBSiQf85Qyuo=,MWZYGEBMKjjaTEueVW84kpevHTQ=
-26,1,D4JTOcMDgv8veZ0xBSiQf85Qyuo=,Urb86bgnlw5ZvuvhMQFmYRDiMyk=
-23,0,D4JTOcMDgv8veZ0xBSiQf85Qyuo=,XGQgraOjCkhs7/5JpHC2N8jaL2I=
-26,0,D4JTOcMDgv8veZ0xBSiQf85Qyuo=,Urb86bgnlw5ZvuvhMQFmYRDiMyk=
-25,0,D4JTOcMDgv8veZ0xBSiQf85Qyuo=,Urb86bgnlw5ZvuvhMQFmYRDiMyk=
-24,1,D4JTOcMDgv8veZ0xBSiQf85Qyuo=,XGQgraOjCkhs7/5JpHC2N8jaL2I=
-24,5,D4JTOcMDgv8veZ0xBSiQf85Qyuo=,MWZYGEBMKjjaTEueVW84kpevHTQ=
-24,0,D4JTOcMDgv8veZ0xBSiQf85Qyuo=,XGQgraOjCkhs7/5JpHC2N8jaL2I=
-22,3,D4JTOcMDgv8veZ0xBSiQf85Qyuo=,XGQgraOjCkhs7/5JpHC2N8jaL2I=
-19,5,D4JTOcMDgv8veZ0xBSiQf85Qyuo=,VSZLvtuzx6/OKZla+cmjWsXTUpM=
-20,3,wZb1Giao2ormG0tisqV37SbaY7g=,9dgJUQEJMTjuOTDRU/RbPHRkg60=
-21,4,wZb1Giao2ormG0tisqV37SbaY7g=,MWZYGEBMKjjaTEueVW84kpevHTQ=
-21,5,wZb1Giao2ormG0tisqV37SbaY7g=,MWZYGEBMKjjaTEueVW84kpevHTQ=
-20,4,wZb1Giao2ormG0tisqV37SbaY7g=,VSZLvtuzx6/OKZla+cmjWsXTUpM=
-22,5,wZb1Giao2ormG0tisqV37SbaY7g=,MWZYGEBMKjjaTEueVW84kpevHTQ=
-19,3,wZb1Giao2ormG0tisqV37SbaY7g=,9dgJUQEJMTjuOTDRU/RbPHRkg60=
-20,5,wZb1Giao2ormG0tisqV37SbaY7g=,VSZLvtuzx6/OKZla+cmjWsXTUpM=
-22,4,wZb1Giao2ormG0tisqV37SbaY7g=,MWZYGEBMKjjaTEueVW84kpevHTQ=
-20,2,wZb1Giao2ormG0tisqV37SbaY7g=,9dgJUQEJMTjuOTDRU/RbPHRkg60=
-21,2,wZb1Giao2ormG0tisqV37SbaY7g=,XGQgraOjCkhs7/5JpHC2N8jaL2I=
-19,4,wZb1Giao2ormG0tisqV37SbaY7g=,VSZLvtuzx6/OKZla+cmjWsXTUpM=
-21,3,wZb1Giao2ormG0tisqV37SbaY7g=,XGQgraOjCkhs7/5JpHC2N8jaL2I=
-19,2,wZb1Giao2ormG0tisqV37SbaY7g=,9dgJUQEJMTjuOTDRU/RbPHRkg60=
-22,2,wZb1Giao2ormG0tisqV37SbaY7g=,XGQgraOjCkhs7/5JpHC2N8jaL2I=
-20,0,wZb1Giao2ormG0tisqV37SbaY7g=,9dgJUQEJMTjuOTDRU/RbPHRkg60=
-20,1,wZb1Giao2ormG0tisqV37SbaY7g=,9dgJUQEJMTjuOTDRU/RbPHRkg60=
-22,1,wZb1Giao2ormG0tisqV37SbaY7g=,XGQgraOjCkhs7/5JpHC2N8jaL2I=
-19,0,wZb1Giao2ormG0tisqV37SbaY7g=,9dgJUQEJMTjuOTDRU/RbPHRkg60=
-22,0,wZb1Giao2ormG0tisqV37SbaY7g=,XGQgraOjCkhs7/5JpHC2N8jaL2I=
-21,0,wZb1Giao2ormG0tisqV37SbaY7g=,XGQgraOjCkhs7/5JpHC2N8jaL2I=
-21,1,wZb1Giao2ormG0tisqV37SbaY7g=,XGQgraOjCkhs7/5JpHC2N8jaL2I=
-19,1,wZb1Giao2ormG0tisqV37SbaY7g=,9dgJUQEJMTjuOTDRU/RbPHRkg60=
-17,5,wZb1Giao2ormG0tisqV37SbaY7g=,VSZLvtuzx6/OKZla+cmjWsXTUpM=
-18,5,wZb1Giao2ormG0tisqV37SbaY7g=,VSZLvtuzx6/OKZla+cmjWsXTUpM=
-18,3,wZb1Giao2ormG0tisqV37SbaY7g=,9dgJUQEJMTjuOTDRU/RbPHRkg60=
-17,4,wZb1Giao2ormG0tisqV37SbaY7g=,VSZLvtuzx6/OKZla+cmjWsXTUpM=
-18,4,wZb1Giao2ormG0tisqV37SbaY7g=,VSZLvtuzx6/OKZla+cmjWsXTUpM=
-18,2,wZb1Giao2ormG0tisqV37SbaY7g=,9dgJUQEJMTjuOTDRU/RbPHRkg60=
-17,2,wZb1Giao2ormG0tisqV37SbaY7g=,9dgJUQEJMTjuOTDRU/RbPHRkg60=
-17,3,wZb1Giao2ormG0tisqV37SbaY7g=,9dgJUQEJMTjuOTDRU/RbPHRkg60=
-26,14,5szIkkoManNuLLi45lhzRUNYl7c=,ytjH9DSi8ahP7nJPLzADRzSS2uU=
-24,15,5szIkkoManNuLLi45lhzRUNYl7c=,Q9doH2lidqy7OrsUG+iEg3mKzso=
-23,14,5szIkkoManNuLLi45lhzRUNYl7c=,Q9doH2lidqy7OrsUG+iEg3mKzso=
-26,15,5szIkkoManNuLLi45lhzRUNYl7c=,ytjH9DSi8ahP7nJPLzADRzSS2uU=
-25,14,5szIkkoManNuLLi45lhzRUNYl7c=,ytjH9DSi8ahP7nJPLzADRzSS2uU=
-24,14,5szIkkoManNuLLi45lhzRUNYl7c=,Q9doH2lidqy7OrsUG+iEg3mKzso=
-23,15,5szIkkoManNuLLi45lhzRUNYl7c=,Q9doH2lidqy7OrsUG+iEg3mKzso=
-25,15,5szIkkoManNuLLi45lhzRUNYl7c=,ytjH9DSi8ahP7nJPLzADRzSS2uU=
-29,1,ahnGDOKb5oKnyy9iZQwGe9bQQa8=,bKM0gQGSF2GdqbYXXklolTLhz2U=
-30,0,ahnGDOKb5oKnyy9iZQwGe9bQQa8=,bKM0gQGSF2GdqbYXXklolTLhz2U=
-30,1,ahnGDOKb5oKnyy9iZQwGe9bQQa8=,bKM0gQGSF2GdqbYXXklolTLhz2U=
-29,0,ahnGDOKb5oKnyy9iZQwGe9bQQa8=,bKM0gQGSF2GdqbYXXklolTLhz2U=
-28,1,ahnGDOKb5oKnyy9iZQwGe9bQQa8=,Urb86bgnlw5ZvuvhMQFmYRDiMyk=
-28,0,ahnGDOKb5oKnyy9iZQwGe9bQQa8=,Urb86bgnlw5ZvuvhMQFmYRDiMyk=
-27,0,ahnGDOKb5oKnyy9iZQwGe9bQQa8=,Urb86bgnlw5ZvuvhMQFmYRDiMyk=
-27,1,ahnGDOKb5oKnyy9iZQwGe9bQQa8=,Urb86bgnlw5ZvuvhMQFmYRDiMyk=
-18,0,ahnGDOKb5oKnyy9iZQwGe9bQQa8=,9dgJUQEJMTjuOTDRU/RbPHRkg60=
-17,1,ahnGDOKb5oKnyy9iZQwGe9bQQa8=,9dgJUQEJMTjuOTDRU/RbPHRkg60=
-18,1,ahnGDOKb5oKnyy9iZQwGe9bQQa8=,9dgJUQEJMTjuOTDRU/RbPHRkg60=
-17,0,ahnGDOKb5oKnyy9iZQwGe9bQQa8=,9dgJUQEJMTjuOTDRU/RbPHRkg60=
-28,13,ahnGDOKb5oKnyy9iZQwGe9bQQa8=,ytjH9DSi8ahP7nJPLzADRzSS2uU=
-27,15,ahnGDOKb5oKnyy9iZQwGe9bQQa8=,ytjH9DSi8ahP7nJPLzADRzSS2uU=
-29,15,ahnGDOKb5oKnyy9iZQwGe9bQQa8=,lH/0e89OJmYWk7m8hc1YFlJS6co=
-28,14,ahnGDOKb5oKnyy9iZQwGe9bQQa8=,ytjH9DSi8ahP7nJPLzADRzSS2uU=
-29,10,ahnGDOKb5oKnyy9iZQwGe9bQQa8=,Da8Xiidy8ZB/4eC70Ab5JL/W9wM=
-28,11,ahnGDOKb5oKnyy9iZQwGe9bQQa8=,UQ6yWyXxQW7mKU3DNXNkw8zIPC4=
-30,14,ahnGDOKb5oKnyy9iZQwGe9bQQa8=,lH/0e89OJmYWk7m8hc1YFlJS6co=
-30,10,ahnGDOKb5oKnyy9iZQwGe9bQQa8=,Da8Xiidy8ZB/4eC70Ab5JL/W9wM=
-27,11,ahnGDOKb5oKnyy9iZQwGe9bQQa8=,UQ6yWyXxQW7mKU3DNXNkw8zIPC4=
-28,15,ahnGDOKb5oKnyy9iZQwGe9bQQa8=,ytjH9DSi8ahP7nJPLzADRzSS2uU=
-30,13,ahnGDOKb5oKnyy9iZQwGe9bQQa8=,lH/0e89OJmYWk7m8hc1YFlJS6co=
-29,11,ahnGDOKb5oKnyy9iZQwGe9bQQa8=,Da8Xiidy8ZB/4eC70Ab5JL/W9wM=
-27,10,ahnGDOKb5oKnyy9iZQwGe9bQQa8=,UQ6yWyXxQW7mKU3DNXNkw8zIPC4=
-27,13,ahnGDOKb5oKnyy9iZQwGe9bQQa8=,ytjH9DSi8ahP7nJPLzADRzSS2uU=
-27,12,ahnGDOKb5oKnyy9iZQwGe9bQQa8=,ytjH9DSi8ahP7nJPLzADRzSS2uU=
-28,10,ahnGDOKb5oKnyy9iZQwGe9bQQa8=,UQ6yWyXxQW7mKU3DNXNkw8zIPC4=
-29,14,ahnGDOKb5oKnyy9iZQwGe9bQQa8=,lH/0e89OJmYWk7m8hc1YFlJS6co=
-29,12,ahnGDOKb5oKnyy9iZQwGe9bQQa8=,lH/0e89OJmYWk7m8hc1YFlJS6co=
-27,14,ahnGDOKb5oKnyy9iZQwGe9bQQa8=,ytjH9DSi8ahP7nJPLzADRzSS2uU=
-30,12,ahnGDOKb5oKnyy9iZQwGe9bQQa8=,lH/0e89OJmYWk7m8hc1YFlJS6co=
-29,13,ahnGDOKb5oKnyy9iZQwGe9bQQa8=,lH/0e89OJmYWk7m8hc1YFlJS6co=
-28,12,ahnGDOKb5oKnyy9iZQwGe9bQQa8=,ytjH9DSi8ahP7nJPLzADRzSS2uU=
-30,15,ahnGDOKb5oKnyy9iZQwGe9bQQa8=,lH/0e89OJmYWk7m8hc1YFlJS6co=
-30,11,ahnGDOKb5oKnyy9iZQwGe9bQQa8=,Da8Xiidy8ZB/4eC70Ab5JL/W9wM=
-22,6,ahnGDOKb5oKnyy9iZQwGe9bQQa8=,MWZYGEBMKjjaTEueVW84kpevHTQ=
-21,6,ahnGDOKb5oKnyy9iZQwGe9bQQa8=,MWZYGEBMKjjaTEueVW84kpevHTQ=
-21,7,FRVxMyqIJOIio0IH6Bh9e4UtJjI=,MWZYGEBMKjjaTEueVW84kpevHTQ=
-19,6,FRVxMyqIJOIio0IH6Bh9e4UtJjI=,VSZLvtuzx6/OKZla+cmjWsXTUpM=
-17,9,FRVxMyqIJOIio0IH6Bh9e4UtJjI=,4LwYq5cFUWSg4kcvtJ3GA2MyJe0=
-21,9,FRVxMyqIJOIio0IH6Bh9e4UtJjI=,zPxrE+A/S7EWer4zP++J1bsM2h8=
-18,9,FRVxMyqIJOIio0IH6Bh9e4UtJjI=,4LwYq5cFUWSg4kcvtJ3GA2MyJe0=
-22,8,FRVxMyqIJOIio0IH6Bh9e4UtJjI=,zPxrE+A/S7EWer4zP++J1bsM2h8=
-20,7,FRVxMyqIJOIio0IH6Bh9e4UtJjI=,VSZLvtuzx6/OKZla+cmjWsXTUpM=
-21,8,FRVxMyqIJOIio0IH6Bh9e4UtJjI=,zPxrE+A/S7EWer4zP++J1bsM2h8=
-18,6,FRVxMyqIJOIio0IH6Bh9e4UtJjI=,VSZLvtuzx6/OKZla+cmjWsXTUpM=
-22,9,FRVxMyqIJOIio0IH6Bh9e4UtJjI=,zPxrE+A/S7EWer4zP++J1bsM2h8=
-22,7,FRVxMyqIJOIio0IH6Bh9e4UtJjI=,MWZYGEBMKjjaTEueVW84kpevHTQ=
-19,8,FRVxMyqIJOIio0IH6Bh9e4UtJjI=,4LwYq5cFUWSg4kcvtJ3GA2MyJe0=
-20,6,FRVxMyqIJOIio0IH6Bh9e4UtJjI=,VSZLvtuzx6/OKZla+cmjWsXTUpM=
-17,7,FRVxMyqIJOIio0IH6Bh9e4UtJjI=,VSZLvtuzx6/OKZla+cmjWsXTUpM=
-17,8,FRVxMyqIJOIio0IH6Bh9e4UtJjI=,4LwYq5cFUWSg4kcvtJ3GA2MyJe0=
-19,7,FRVxMyqIJOIio0IH6Bh9e4UtJjI=,VSZLvtuzx6/OKZla+cmjWsXTUpM=
-18,8,FRVxMyqIJOIio0IH6Bh9e4UtJjI=,4LwYq5cFUWSg4kcvtJ3GA2MyJe0=
-18,7,FRVxMyqIJOIio0IH6Bh9e4UtJjI=,VSZLvtuzx6/OKZla+cmjWsXTUpM=
-19,9,FRVxMyqIJOIio0IH6Bh9e4UtJjI=,4LwYq5cFUWSg4kcvtJ3GA2MyJe0=
-20,11,FRVxMyqIJOIio0IH6Bh9e4UtJjI=,4LwYq5cFUWSg4kcvtJ3GA2MyJe0=
-19,10,FRVxMyqIJOIio0IH6Bh9e4UtJjI=,4LwYq5cFUWSg4kcvtJ3GA2MyJe0=
-17,11,FRVxMyqIJOIio0IH6Bh9e4UtJjI=,4LwYq5cFUWSg4kcvtJ3GA2MyJe0=
-20,8,FRVxMyqIJOIio0IH6Bh9e4UtJjI=,4LwYq5cFUWSg4kcvtJ3GA2MyJe0=
-22,11,FRVxMyqIJOIio0IH6Bh9e4UtJjI=,zPxrE+A/S7EWer4zP++J1bsM2h8=
-19,13,FRVxMyqIJOIio0IH6Bh9e4UtJjI=,+gzkr7xowxNGMv9nA9IOupxa6A4=
-22,14,FRVxMyqIJOIio0IH6Bh9e4UtJjI=,Q9doH2lidqy7OrsUG+iEg3mKzso=
-18,11,FRVxMyqIJOIio0IH6Bh9e4UtJjI=,4LwYq5cFUWSg4kcvtJ3GA2MyJe0=
-21,13,FRVxMyqIJOIio0IH6Bh9e4UtJjI=,Q9doH2lidqy7OrsUG+iEg3mKzso=
-21,14,FRVxMyqIJOIio0IH6Bh9e4UtJjI=,Q9doH2lidqy7OrsUG+iEg3mKzso=
-17,15,FRVxMyqIJOIio0IH6Bh9e4UtJjI=,+gzkr7xowxNGMv9nA9IOupxa6A4=
-17,13,FRVxMyqIJOIio0IH6Bh9e4UtJjI=,+gzkr7xowxNGMv9nA9IOupxa6A4=
-20,10,FRVxMyqIJOIio0IH6Bh9e4UtJjI=,4LwYq5cFUWSg4kcvtJ3GA2MyJe0=
-17,10,FRVxMyqIJOIio0IH6Bh9e4UtJjI=,4LwYq5cFUWSg4kcvtJ3GA2MyJe0=
-22,13,FRVxMyqIJOIio0IH6Bh9e4UtJjI=,Q9doH2lidqy7OrsUG+iEg3mKzso=
-18,15,FRVxMyqIJOIio0IH6Bh9e4UtJjI=,+gzkr7xowxNGMv9nA9IOupxa6A4=
-20,15,FRVxMyqIJOIio0IH6Bh9e4UtJjI=,+gzkr7xowxNGMv9nA9IOupxa6A4=
-20,14,FRVxMyqIJOIio0IH6Bh9e4UtJjI=,+gzkr7xowxNGMv9nA9IOupxa6A4=
-19,11,FRVxMyqIJOIio0IH6Bh9e4UtJjI=,4LwYq5cFUWSg4kcvtJ3GA2MyJe0=
-19,14,FRVxMyqIJOIio0IH6Bh9e4UtJjI=,+gzkr7xowxNGMv9nA9IOupxa6A4=
-18,10,FRVxMyqIJOIio0IH6Bh9e4UtJjI=,4LwYq5cFUWSg4kcvtJ3GA2MyJe0=
-19,12,FRVxMyqIJOIio0IH6Bh9e4UtJjI=,+gzkr7xowxNGMv9nA9IOupxa6A4=
-20,9,FRVxMyqIJOIio0IH6Bh9e4UtJjI=,4LwYq5cFUWSg4kcvtJ3GA2MyJe0=
-21,11,FRVxMyqIJOIio0IH6Bh9e4UtJjI=,zPxrE+A/S7EWer4zP++J1bsM2h8=
-18,13,FRVxMyqIJOIio0IH6Bh9e4UtJjI=,+gzkr7xowxNGMv9nA9IOupxa6A4=
-18,12,FRVxMyqIJOIio0IH6Bh9e4UtJjI=,+gzkr7xowxNGMv9nA9IOupxa6A4=
-19,15,FRVxMyqIJOIio0IH6Bh9e4UtJjI=,+gzkr7xowxNGMv9nA9IOupxa6A4=
-22,15,FRVxMyqIJOIio0IH6Bh9e4UtJjI=,Q9doH2lidqy7OrsUG+iEg3mKzso=
-22,12,FRVxMyqIJOIio0IH6Bh9e4UtJjI=,Q9doH2lidqy7OrsUG+iEg3mKzso=
-21,10,FRVxMyqIJOIio0IH6Bh9e4UtJjI=,zPxrE+A/S7EWer4zP++J1bsM2h8=
-18,14,FRVxMyqIJOIio0IH6Bh9e4UtJjI=,+gzkr7xowxNGMv9nA9IOupxa6A4=
-20,12,FRVxMyqIJOIio0IH6Bh9e4UtJjI=,+gzkr7xowxNGMv9nA9IOupxa6A4=
-17,14,FRVxMyqIJOIio0IH6Bh9e4UtJjI=,+gzkr7xowxNGMv9nA9IOupxa6A4=
-20,13,FRVxMyqIJOIio0IH6Bh9e4UtJjI=,+gzkr7xowxNGMv9nA9IOupxa6A4=
-17,12,FRVxMyqIJOIio0IH6Bh9e4UtJjI=,+gzkr7xowxNGMv9nA9IOupxa6A4=
-17,6,FRVxMyqIJOIio0IH6Bh9e4UtJjI=,VSZLvtuzx6/OKZla+cmjWsXTUpM=
-22,10,FRVxMyqIJOIio0IH6Bh9e4UtJjI=,zPxrE+A/S7EWer4zP++J1bsM2h8=
-21,12,FRVxMyqIJOIio0IH6Bh9e4UtJjI=,Q9doH2lidqy7OrsUG+iEg3mKzso=
-21,15,FRVxMyqIJOIio0IH6Bh9e4UtJjI=,Q9doH2lidqy7OrsUG+iEg3mKzso=
-29,22,EI9oHJbQJTt5jt/+WyVqV1IBPJk=,zoYRqZ4Mj1DSaVVkxaWMZJI5Fv0=
-28,22,EI9oHJbQJTt5jt/+WyVqV1IBPJk=,lDtRc3E6eM2Ikj0QQgaGmshuRUE=
-30,22,EI9oHJbQJTt5jt/+WyVqV1IBPJk=,zoYRqZ4Mj1DSaVVkxaWMZJI5Fv0=
-30,25,EI9oHJbQJTt5jt/+WyVqV1IBPJk=,Czo6CS9/Xjg3gNJSNGeEOLSxonQ=
-28,23,EI9oHJbQJTt5jt/+WyVqV1IBPJk=,lDtRc3E6eM2Ikj0QQgaGmshuRUE=
-29,24,EI9oHJbQJTt5jt/+WyVqV1IBPJk=,Czo6CS9/Xjg3gNJSNGeEOLSxonQ=
-30,23,EI9oHJbQJTt5jt/+WyVqV1IBPJk=,zoYRqZ4Mj1DSaVVkxaWMZJI5Fv0=
-29,25,EI9oHJbQJTt5jt/+WyVqV1IBPJk=,Czo6CS9/Xjg3gNJSNGeEOLSxonQ=
-28,25,EI9oHJbQJTt5jt/+WyVqV1IBPJk=,twQ9EfaI+sRX+V0RCpXscFk1uAU=
-29,23,EI9oHJbQJTt5jt/+WyVqV1IBPJk=,zoYRqZ4Mj1DSaVVkxaWMZJI5Fv0=
-30,24,EI9oHJbQJTt5jt/+WyVqV1IBPJk=,Czo6CS9/Xjg3gNJSNGeEOLSxonQ=
-27,23,EI9oHJbQJTt5jt/+WyVqV1IBPJk=,lDtRc3E6eM2Ikj0QQgaGmshuRUE=
-27,22,EI9oHJbQJTt5jt/+WyVqV1IBPJk=,lDtRc3E6eM2Ikj0QQgaGmshuRUE=
-28,24,EI9oHJbQJTt5jt/+WyVqV1IBPJk=,twQ9EfaI+sRX+V0RCpXscFk1uAU=
-27,24,EI9oHJbQJTt5jt/+WyVqV1IBPJk=,twQ9EfaI+sRX+V0RCpXscFk1uAU=
-27,25,EI9oHJbQJTt5jt/+WyVqV1IBPJk=,twQ9EfaI+sRX+V0RCpXscFk1uAU=
-24,25,tRW9bBFlRQQiUdahWny3lfeBQlo=,twQ9EfaI+sRX+V0RCpXscFk1uAU=
-25,24,tRW9bBFlRQQiUdahWny3lfeBQlo=,twQ9EfaI+sRX+V0RCpXscFk1uAU=
-23,25,tRW9bBFlRQQiUdahWny3lfeBQlo=,twQ9EfaI+sRX+V0RCpXscFk1uAU=
-23,22,tRW9bBFlRQQiUdahWny3lfeBQlo=,lDtRc3E6eM2Ikj0QQgaGmshuRUE=
-24,24,tRW9bBFlRQQiUdahWny3lfeBQlo=,twQ9EfaI+sRX+V0RCpXscFk1uAU=
-25,22,tRW9bBFlRQQiUdahWny3lfeBQlo=,lDtRc3E6eM2Ikj0QQgaGmshuRUE=
-26,23,tRW9bBFlRQQiUdahWny3lfeBQlo=,lDtRc3E6eM2Ikj0QQgaGmshuRUE=
-25,25,tRW9bBFlRQQiUdahWny3lfeBQlo=,twQ9EfaI+sRX+V0RCpXscFk1uAU=
-26,22,tRW9bBFlRQQiUdahWny3lfeBQlo=,lDtRc3E6eM2Ikj0QQgaGmshuRUE=
-23,23,tRW9bBFlRQQiUdahWny3lfeBQlo=,lDtRc3E6eM2Ikj0QQgaGmshuRUE=
-24,22,tRW9bBFlRQQiUdahWny3lfeBQlo=,lDtRc3E6eM2Ikj0QQgaGmshuRUE=
-25,23,tRW9bBFlRQQiUdahWny3lfeBQlo=,lDtRc3E6eM2Ikj0QQgaGmshuRUE=
-26,24,tRW9bBFlRQQiUdahWny3lfeBQlo=,twQ9EfaI+sRX+V0RCpXscFk1uAU=
-24,23,tRW9bBFlRQQiUdahWny3lfeBQlo=,lDtRc3E6eM2Ikj0QQgaGmshuRUE=
-23,24,tRW9bBFlRQQiUdahWny3lfeBQlo=,twQ9EfaI+sRX+V0RCpXscFk1uAU=
-26,25,tRW9bBFlRQQiUdahWny3lfeBQlo=,twQ9EfaI+sRX+V0RCpXscFk1uAU=
-24,18,Ys/Eshlzb5e7jvaNt/Vtlv2t2Qs=,UCYCLBnxxp15QypTrRVWZ4VTpH8=
-26,21,Ys/Eshlzb5e7jvaNt/Vtlv2t2Qs=,lDtRc3E6eM2Ikj0QQgaGmshuRUE=
-25,21,Ys/Eshlzb5e7jvaNt/Vtlv2t2Qs=,lDtRc3E6eM2Ikj0QQgaGmshuRUE=
-24,19,Ys/Eshlzb5e7jvaNt/Vtlv2t2Qs=,UCYCLBnxxp15QypTrRVWZ4VTpH8=
-25,19,Ys/Eshlzb5e7jvaNt/Vtlv2t2Qs=,5dEMIE09kSZhlTtEZiepb67GcSU=
-26,19,Ys/Eshlzb5e7jvaNt/Vtlv2t2Qs=,5dEMIE09kSZhlTtEZiepb67GcSU=
-23,18,Ys/Eshlzb5e7jvaNt/Vtlv2t2Qs=,UCYCLBnxxp15QypTrRVWZ4VTpH8=
-26,20,Ys/Eshlzb5e7jvaNt/Vtlv2t2Qs=,lDtRc3E6eM2Ikj0QQgaGmshuRUE=
-24,21,Ys/Eshlzb5e7jvaNt/Vtlv2t2Qs=,lDtRc3E6eM2Ikj0QQgaGmshuRUE=
-25,18,Ys/Eshlzb5e7jvaNt/Vtlv2t2Qs=,5dEMIE09kSZhlTtEZiepb67GcSU=
-23,19,Ys/Eshlzb5e7jvaNt/Vtlv2t2Qs=,UCYCLBnxxp15QypTrRVWZ4VTpH8=
-26,18,Ys/Eshlzb5e7jvaNt/Vtlv2t2Qs=,5dEMIE09kSZhlTtEZiepb67GcSU=
-23,20,Ys/Eshlzb5e7jvaNt/Vtlv2t2Qs=,lDtRc3E6eM2Ikj0QQgaGmshuRUE=
-24,20,Ys/Eshlzb5e7jvaNt/Vtlv2t2Qs=,lDtRc3E6eM2Ikj0QQgaGmshuRUE=
-23,21,Ys/Eshlzb5e7jvaNt/Vtlv2t2Qs=,lDtRc3E6eM2Ikj0QQgaGmshuRUE=
-25,20,Ys/Eshlzb5e7jvaNt/Vtlv2t2Qs=,lDtRc3E6eM2Ikj0QQgaGmshuRUE=
-19,22,SuZ8M4DFDaV2++Qgo2/zmIV2MgY=,0GI/cICcuLNmYuNwaGV8tEKSRv4=
-19,24,SuZ8M4DFDaV2++Qgo2/zmIV2MgY=,IDkqQ6WKihTd6Mmcynm2KMcIV0I=
-20,25,SuZ8M4DFDaV2++Qgo2/zmIV2MgY=,IDkqQ6WKihTd6Mmcynm2KMcIV0I=
-19,25,SuZ8M4DFDaV2++Qgo2/zmIV2MgY=,IDkqQ6WKihTd6Mmcynm2KMcIV0I=
-20,23,SuZ8M4DFDaV2++Qgo2/zmIV2MgY=,0GI/cICcuLNmYuNwaGV8tEKSRv4=
-20,24,SuZ8M4DFDaV2++Qgo2/zmIV2MgY=,IDkqQ6WKihTd6Mmcynm2KMcIV0I=
-19,23,SuZ8M4DFDaV2++Qgo2/zmIV2MgY=,0GI/cICcuLNmYuNwaGV8tEKSRv4=
-20,22,SuZ8M4DFDaV2++Qgo2/zmIV2MgY=,0GI/cICcuLNmYuNwaGV8tEKSRv4=
-21,24,SuZ8M4DFDaV2++Qgo2/zmIV2MgY=,twQ9EfaI+sRX+V0RCpXscFk1uAU=
-22,22,SuZ8M4DFDaV2++Qgo2/zmIV2MgY=,lDtRc3E6eM2Ikj0QQgaGmshuRUE=
-21,23,SuZ8M4DFDaV2++Qgo2/zmIV2MgY=,lDtRc3E6eM2Ikj0QQgaGmshuRUE=
-21,22,SuZ8M4DFDaV2++Qgo2/zmIV2MgY=,lDtRc3E6eM2Ikj0QQgaGmshuRUE=
-22,25,SuZ8M4DFDaV2++Qgo2/zmIV2MgY=,twQ9EfaI+sRX+V0RCpXscFk1uAU=
-21,25,SuZ8M4DFDaV2++Qgo2/zmIV2MgY=,twQ9EfaI+sRX+V0RCpXscFk1uAU=
-22,24,SuZ8M4DFDaV2++Qgo2/zmIV2MgY=,twQ9EfaI+sRX+V0RCpXscFk1uAU=
-22,23,SuZ8M4DFDaV2++Qgo2/zmIV2MgY=,lDtRc3E6eM2Ikj0QQgaGmshuRUE=
-21,20,J2K6BXvZTGOR6yqaoqlYRZayu7c=,lDtRc3E6eM2Ikj0QQgaGmshuRUE=
-20,20,J2K6BXvZTGOR6yqaoqlYRZayu7c=,0GI/cICcuLNmYuNwaGV8tEKSRv4=
-21,19,J2K6BXvZTGOR6yqaoqlYRZayu7c=,UCYCLBnxxp15QypTrRVWZ4VTpH8=
-22,19,J2K6BXvZTGOR6yqaoqlYRZayu7c=,UCYCLBnxxp15QypTrRVWZ4VTpH8=
-22,20,J2K6BXvZTGOR6yqaoqlYRZayu7c=,lDtRc3E6eM2Ikj0QQgaGmshuRUE=
-21,18,J2K6BXvZTGOR6yqaoqlYRZayu7c=,UCYCLBnxxp15QypTrRVWZ4VTpH8=
-21,21,J2K6BXvZTGOR6yqaoqlYRZayu7c=,lDtRc3E6eM2Ikj0QQgaGmshuRUE=
-20,18,J2K6BXvZTGOR6yqaoqlYRZayu7c=,MWZYGEBMKjjaTEueVW84kpevHTQ=
-22,18,J2K6BXvZTGOR6yqaoqlYRZayu7c=,UCYCLBnxxp15QypTrRVWZ4VTpH8=
-19,20,J2K6BXvZTGOR6yqaoqlYRZayu7c=,0GI/cICcuLNmYuNwaGV8tEKSRv4=
-19,18,J2K6BXvZTGOR6yqaoqlYRZayu7c=,MWZYGEBMKjjaTEueVW84kpevHTQ=
-19,19,J2K6BXvZTGOR6yqaoqlYRZayu7c=,MWZYGEBMKjjaTEueVW84kpevHTQ=
-20,21,J2K6BXvZTGOR6yqaoqlYRZayu7c=,0GI/cICcuLNmYuNwaGV8tEKSRv4=
-20,19,J2K6BXvZTGOR6yqaoqlYRZayu7c=,MWZYGEBMKjjaTEueVW84kpevHTQ=
-22,21,J2K6BXvZTGOR6yqaoqlYRZayu7c=,lDtRc3E6eM2Ikj0QQgaGmshuRUE=
-19,21,J2K6BXvZTGOR6yqaoqlYRZayu7c=,0GI/cICcuLNmYuNwaGV8tEKSRv4=
-18,28,jcZhcIKBC/jPPhjKpfQvm+JNrE0=,X5zVOaSx4k9wdnz6vOTphb6jN8A=
-17,28,jcZhcIKBC/jPPhjKpfQvm+JNrE0=,X5zVOaSx4k9wdnz6vOTphb6jN8A=
-18,26,jcZhcIKBC/jPPhjKpfQvm+JNrE0=,IDkqQ6WKihTd6Mmcynm2KMcIV0I=
-17,26,jcZhcIKBC/jPPhjKpfQvm+JNrE0=,IDkqQ6WKihTd6Mmcynm2KMcIV0I=
-18,29,jcZhcIKBC/jPPhjKpfQvm+JNrE0=,X5zVOaSx4k9wdnz6vOTphb6jN8A=
-18,27,jcZhcIKBC/jPPhjKpfQvm+JNrE0=,IDkqQ6WKihTd6Mmcynm2KMcIV0I=
-19,26,xGqBPshCiLHWrclWShyO4MKcHvc=,IDkqQ6WKihTd6Mmcynm2KMcIV0I=
-20,29,xGqBPshCiLHWrclWShyO4MKcHvc=,X5zVOaSx4k9wdnz6vOTphb6jN8A=
-20,28,xGqBPshCiLHWrclWShyO4MKcHvc=,X5zVOaSx4k9wdnz6vOTphb6jN8A=
-22,29,xGqBPshCiLHWrclWShyO4MKcHvc=,m/9xt+VBj/iK3rOIKzX1v0H8tg0=
-20,26,xGqBPshCiLHWrclWShyO4MKcHvc=,IDkqQ6WKihTd6Mmcynm2KMcIV0I=
-21,29,xGqBPshCiLHWrclWShyO4MKcHvc=,m/9xt+VBj/iK3rOIKzX1v0H8tg0=
-17,29,xGqBPshCiLHWrclWShyO4MKcHvc=,X5zVOaSx4k9wdnz6vOTphb6jN8A=
-17,27,xGqBPshCiLHWrclWShyO4MKcHvc=,IDkqQ6WKihTd6Mmcynm2KMcIV0I=
-20,27,xGqBPshCiLHWrclWShyO4MKcHvc=,IDkqQ6WKihTd6Mmcynm2KMcIV0I=
-22,28,xGqBPshCiLHWrclWShyO4MKcHvc=,m/9xt+VBj/iK3rOIKzX1v0H8tg0=
-19,27,xGqBPshCiLHWrclWShyO4MKcHvc=,IDkqQ6WKihTd6Mmcynm2KMcIV0I=
-20,30,xGqBPshCiLHWrclWShyO4MKcHvc=,X5zVOaSx4k9wdnz6vOTphb6jN8A=
-22,30,xGqBPshCiLHWrclWShyO4MKcHvc=,m/9xt+VBj/iK3rOIKzX1v0H8tg0=
-19,28,xGqBPshCiLHWrclWShyO4MKcHvc=,X5zVOaSx4k9wdnz6vOTphb6jN8A=
-21,28,xGqBPshCiLHWrclWShyO4MKcHvc=,m/9xt+VBj/iK3rOIKzX1v0H8tg0=
-21,27,xGqBPshCiLHWrclWShyO4MKcHvc=,twQ9EfaI+sRX+V0RCpXscFk1uAU=
-21,30,xGqBPshCiLHWrclWShyO4MKcHvc=,m/9xt+VBj/iK3rOIKzX1v0H8tg0=
-19,29,xGqBPshCiLHWrclWShyO4MKcHvc=,X5zVOaSx4k9wdnz6vOTphb6jN8A=
-22,27,xGqBPshCiLHWrclWShyO4MKcHvc=,twQ9EfaI+sRX+V0RCpXscFk1uAU=
-18,22,xGqBPshCiLHWrclWShyO4MKcHvc=,0GI/cICcuLNmYuNwaGV8tEKSRv4=
-18,24,xGqBPshCiLHWrclWShyO4MKcHvc=,IDkqQ6WKihTd6Mmcynm2KMcIV0I=
-17,25,xGqBPshCiLHWrclWShyO4MKcHvc=,IDkqQ6WKihTd6Mmcynm2KMcIV0I=
-17,24,xGqBPshCiLHWrclWShyO4MKcHvc=,IDkqQ6WKihTd6Mmcynm2KMcIV0I=
-17,20,xGqBPshCiLHWrclWShyO4MKcHvc=,0GI/cICcuLNmYuNwaGV8tEKSRv4=
-18,21,xGqBPshCiLHWrclWShyO4MKcHvc=,0GI/cICcuLNmYuNwaGV8tEKSRv4=
-17,23,xGqBPshCiLHWrclWShyO4MKcHvc=,0GI/cICcuLNmYuNwaGV8tEKSRv4=
-17,18,xGqBPshCiLHWrclWShyO4MKcHvc=,MWZYGEBMKjjaTEueVW84kpevHTQ=
-18,25,xGqBPshCiLHWrclWShyO4MKcHvc=,IDkqQ6WKihTd6Mmcynm2KMcIV0I=
-18,19,xGqBPshCiLHWrclWShyO4MKcHvc=,MWZYGEBMKjjaTEueVW84kpevHTQ=
-17,21,xGqBPshCiLHWrclWShyO4MKcHvc=,0GI/cICcuLNmYuNwaGV8tEKSRv4=
-17,19,xGqBPshCiLHWrclWShyO4MKcHvc=,MWZYGEBMKjjaTEueVW84kpevHTQ=
-18,23,xGqBPshCiLHWrclWShyO4MKcHvc=,0GI/cICcuLNmYuNwaGV8tEKSRv4=
-21,26,xGqBPshCiLHWrclWShyO4MKcHvc=,twQ9EfaI+sRX+V0RCpXscFk1uAU=
-18,20,xGqBPshCiLHWrclWShyO4MKcHvc=,0GI/cICcuLNmYuNwaGV8tEKSRv4=
-17,22,xGqBPshCiLHWrclWShyO4MKcHvc=,0GI/cICcuLNmYuNwaGV8tEKSRv4=
-18,18,xGqBPshCiLHWrclWShyO4MKcHvc=,MWZYGEBMKjjaTEueVW84kpevHTQ=
-19,30,xGqBPshCiLHWrclWShyO4MKcHvc=,X5zVOaSx4k9wdnz6vOTphb6jN8A=
-22,26,xGqBPshCiLHWrclWShyO4MKcHvc=,twQ9EfaI+sRX+V0RCpXscFk1uAU=
-26,29,xGqBPshCiLHWrclWShyO4MKcHvc=,Ft/ES1Xy47fcga8lFyAr+x2KbtQ=
-23,29,xGqBPshCiLHWrclWShyO4MKcHvc=,m/9xt+VBj/iK3rOIKzX1v0H8tg0=
-30,27,xGqBPshCiLHWrclWShyO4MKcHvc=,Czo6CS9/Xjg3gNJSNGeEOLSxonQ=
-28,27,xGqBPshCiLHWrclWShyO4MKcHvc=,twQ9EfaI+sRX+V0RCpXscFk1uAU=
-28,28,xGqBPshCiLHWrclWShyO4MKcHvc=,Ft/ES1Xy47fcga8lFyAr+x2KbtQ=
-24,29,xGqBPshCiLHWrclWShyO4MKcHvc=,m/9xt+VBj/iK3rOIKzX1v0H8tg0=
-25,29,xGqBPshCiLHWrclWShyO4MKcHvc=,Ft/ES1Xy47fcga8lFyAr+x2KbtQ=
-27,28,xGqBPshCiLHWrclWShyO4MKcHvc=,Ft/ES1Xy47fcga8lFyAr+x2KbtQ=
-28,30,xGqBPshCiLHWrclWShyO4MKcHvc=,Ft/ES1Xy47fcga8lFyAr+x2KbtQ=
-28,26,xGqBPshCiLHWrclWShyO4MKcHvc=,twQ9EfaI+sRX+V0RCpXscFk1uAU=
-29,26,xGqBPshCiLHWrclWShyO4MKcHvc=,Czo6CS9/Xjg3gNJSNGeEOLSxonQ=
-28,29,xGqBPshCiLHWrclWShyO4MKcHvc=,Ft/ES1Xy47fcga8lFyAr+x2KbtQ=
-27,29,xGqBPshCiLHWrclWShyO4MKcHvc=,Ft/ES1Xy47fcga8lFyAr+x2KbtQ=
-24,26,xGqBPshCiLHWrclWShyO4MKcHvc=,twQ9EfaI+sRX+V0RCpXscFk1uAU=
-30,26,xGqBPshCiLHWrclWShyO4MKcHvc=,Czo6CS9/Xjg3gNJSNGeEOLSxonQ=
-23,26,xGqBPshCiLHWrclWShyO4MKcHvc=,twQ9EfaI+sRX+V0RCpXscFk1uAU=
-26,30,xGqBPshCiLHWrclWShyO4MKcHvc=,Ft/ES1Xy47fcga8lFyAr+x2KbtQ=
-30,29,xGqBPshCiLHWrclWShyO4MKcHvc=,ospRDz2v6lTyjyjZVDEVUZwjRfQ=
-29,29,xGqBPshCiLHWrclWShyO4MKcHvc=,ospRDz2v6lTyjyjZVDEVUZwjRfQ=
-29,28,xGqBPshCiLHWrclWShyO4MKcHvc=,ospRDz2v6lTyjyjZVDEVUZwjRfQ=
-25,30,xGqBPshCiLHWrclWShyO4MKcHvc=,Ft/ES1Xy47fcga8lFyAr+x2KbtQ=
-25,26,xGqBPshCiLHWrclWShyO4MKcHvc=,twQ9EfaI+sRX+V0RCpXscFk1uAU=
-30,28,xGqBPshCiLHWrclWShyO4MKcHvc=,ospRDz2v6lTyjyjZVDEVUZwjRfQ=
-25,28,xGqBPshCiLHWrclWShyO4MKcHvc=,Ft/ES1Xy47fcga8lFyAr+x2KbtQ=
-29,27,xGqBPshCiLHWrclWShyO4MKcHvc=,Czo6CS9/Xjg3gNJSNGeEOLSxonQ=
-27,30,xGqBPshCiLHWrclWShyO4MKcHvc=,Ft/ES1Xy47fcga8lFyAr+x2KbtQ=
-24,30,xGqBPshCiLHWrclWShyO4MKcHvc=,m/9xt+VBj/iK3rOIKzX1v0H8tg0=
-24,27,xGqBPshCiLHWrclWShyO4MKcHvc=,twQ9EfaI+sRX+V0RCpXscFk1uAU=
-29,30,xGqBPshCiLHWrclWShyO4MKcHvc=,ospRDz2v6lTyjyjZVDEVUZwjRfQ=
-24,28,xGqBPshCiLHWrclWShyO4MKcHvc=,m/9xt+VBj/iK3rOIKzX1v0H8tg0=
-23,28,xGqBPshCiLHWrclWShyO4MKcHvc=,m/9xt+VBj/iK3rOIKzX1v0H8tg0=
-30,30,xGqBPshCiLHWrclWShyO4MKcHvc=,ospRDz2v6lTyjyjZVDEVUZwjRfQ=
-27,27,xGqBPshCiLHWrclWShyO4MKcHvc=,twQ9EfaI+sRX+V0RCpXscFk1uAU=
-23,30,xGqBPshCiLHWrclWShyO4MKcHvc=,m/9xt+VBj/iK3rOIKzX1v0H8tg0=
-26,27,xGqBPshCiLHWrclWShyO4MKcHvc=,twQ9EfaI+sRX+V0RCpXscFk1uAU=
-23,27,xGqBPshCiLHWrclWShyO4MKcHvc=,twQ9EfaI+sRX+V0RCpXscFk1uAU=
-25,27,xGqBPshCiLHWrclWShyO4MKcHvc=,twQ9EfaI+sRX+V0RCpXscFk1uAU=
-27,26,xGqBPshCiLHWrclWShyO4MKcHvc=,twQ9EfaI+sRX+V0RCpXscFk1uAU=
-26,28,xGqBPshCiLHWrclWShyO4MKcHvc=,Ft/ES1Xy47fcga8lFyAr+x2KbtQ=
-26,26,xGqBPshCiLHWrclWShyO4MKcHvc=,twQ9EfaI+sRX+V0RCpXscFk1uAU=
-25,17,xGqBPshCiLHWrclWShyO4MKcHvc=,5dEMIE09kSZhlTtEZiepb67GcSU=
-26,16,xGqBPshCiLHWrclWShyO4MKcHvc=,5dEMIE09kSZhlTtEZiepb67GcSU=
-23,16,xGqBPshCiLHWrclWShyO4MKcHvc=,UCYCLBnxxp15QypTrRVWZ4VTpH8=
-24,17,xGqBPshCiLHWrclWShyO4MKcHvc=,UCYCLBnxxp15QypTrRVWZ4VTpH8=
-24,16,xGqBPshCiLHWrclWShyO4MKcHvc=,UCYCLBnxxp15QypTrRVWZ4VTpH8=
-26,17,xGqBPshCiLHWrclWShyO4MKcHvc=,5dEMIE09kSZhlTtEZiepb67GcSU=
-23,17,xGqBPshCiLHWrclWShyO4MKcHvc=,UCYCLBnxxp15QypTrRVWZ4VTpH8=
-25,16,qddofAqHyv6FZzHvJBWFfh9DGx4=,5dEMIE09kSZhlTtEZiepb67GcSU=
-18,30,qddofAqHyv6FZzHvJBWFfh9DGx4=,X5zVOaSx4k9wdnz6vOTphb6jN8A=
-17,30,qddofAqHyv6FZzHvJBWFfh9DGx4=,X5zVOaSx4k9wdnz6vOTphb6jN8A=
-17,16,qddofAqHyv6FZzHvJBWFfh9DGx4=,MWZYGEBMKjjaTEueVW84kpevHTQ=
-22,17,qddofAqHyv6FZzHvJBWFfh9DGx4=,UCYCLBnxxp15QypTrRVWZ4VTpH8=
-21,17,qddofAqHyv6FZzHvJBWFfh9DGx4=,UCYCLBnxxp15QypTrRVWZ4VTpH8=
-20,16,qddofAqHyv6FZzHvJBWFfh9DGx4=,MWZYGEBMKjjaTEueVW84kpevHTQ=
-22,16,qddofAqHyv6FZzHvJBWFfh9DGx4=,UCYCLBnxxp15QypTrRVWZ4VTpH8=
-19,17,qddofAqHyv6FZzHvJBWFfh9DGx4=,MWZYGEBMKjjaTEueVW84kpevHTQ=
-19,16,qddofAqHyv6FZzHvJBWFfh9DGx4=,MWZYGEBMKjjaTEueVW84kpevHTQ=
-20,17,qddofAqHyv6FZzHvJBWFfh9DGx4=,MWZYGEBMKjjaTEueVW84kpevHTQ=
-18,17,qddofAqHyv6FZzHvJBWFfh9DGx4=,MWZYGEBMKjjaTEueVW84kpevHTQ=
-21,16,qddofAqHyv6FZzHvJBWFfh9DGx4=,UCYCLBnxxp15QypTrRVWZ4VTpH8=
-17,17,qddofAqHyv6FZzHvJBWFfh9DGx4=,MWZYGEBMKjjaTEueVW84kpevHTQ=
-18,16,qddofAqHyv6FZzHvJBWFfh9DGx4=,MWZYGEBMKjjaTEueVW84kpevHTQ=
-27,18,qddofAqHyv6FZzHvJBWFfh9DGx4=,5dEMIE09kSZhlTtEZiepb67GcSU=
-27,21,qddofAqHyv6FZzHvJBWFfh9DGx4=,lDtRc3E6eM2Ikj0QQgaGmshuRUE=
-27,19,qddofAqHyv6FZzHvJBWFfh9DGx4=,5dEMIE09kSZhlTtEZiepb67GcSU=
-30,17,qddofAqHyv6FZzHvJBWFfh9DGx4=,HWQ1fSRNFzsSxpeiciVoFqOqCD4=
-29,20,qddofAqHyv6FZzHvJBWFfh9DGx4=,zoYRqZ4Mj1DSaVVkxaWMZJI5Fv0=
-29,17,qddofAqHyv6FZzHvJBWFfh9DGx4=,HWQ1fSRNFzsSxpeiciVoFqOqCD4=
-27,20,qddofAqHyv6FZzHvJBWFfh9DGx4=,lDtRc3E6eM2Ikj0QQgaGmshuRUE=
-29,19,qddofAqHyv6FZzHvJBWFfh9DGx4=,HWQ1fSRNFzsSxpeiciVoFqOqCD4=
-29,18,qddofAqHyv6FZzHvJBWFfh9DGx4=,HWQ1fSRNFzsSxpeiciVoFqOqCD4=
-28,19,qddofAqHyv6FZzHvJBWFfh9DGx4=,5dEMIE09kSZhlTtEZiepb67GcSU=
-29,21,qddofAqHyv6FZzHvJBWFfh9DGx4=,zoYRqZ4Mj1DSaVVkxaWMZJI5Fv0=
-28,20,qddofAqHyv6FZzHvJBWFfh9DGx4=,lDtRc3E6eM2Ikj0QQgaGmshuRUE=
-30,19,qddofAqHyv6FZzHvJBWFfh9DGx4=,HWQ1fSRNFzsSxpeiciVoFqOqCD4=
-27,17,qddofAqHyv6FZzHvJBWFfh9DGx4=,5dEMIE09kSZhlTtEZiepb67GcSU=
-28,17,qddofAqHyv6FZzHvJBWFfh9DGx4=,5dEMIE09kSZhlTtEZiepb67GcSU=
-30,16,qddofAqHyv6FZzHvJBWFfh9DGx4=,HWQ1fSRNFzsSxpeiciVoFqOqCD4=
-28,18,qddofAqHyv6FZzHvJBWFfh9DGx4=,5dEMIE09kSZhlTtEZiepb67GcSU=
-27,16,qddofAqHyv6FZzHvJBWFfh9DGx4=,5dEMIE09kSZhlTtEZiepb67GcSU=
-30,20,qddofAqHyv6FZzHvJBWFfh9DGx4=,zoYRqZ4Mj1DSaVVkxaWMZJI5Fv0=
-28,16,qddofAqHyv6FZzHvJBWFfh9DGx4=,5dEMIE09kSZhlTtEZiepb67GcSU=
-29,16,qddofAqHyv6FZzHvJBWFfh9DGx4=,HWQ1fSRNFzsSxpeiciVoFqOqCD4=
-28,21,qddofAqHyv6FZzHvJBWFfh9DGx4=,lDtRc3E6eM2Ikj0QQgaGmshuRUE=
-30,18,qddofAqHyv6FZzHvJBWFfh9DGx4=,HWQ1fSRNFzsSxpeiciVoFqOqCD4=
-30,21,qddofAqHyv6FZzHvJBWFfh9DGx4=,zoYRqZ4Mj1DSaVVkxaWMZJI5Fv0=
-4,19,EQiAHIsIjmS3TzZYhZi2UYlcwlI=,Gkqr4u3UgQ0p1O3NTK1XJtjv/fU=
-4,18,EQiAHIsIjmS3TzZYhZi2UYlcwlI=,Gkqr4u3UgQ0p1O3NTK1XJtjv/fU=
-3,19,EQiAHIsIjmS3TzZYhZi2UYlcwlI=,Gkqr4u3UgQ0p1O3NTK1XJtjv/fU=
-5,18,EQiAHIsIjmS3TzZYhZi2UYlcwlI=,ZrW5MXzlg2Upz3d+MWUqrSXJNbY=
-3,18,EQiAHIsIjmS3TzZYhZi2UYlcwlI=,Gkqr4u3UgQ0p1O3NTK1XJtjv/fU=
-4,21,EQiAHIsIjmS3TzZYhZi2UYlcwlI=,01pf7GCj6xfaopavzKaNo6rCw1E=
-3,20,EQiAHIsIjmS3TzZYhZi2UYlcwlI=,01pf7GCj6xfaopavzKaNo6rCw1E=
-4,20,EQiAHIsIjmS3TzZYhZi2UYlcwlI=,01pf7GCj6xfaopavzKaNo6rCw1E=
-6,18,EQiAHIsIjmS3TzZYhZi2UYlcwlI=,ZrW5MXzlg2Upz3d+MWUqrSXJNbY=
-5,21,EQiAHIsIjmS3TzZYhZi2UYlcwlI=,MWZYGEBMKjjaTEueVW84kpevHTQ=
-6,21,EQiAHIsIjmS3TzZYhZi2UYlcwlI=,MWZYGEBMKjjaTEueVW84kpevHTQ=
-6,20,EQiAHIsIjmS3TzZYhZi2UYlcwlI=,MWZYGEBMKjjaTEueVW84kpevHTQ=
-5,19,EQiAHIsIjmS3TzZYhZi2UYlcwlI=,ZrW5MXzlg2Upz3d+MWUqrSXJNbY=
-6,19,EQiAHIsIjmS3TzZYhZi2UYlcwlI=,ZrW5MXzlg2Upz3d+MWUqrSXJNbY=
-3,21,EQiAHIsIjmS3TzZYhZi2UYlcwlI=,01pf7GCj6xfaopavzKaNo6rCw1E=
-5,20,EQiAHIsIjmS3TzZYhZi2UYlcwlI=,MWZYGEBMKjjaTEueVW84kpevHTQ=
-3,22,+JIvXOIlcFGoZJDViNRx36AIrsE=,01pf7GCj6xfaopavzKaNo6rCw1E=
-3,23,+JIvXOIlcFGoZJDViNRx36AIrsE=,01pf7GCj6xfaopavzKaNo6rCw1E=
-4,24,+JIvXOIlcFGoZJDViNRx36AIrsE=,01pf7GCj6xfaopavzKaNo6rCw1E=
-4,25,+JIvXOIlcFGoZJDViNRx36AIrsE=,01pf7GCj6xfaopavzKaNo6rCw1E=
-6,22,+JIvXOIlcFGoZJDViNRx36AIrsE=,MWZYGEBMKjjaTEueVW84kpevHTQ=
-3,24,+JIvXOIlcFGoZJDViNRx36AIrsE=,01pf7GCj6xfaopavzKaNo6rCw1E=
-4,23,+JIvXOIlcFGoZJDViNRx36AIrsE=,01pf7GCj6xfaopavzKaNo6rCw1E=
-3,25,+JIvXOIlcFGoZJDViNRx36AIrsE=,01pf7GCj6xfaopavzKaNo6rCw1E=
-6,25,+JIvXOIlcFGoZJDViNRx36AIrsE=,I52ctb/+Rfqv3Q9NJptbPET7ANU=
-5,22,+JIvXOIlcFGoZJDViNRx36AIrsE=,MWZYGEBMKjjaTEueVW84kpevHTQ=
-4,22,+JIvXOIlcFGoZJDViNRx36AIrsE=,01pf7GCj6xfaopavzKaNo6rCw1E=
-6,24,+JIvXOIlcFGoZJDViNRx36AIrsE=,I52ctb/+Rfqv3Q9NJptbPET7ANU=
-5,23,+JIvXOIlcFGoZJDViNRx36AIrsE=,MWZYGEBMKjjaTEueVW84kpevHTQ=
-6,23,+JIvXOIlcFGoZJDViNRx36AIrsE=,MWZYGEBMKjjaTEueVW84kpevHTQ=
-5,24,+JIvXOIlcFGoZJDViNRx36AIrsE=,I52ctb/+Rfqv3Q9NJptbPET7ANU=
-5,25,+JIvXOIlcFGoZJDViNRx36AIrsE=,I52ctb/+Rfqv3Q9NJptbPET7ANU=
-7,23,NkGUqYNiltJ9k14rLjaMJTb3HIg=,MWZYGEBMKjjaTEueVW84kpevHTQ=
-7,22,NkGUqYNiltJ9k14rLjaMJTb3HIg=,MWZYGEBMKjjaTEueVW84kpevHTQ=
-8,25,NkGUqYNiltJ9k14rLjaMJTb3HIg=,I52ctb/+Rfqv3Q9NJptbPET7ANU=
-9,23,NkGUqYNiltJ9k14rLjaMJTb3HIg=,HgiRNBPJJxB0egLkA8wdwNMgIGY=
-9,22,NkGUqYNiltJ9k14rLjaMJTb3HIg=,HgiRNBPJJxB0egLkA8wdwNMgIGY=
-10,25,NkGUqYNiltJ9k14rLjaMJTb3HIg=,3Fd11IXbBHMR36V+7PYkgcViszM=
-10,23,NkGUqYNiltJ9k14rLjaMJTb3HIg=,HgiRNBPJJxB0egLkA8wdwNMgIGY=
-9,25,NkGUqYNiltJ9k14rLjaMJTb3HIg=,3Fd11IXbBHMR36V+7PYkgcViszM=
-10,24,NkGUqYNiltJ9k14rLjaMJTb3HIg=,3Fd11IXbBHMR36V+7PYkgcViszM=
-8,23,NkGUqYNiltJ9k14rLjaMJTb3HIg=,MWZYGEBMKjjaTEueVW84kpevHTQ=
-8,22,NkGUqYNiltJ9k14rLjaMJTb3HIg=,MWZYGEBMKjjaTEueVW84kpevHTQ=
-7,25,NkGUqYNiltJ9k14rLjaMJTb3HIg=,I52ctb/+Rfqv3Q9NJptbPET7ANU=
-9,24,NkGUqYNiltJ9k14rLjaMJTb3HIg=,3Fd11IXbBHMR36V+7PYkgcViszM=
-7,24,NkGUqYNiltJ9k14rLjaMJTb3HIg=,I52ctb/+Rfqv3Q9NJptbPET7ANU=
-10,22,4u27YR+i9J2WYXSlYpror5Xnjjw=,HgiRNBPJJxB0egLkA8wdwNMgIGY=
-8,24,4u27YR+i9J2WYXSlYpror5Xnjjw=,I52ctb/+Rfqv3Q9NJptbPET7ANU=
-7,21,4u27YR+i9J2WYXSlYpror5Xnjjw=,MWZYGEBMKjjaTEueVW84kpevHTQ=
-8,21,cJTx5RW1BBZ3Qniq+9r43hjGyqg=,MWZYGEBMKjjaTEueVW84kpevHTQ=
-10,19,cJTx5RW1BBZ3Qniq+9r43hjGyqg=,XRkd6GOR9qL7aMHdSIF57vFw4KI=
-8,20,cJTx5RW1BBZ3Qniq+9r43hjGyqg=,MWZYGEBMKjjaTEueVW84kpevHTQ=
-9,20,cJTx5RW1BBZ3Qniq+9r43hjGyqg=,HgiRNBPJJxB0egLkA8wdwNMgIGY=
-7,20,cJTx5RW1BBZ3Qniq+9r43hjGyqg=,MWZYGEBMKjjaTEueVW84kpevHTQ=
-9,18,cJTx5RW1BBZ3Qniq+9r43hjGyqg=,XRkd6GOR9qL7aMHdSIF57vFw4KI=
-7,18,cJTx5RW1BBZ3Qniq+9r43hjGyqg=,ZrW5MXzlg2Upz3d+MWUqrSXJNbY=
-10,21,cJTx5RW1BBZ3Qniq+9r43hjGyqg=,HgiRNBPJJxB0egLkA8wdwNMgIGY=
-10,20,cJTx5RW1BBZ3Qniq+9r43hjGyqg=,HgiRNBPJJxB0egLkA8wdwNMgIGY=
-10,18,cJTx5RW1BBZ3Qniq+9r43hjGyqg=,XRkd6GOR9qL7aMHdSIF57vFw4KI=
-8,18,cJTx5RW1BBZ3Qniq+9r43hjGyqg=,ZrW5MXzlg2Upz3d+MWUqrSXJNbY=
-9,21,cJTx5RW1BBZ3Qniq+9r43hjGyqg=,HgiRNBPJJxB0egLkA8wdwNMgIGY=
-8,19,cJTx5RW1BBZ3Qniq+9r43hjGyqg=,ZrW5MXzlg2Upz3d+MWUqrSXJNbY=
-7,19,cJTx5RW1BBZ3Qniq+9r43hjGyqg=,ZrW5MXzlg2Upz3d+MWUqrSXJNbY=
-9,19,cJTx5RW1BBZ3Qniq+9r43hjGyqg=,XRkd6GOR9qL7aMHdSIF57vFw4KI=
-13,26,+3Gtqf2ThbmuaLDspy0dhwGWPy8=,X5zVOaSx4k9wdnz6vOTphb6jN8A=
-11,29,+3Gtqf2ThbmuaLDspy0dhwGWPy8=,4eduV9ujjhUTgkr12lL5fXHV76E=
-12,29,+3Gtqf2ThbmuaLDspy0dhwGWPy8=,4eduV9ujjhUTgkr12lL5fXHV76E=
-12,28,+3Gtqf2ThbmuaLDspy0dhwGWPy8=,4eduV9ujjhUTgkr12lL5fXHV76E=
-12,26,+3Gtqf2ThbmuaLDspy0dhwGWPy8=,3Fd11IXbBHMR36V+7PYkgcViszM=
-14,27,+3Gtqf2ThbmuaLDspy0dhwGWPy8=,X5zVOaSx4k9wdnz6vOTphb6jN8A=
-13,29,+3Gtqf2ThbmuaLDspy0dhwGWPy8=,6IpKy3priCFUrRSeO+ZwA92LG8k=
-12,27,+3Gtqf2ThbmuaLDspy0dhwGWPy8=,3Fd11IXbBHMR36V+7PYkgcViszM=
-11,27,+3Gtqf2ThbmuaLDspy0dhwGWPy8=,3Fd11IXbBHMR36V+7PYkgcViszM=
-11,26,+3Gtqf2ThbmuaLDspy0dhwGWPy8=,3Fd11IXbBHMR36V+7PYkgcViszM=
-13,27,+3Gtqf2ThbmuaLDspy0dhwGWPy8=,X5zVOaSx4k9wdnz6vOTphb6jN8A=
-14,26,+3Gtqf2ThbmuaLDspy0dhwGWPy8=,X5zVOaSx4k9wdnz6vOTphb6jN8A=
-13,28,+3Gtqf2ThbmuaLDspy0dhwGWPy8=,6IpKy3priCFUrRSeO+ZwA92LG8k=
-11,28,+3Gtqf2ThbmuaLDspy0dhwGWPy8=,4eduV9ujjhUTgkr12lL5fXHV76E=
-14,29,+3Gtqf2ThbmuaLDspy0dhwGWPy8=,6IpKy3priCFUrRSeO+ZwA92LG8k=
-14,28,+3Gtqf2ThbmuaLDspy0dhwGWPy8=,6IpKy3priCFUrRSeO+ZwA92LG8k=
-16,25,+3Gtqf2ThbmuaLDspy0dhwGWPy8=,X5zVOaSx4k9wdnz6vOTphb6jN8A=
-14,25,+3Gtqf2ThbmuaLDspy0dhwGWPy8=,X5zVOaSx4k9wdnz6vOTphb6jN8A=
-13,24,+3Gtqf2ThbmuaLDspy0dhwGWPy8=,X5zVOaSx4k9wdnz6vOTphb6jN8A=
-12,25,+3Gtqf2ThbmuaLDspy0dhwGWPy8=,3Fd11IXbBHMR36V+7PYkgcViszM=
-14,24,+3Gtqf2ThbmuaLDspy0dhwGWPy8=,X5zVOaSx4k9wdnz6vOTphb6jN8A=
-16,24,+3Gtqf2ThbmuaLDspy0dhwGWPy8=,X5zVOaSx4k9wdnz6vOTphb6jN8A=
-12,24,+3Gtqf2ThbmuaLDspy0dhwGWPy8=,3Fd11IXbBHMR36V+7PYkgcViszM=
-11,25,+3Gtqf2ThbmuaLDspy0dhwGWPy8=,3Fd11IXbBHMR36V+7PYkgcViszM=
-13,25,+3Gtqf2ThbmuaLDspy0dhwGWPy8=,X5zVOaSx4k9wdnz6vOTphb6jN8A=
-15,25,+3Gtqf2ThbmuaLDspy0dhwGWPy8=,X5zVOaSx4k9wdnz6vOTphb6jN8A=
-15,24,+3Gtqf2ThbmuaLDspy0dhwGWPy8=,X5zVOaSx4k9wdnz6vOTphb6jN8A=
-12,23,+3Gtqf2ThbmuaLDspy0dhwGWPy8=,HgiRNBPJJxB0egLkA8wdwNMgIGY=
-11,23,+3Gtqf2ThbmuaLDspy0dhwGWPy8=,HgiRNBPJJxB0egLkA8wdwNMgIGY=
-11,24,+3Gtqf2ThbmuaLDspy0dhwGWPy8=,3Fd11IXbBHMR36V+7PYkgcViszM=
-12,22,+3Gtqf2ThbmuaLDspy0dhwGWPy8=,HgiRNBPJJxB0egLkA8wdwNMgIGY=
-11,22,+3Gtqf2ThbmuaLDspy0dhwGWPy8=,HgiRNBPJJxB0egLkA8wdwNMgIGY=
-13,23,+3Gtqf2ThbmuaLDspy0dhwGWPy8=,HZ6uE3p5uqp4btLWAc7cFSSi4kQ=
-14,23,+3Gtqf2ThbmuaLDspy0dhwGWPy8=,HZ6uE3p5uqp4btLWAc7cFSSi4kQ=
-15,23,+3Gtqf2ThbmuaLDspy0dhwGWPy8=,HZ6uE3p5uqp4btLWAc7cFSSi4kQ=
-16,22,+3Gtqf2ThbmuaLDspy0dhwGWPy8=,HZ6uE3p5uqp4btLWAc7cFSSi4kQ=
-16,23,+3Gtqf2ThbmuaLDspy0dhwGWPy8=,HZ6uE3p5uqp4btLWAc7cFSSi4kQ=
-14,22,BoqqyFcDH/YgqvXbhKpP/R4ch1k=,HZ6uE3p5uqp4btLWAc7cFSSi4kQ=
-16,18,BoqqyFcDH/YgqvXbhKpP/R4ch1k=,9Oxz3SabFNcHDqLuwxpGyMnpDt0=
-15,22,BoqqyFcDH/YgqvXbhKpP/R4ch1k=,HZ6uE3p5uqp4btLWAc7cFSSi4kQ=
-15,18,BoqqyFcDH/YgqvXbhKpP/R4ch1k=,9Oxz3SabFNcHDqLuwxpGyMnpDt0=
-15,19,BoqqyFcDH/YgqvXbhKpP/R4ch1k=,9Oxz3SabFNcHDqLuwxpGyMnpDt0=
-13,17,BoqqyFcDH/YgqvXbhKpP/R4ch1k=,9Oxz3SabFNcHDqLuwxpGyMnpDt0=
-11,19,BoqqyFcDH/YgqvXbhKpP/R4ch1k=,XRkd6GOR9qL7aMHdSIF57vFw4KI=
-16,19,BoqqyFcDH/YgqvXbhKpP/R4ch1k=,9Oxz3SabFNcHDqLuwxpGyMnpDt0=
-11,16,BoqqyFcDH/YgqvXbhKpP/R4ch1k=,XRkd6GOR9qL7aMHdSIF57vFw4KI=
-12,16,BoqqyFcDH/YgqvXbhKpP/R4ch1k=,XRkd6GOR9qL7aMHdSIF57vFw4KI=
-13,22,BoqqyFcDH/YgqvXbhKpP/R4ch1k=,HZ6uE3p5uqp4btLWAc7cFSSi4kQ=
-14,19,BoqqyFcDH/YgqvXbhKpP/R4ch1k=,9Oxz3SabFNcHDqLuwxpGyMnpDt0=
-11,20,BoqqyFcDH/YgqvXbhKpP/R4ch1k=,HgiRNBPJJxB0egLkA8wdwNMgIGY=
-11,17,BoqqyFcDH/YgqvXbhKpP/R4ch1k=,XRkd6GOR9qL7aMHdSIF57vFw4KI=
-16,21,BoqqyFcDH/YgqvXbhKpP/R4ch1k=,HZ6uE3p5uqp4btLWAc7cFSSi4kQ=
-13,18,BoqqyFcDH/YgqvXbhKpP/R4ch1k=,9Oxz3SabFNcHDqLuwxpGyMnpDt0=
-14,17,BoqqyFcDH/YgqvXbhKpP/R4ch1k=,9Oxz3SabFNcHDqLuwxpGyMnpDt0=
-12,21,BoqqyFcDH/YgqvXbhKpP/R4ch1k=,HgiRNBPJJxB0egLkA8wdwNMgIGY=
-14,18,BoqqyFcDH/YgqvXbhKpP/R4ch1k=,9Oxz3SabFNcHDqLuwxpGyMnpDt0=
-12,19,BoqqyFcDH/YgqvXbhKpP/R4ch1k=,XRkd6GOR9qL7aMHdSIF57vFw4KI=
-13,20,BoqqyFcDH/YgqvXbhKpP/R4ch1k=,HZ6uE3p5uqp4btLWAc7cFSSi4kQ=
-13,19,BoqqyFcDH/YgqvXbhKpP/R4ch1k=,9Oxz3SabFNcHDqLuwxpGyMnpDt0=
-13,16,BoqqyFcDH/YgqvXbhKpP/R4ch1k=,9Oxz3SabFNcHDqLuwxpGyMnpDt0=
-14,16,BoqqyFcDH/YgqvXbhKpP/R4ch1k=,9Oxz3SabFNcHDqLuwxpGyMnpDt0=
-15,20,BoqqyFcDH/YgqvXbhKpP/R4ch1k=,HZ6uE3p5uqp4btLWAc7cFSSi4kQ=
-12,20,BoqqyFcDH/YgqvXbhKpP/R4ch1k=,HgiRNBPJJxB0egLkA8wdwNMgIGY=
-12,18,BoqqyFcDH/YgqvXbhKpP/R4ch1k=,XRkd6GOR9qL7aMHdSIF57vFw4KI=
-12,17,BoqqyFcDH/YgqvXbhKpP/R4ch1k=,XRkd6GOR9qL7aMHdSIF57vFw4KI=
-11,18,BoqqyFcDH/YgqvXbhKpP/R4ch1k=,XRkd6GOR9qL7aMHdSIF57vFw4KI=
-11,21,BoqqyFcDH/YgqvXbhKpP/R4ch1k=,HgiRNBPJJxB0egLkA8wdwNMgIGY=
-14,21,BoqqyFcDH/YgqvXbhKpP/R4ch1k=,HZ6uE3p5uqp4btLWAc7cFSSi4kQ=
-15,21,BoqqyFcDH/YgqvXbhKpP/R4ch1k=,HZ6uE3p5uqp4btLWAc7cFSSi4kQ=
-14,20,BoqqyFcDH/YgqvXbhKpP/R4ch1k=,HZ6uE3p5uqp4btLWAc7cFSSi4kQ=
-13,21,BoqqyFcDH/YgqvXbhKpP/R4ch1k=,HZ6uE3p5uqp4btLWAc7cFSSi4kQ=
-16,20,BoqqyFcDH/YgqvXbhKpP/R4ch1k=,HZ6uE3p5uqp4btLWAc7cFSSi4kQ=
-7,16,BoqqyFcDH/YgqvXbhKpP/R4ch1k=,ZrW5MXzlg2Upz3d+MWUqrSXJNbY=
-9,17,BoqqyFcDH/YgqvXbhKpP/R4ch1k=,XRkd6GOR9qL7aMHdSIF57vFw4KI=
-8,17,BoqqyFcDH/YgqvXbhKpP/R4ch1k=,ZrW5MXzlg2Upz3d+MWUqrSXJNbY=
-7,17,BoqqyFcDH/YgqvXbhKpP/R4ch1k=,ZrW5MXzlg2Upz3d+MWUqrSXJNbY=
-9,16,BoqqyFcDH/YgqvXbhKpP/R4ch1k=,XRkd6GOR9qL7aMHdSIF57vFw4KI=
-8,16,BoqqyFcDH/YgqvXbhKpP/R4ch1k=,ZrW5MXzlg2Upz3d+MWUqrSXJNbY=
-10,16,BoqqyFcDH/YgqvXbhKpP/R4ch1k=,XRkd6GOR9qL7aMHdSIF57vFw4KI=
-3,17,BoqqyFcDH/YgqvXbhKpP/R4ch1k=,Gkqr4u3UgQ0p1O3NTK1XJtjv/fU=
-3,16,BoqqyFcDH/YgqvXbhKpP/R4ch1k=,Gkqr4u3UgQ0p1O3NTK1XJtjv/fU=
-10,17,BoqqyFcDH/YgqvXbhKpP/R4ch1k=,XRkd6GOR9qL7aMHdSIF57vFw4KI=
-6,17,BoqqyFcDH/YgqvXbhKpP/R4ch1k=,ZrW5MXzlg2Upz3d+MWUqrSXJNbY=
-6,16,BoqqyFcDH/YgqvXbhKpP/R4ch1k=,ZrW5MXzlg2Upz3d+MWUqrSXJNbY=
-4,17,BoqqyFcDH/YgqvXbhKpP/R4ch1k=,Gkqr4u3UgQ0p1O3NTK1XJtjv/fU=
-5,17,BoqqyFcDH/YgqvXbhKpP/R4ch1k=,ZrW5MXzlg2Upz3d+MWUqrSXJNbY=
-5,16,BoqqyFcDH/YgqvXbhKpP/R4ch1k=,ZrW5MXzlg2Upz3d+MWUqrSXJNbY=
-4,16,BoqqyFcDH/YgqvXbhKpP/R4ch1k=,Gkqr4u3UgQ0p1O3NTK1XJtjv/fU=
-2,19,u/65d5oWV05EtArcLDGP5AuXS+o=,Gkqr4u3UgQ0p1O3NTK1XJtjv/fU=
-1,18,u/65d5oWV05EtArcLDGP5AuXS+o=,Gkqr4u3UgQ0p1O3NTK1XJtjv/fU=
-2,21,u/65d5oWV05EtArcLDGP5AuXS+o=,01pf7GCj6xfaopavzKaNo6rCw1E=
-1,21,u/65d5oWV05EtArcLDGP5AuXS+o=,01pf7GCj6xfaopavzKaNo6rCw1E=
-1,20,u/65d5oWV05EtArcLDGP5AuXS+o=,01pf7GCj6xfaopavzKaNo6rCw1E=
-2,20,u/65d5oWV05EtArcLDGP5AuXS+o=,01pf7GCj6xfaopavzKaNo6rCw1E=
-2,18,u/65d5oWV05EtArcLDGP5AuXS+o=,Gkqr4u3UgQ0p1O3NTK1XJtjv/fU=
-1,19,u/65d5oWV05EtArcLDGP5AuXS+o=,Gkqr4u3UgQ0p1O3NTK1XJtjv/fU=
-2,23,u/65d5oWV05EtArcLDGP5AuXS+o=,01pf7GCj6xfaopavzKaNo6rCw1E=
-2,24,u/65d5oWV05EtArcLDGP5AuXS+o=,01pf7GCj6xfaopavzKaNo6rCw1E=
-2,22,u/65d5oWV05EtArcLDGP5AuXS+o=,01pf7GCj6xfaopavzKaNo6rCw1E=
-1,23,u/65d5oWV05EtArcLDGP5AuXS+o=,01pf7GCj6xfaopavzKaNo6rCw1E=
-1,25,u/65d5oWV05EtArcLDGP5AuXS+o=,01pf7GCj6xfaopavzKaNo6rCw1E=
-2,25,u/65d5oWV05EtArcLDGP5AuXS+o=,01pf7GCj6xfaopavzKaNo6rCw1E=
-1,24,u/65d5oWV05EtArcLDGP5AuXS+o=,01pf7GCj6xfaopavzKaNo6rCw1E=
-1,22,u/65d5oWV05EtArcLDGP5AuXS+o=,01pf7GCj6xfaopavzKaNo6rCw1E=
-12,30,u/65d5oWV05EtArcLDGP5AuXS+o=,4eduV9ujjhUTgkr12lL5fXHV76E=
-11,30,u/65d5oWV05EtArcLDGP5AuXS+o=,4eduV9ujjhUTgkr12lL5fXHV76E=
-14,30,u/65d5oWV05EtArcLDGP5AuXS+o=,6IpKy3priCFUrRSeO+ZwA92LG8k=
-13,30,u/65d5oWV05EtArcLDGP5AuXS+o=,6IpKy3priCFUrRSeO+ZwA92LG8k=
-15,28,ABY00jO+IXlRtYKt9uA1gm/unII=,6IpKy3priCFUrRSeO+ZwA92LG8k=
-15,30,ABY00jO+IXlRtYKt9uA1gm/unII=,6IpKy3priCFUrRSeO+ZwA92LG8k=
-1,16,ABY00jO+IXlRtYKt9uA1gm/unII=,Gkqr4u3UgQ0p1O3NTK1XJtjv/fU=
-2,16,ABY00jO+IXlRtYKt9uA1gm/unII=,Gkqr4u3UgQ0p1O3NTK1XJtjv/fU=
-1,17,ABY00jO+IXlRtYKt9uA1gm/unII=,Gkqr4u3UgQ0p1O3NTK1XJtjv/fU=
-15,27,ABY00jO+IXlRtYKt9uA1gm/unII=,X5zVOaSx4k9wdnz6vOTphb6jN8A=
-2,17,ABY00jO+IXlRtYKt9uA1gm/unII=,Gkqr4u3UgQ0p1O3NTK1XJtjv/fU=
-15,26,ABY00jO+IXlRtYKt9uA1gm/unII=,X5zVOaSx4k9wdnz6vOTphb6jN8A=
-16,26,ABY00jO+IXlRtYKt9uA1gm/unII=,X5zVOaSx4k9wdnz6vOTphb6jN8A=
-15,29,ABY00jO+IXlRtYKt9uA1gm/unII=,6IpKy3priCFUrRSeO+ZwA92LG8k=
-16,28,ABY00jO+IXlRtYKt9uA1gm/unII=,6IpKy3priCFUrRSeO+ZwA92LG8k=
-16,27,ABY00jO+IXlRtYKt9uA1gm/unII=,X5zVOaSx4k9wdnz6vOTphb6jN8A=
-16,29,ABY00jO+IXlRtYKt9uA1gm/unII=,6IpKy3priCFUrRSeO+ZwA92LG8k=
-16,30,ABY00jO+IXlRtYKt9uA1gm/unII=,6IpKy3priCFUrRSeO+ZwA92LG8k=
-15,17,ABY00jO+IXlRtYKt9uA1gm/unII=,9Oxz3SabFNcHDqLuwxpGyMnpDt0=
-16,17,ABY00jO+IXlRtYKt9uA1gm/unII=,9Oxz3SabFNcHDqLuwxpGyMnpDt0=
-16,16,ABY00jO+IXlRtYKt9uA1gm/unII=,9Oxz3SabFNcHDqLuwxpGyMnpDt0=
-15,16,ABY00jO+IXlRtYKt9uA1gm/unII=,9Oxz3SabFNcHDqLuwxpGyMnpDt0=
-1,26,ABY00jO+IXlRtYKt9uA1gm/unII=,01pf7GCj6xfaopavzKaNo6rCw1E=
-1,27,ZECAeGEWH1k0oigeigpOvf0hy4s=,01pf7GCj6xfaopavzKaNo6rCw1E=
-1,28,ZECAeGEWH1k0oigeigpOvf0hy4s=,rsqgdg4MH09/GkP0/rl5FWUDZBY=
-2,30,ZECAeGEWH1k0oigeigpOvf0hy4s=,rsqgdg4MH09/GkP0/rl5FWUDZBY=
-1,29,ZECAeGEWH1k0oigeigpOvf0hy4s=,rsqgdg4MH09/GkP0/rl5FWUDZBY=
-2,26,ZECAeGEWH1k0oigeigpOvf0hy4s=,01pf7GCj6xfaopavzKaNo6rCw1E=
-1,30,ZECAeGEWH1k0oigeigpOvf0hy4s=,rsqgdg4MH09/GkP0/rl5FWUDZBY=
-2,27,ZECAeGEWH1k0oigeigpOvf0hy4s=,01pf7GCj6xfaopavzKaNo6rCw1E=
-2,29,ZECAeGEWH1k0oigeigpOvf0hy4s=,rsqgdg4MH09/GkP0/rl5FWUDZBY=
-2,28,ZECAeGEWH1k0oigeigpOvf0hy4s=,rsqgdg4MH09/GkP0/rl5FWUDZBY=
-4,30,ZECAeGEWH1k0oigeigpOvf0hy4s=,rsqgdg4MH09/GkP0/rl5FWUDZBY=
-3,27,ZECAeGEWH1k0oigeigpOvf0hy4s=,01pf7GCj6xfaopavzKaNo6rCw1E=
-10,26,ZECAeGEWH1k0oigeigpOvf0hy4s=,3Fd11IXbBHMR36V+7PYkgcViszM=
-10,30,ZECAeGEWH1k0oigeigpOvf0hy4s=,4eduV9ujjhUTgkr12lL5fXHV76E=
-9,28,ZECAeGEWH1k0oigeigpOvf0hy4s=,4eduV9ujjhUTgkr12lL5fXHV76E=
-5,27,ZECAeGEWH1k0oigeigpOvf0hy4s=,I52ctb/+Rfqv3Q9NJptbPET7ANU=
-10,28,ZECAeGEWH1k0oigeigpOvf0hy4s=,4eduV9ujjhUTgkr12lL5fXHV76E=
-7,26,ZECAeGEWH1k0oigeigpOvf0hy4s=,I52ctb/+Rfqv3Q9NJptbPET7ANU=
-8,29,ZECAeGEWH1k0oigeigpOvf0hy4s=,NFD6E3HMM3jgpaZXqc//uByXtCo=
-4,26,ZECAeGEWH1k0oigeigpOvf0hy4s=,01pf7GCj6xfaopavzKaNo6rCw1E=
-8,27,ZECAeGEWH1k0oigeigpOvf0hy4s=,I52ctb/+Rfqv3Q9NJptbPET7ANU=
-3,29,ZECAeGEWH1k0oigeigpOvf0hy4s=,rsqgdg4MH09/GkP0/rl5FWUDZBY=
-5,30,ZECAeGEWH1k0oigeigpOvf0hy4s=,NFD6E3HMM3jgpaZXqc//uByXtCo=
-6,29,ZECAeGEWH1k0oigeigpOvf0hy4s=,NFD6E3HMM3jgpaZXqc//uByXtCo=
-9,30,ZECAeGEWH1k0oigeigpOvf0hy4s=,4eduV9ujjhUTgkr12lL5fXHV76E=
-6,30,ZECAeGEWH1k0oigeigpOvf0hy4s=,NFD6E3HMM3jgpaZXqc//uByXtCo=
-4,27,ZECAeGEWH1k0oigeigpOvf0hy4s=,01pf7GCj6xfaopavzKaNo6rCw1E=
-5,28,ZECAeGEWH1k0oigeigpOvf0hy4s=,NFD6E3HMM3jgpaZXqc//uByXtCo=
-6,26,ZECAeGEWH1k0oigeigpOvf0hy4s=,I52ctb/+Rfqv3Q9NJptbPET7ANU=
-8,28,ZECAeGEWH1k0oigeigpOvf0hy4s=,NFD6E3HMM3jgpaZXqc//uByXtCo=
-3,28,ZECAeGEWH1k0oigeigpOvf0hy4s=,rsqgdg4MH09/GkP0/rl5FWUDZBY=
-5,26,ZECAeGEWH1k0oigeigpOvf0hy4s=,I52ctb/+Rfqv3Q9NJptbPET7ANU=
-4,29,ZECAeGEWH1k0oigeigpOvf0hy4s=,rsqgdg4MH09/GkP0/rl5FWUDZBY=
-7,29,ZECAeGEWH1k0oigeigpOvf0hy4s=,NFD6E3HMM3jgpaZXqc//uByXtCo=
-3,30,ZECAeGEWH1k0oigeigpOvf0hy4s=,rsqgdg4MH09/GkP0/rl5FWUDZBY=
-4,28,ZECAeGEWH1k0oigeigpOvf0hy4s=,rsqgdg4MH09/GkP0/rl5FWUDZBY=
-5,29,ZECAeGEWH1k0oigeigpOvf0hy4s=,NFD6E3HMM3jgpaZXqc//uByXtCo=
-8,30,ZECAeGEWH1k0oigeigpOvf0hy4s=,NFD6E3HMM3jgpaZXqc//uByXtCo=
-7,28,ZECAeGEWH1k0oigeigpOvf0hy4s=,NFD6E3HMM3jgpaZXqc//uByXtCo=
-7,27,ZECAeGEWH1k0oigeigpOvf0hy4s=,I52ctb/+Rfqv3Q9NJptbPET7ANU=
-9,29,ZECAeGEWH1k0oigeigpOvf0hy4s=,4eduV9ujjhUTgkr12lL5fXHV76E=
-10,29,ZECAeGEWH1k0oigeigpOvf0hy4s=,4eduV9ujjhUTgkr12lL5fXHV76E=
-6,28,ZECAeGEWH1k0oigeigpOvf0hy4s=,NFD6E3HMM3jgpaZXqc//uByXtCo=
-9,26,ZECAeGEWH1k0oigeigpOvf0hy4s=,3Fd11IXbBHMR36V+7PYkgcViszM=
-6,27,ZECAeGEWH1k0oigeigpOvf0hy4s=,I52ctb/+Rfqv3Q9NJptbPET7ANU=
-3,26,ZECAeGEWH1k0oigeigpOvf0hy4s=,01pf7GCj6xfaopavzKaNo6rCw1E=
-8,26,ZECAeGEWH1k0oigeigpOvf0hy4s=,I52ctb/+Rfqv3Q9NJptbPET7ANU=
-9,27,ZECAeGEWH1k0oigeigpOvf0hy4s=,3Fd11IXbBHMR36V+7PYkgcViszM=
-10,27,ZECAeGEWH1k0oigeigpOvf0hy4s=,3Fd11IXbBHMR36V+7PYkgcViszM=
-7,30,ZECAeGEWH1k0oigeigpOvf0hy4s=,NFD6E3HMM3jgpaZXqc//uByXtCo=
-13,2,miaphbMGqaGCNPSGQwKtggvA9Wc=,eszo/MqCmLG1lAAMpBvf2G0r9eY=
-11,4,miaphbMGqaGCNPSGQwKtggvA9Wc=,E9q2ffBbkNhnZt9x4uA1jmrk3TM=
-14,2,miaphbMGqaGCNPSGQwKtggvA9Wc=,eszo/MqCmLG1lAAMpBvf2G0r9eY=
-12,5,miaphbMGqaGCNPSGQwKtggvA9Wc=,E9q2ffBbkNhnZt9x4uA1jmrk3TM=
-13,3,miaphbMGqaGCNPSGQwKtggvA9Wc=,eszo/MqCmLG1lAAMpBvf2G0r9eY=
-13,4,miaphbMGqaGCNPSGQwKtggvA9Wc=,77HxcO0k57X4VIFA0rvBK3shk64=
-14,4,miaphbMGqaGCNPSGQwKtggvA9Wc=,77HxcO0k57X4VIFA0rvBK3shk64=
-12,4,miaphbMGqaGCNPSGQwKtggvA9Wc=,E9q2ffBbkNhnZt9x4uA1jmrk3TM=
-13,5,miaphbMGqaGCNPSGQwKtggvA9Wc=,77HxcO0k57X4VIFA0rvBK3shk64=
-11,5,miaphbMGqaGCNPSGQwKtggvA9Wc=,E9q2ffBbkNhnZt9x4uA1jmrk3TM=
-12,2,miaphbMGqaGCNPSGQwKtggvA9Wc=,QzAjA/DaDoVzQE++AsrvysQkcZ4=
-11,3,miaphbMGqaGCNPSGQwKtggvA9Wc=,QzAjA/DaDoVzQE++AsrvysQkcZ4=
-14,3,miaphbMGqaGCNPSGQwKtggvA9Wc=,eszo/MqCmLG1lAAMpBvf2G0r9eY=
-11,2,miaphbMGqaGCNPSGQwKtggvA9Wc=,QzAjA/DaDoVzQE++AsrvysQkcZ4=
-14,5,miaphbMGqaGCNPSGQwKtggvA9Wc=,77HxcO0k57X4VIFA0rvBK3shk64=
-12,3,miaphbMGqaGCNPSGQwKtggvA9Wc=,QzAjA/DaDoVzQE++AsrvysQkcZ4=
-9,5,I3yP/daTuj16NDfyK6Khlrcptpo=,E9q2ffBbkNhnZt9x4uA1jmrk3TM=
-9,2,I3yP/daTuj16NDfyK6Khlrcptpo=,QzAjA/DaDoVzQE++AsrvysQkcZ4=
-7,3,I3yP/daTuj16NDfyK6Khlrcptpo=,MWZYGEBMKjjaTEueVW84kpevHTQ=
-10,5,I3yP/daTuj16NDfyK6Khlrcptpo=,E9q2ffBbkNhnZt9x4uA1jmrk3TM=
-10,4,I3yP/daTuj16NDfyK6Khlrcptpo=,E9q2ffBbkNhnZt9x4uA1jmrk3TM=
-10,2,I3yP/daTuj16NDfyK6Khlrcptpo=,QzAjA/DaDoVzQE++AsrvysQkcZ4=
-10,3,I3yP/daTuj16NDfyK6Khlrcptpo=,QzAjA/DaDoVzQE++AsrvysQkcZ4=
-7,4,I3yP/daTuj16NDfyK6Khlrcptpo=,T1al/NwxyP2qDVDGx2HeGHvN1kk=
-7,5,I3yP/daTuj16NDfyK6Khlrcptpo=,T1al/NwxyP2qDVDGx2HeGHvN1kk=
-9,3,I3yP/daTuj16NDfyK6Khlrcptpo=,QzAjA/DaDoVzQE++AsrvysQkcZ4=
-8,5,I3yP/daTuj16NDfyK6Khlrcptpo=,T1al/NwxyP2qDVDGx2HeGHvN1kk=
-7,2,I3yP/daTuj16NDfyK6Khlrcptpo=,MWZYGEBMKjjaTEueVW84kpevHTQ=
-8,4,I3yP/daTuj16NDfyK6Khlrcptpo=,T1al/NwxyP2qDVDGx2HeGHvN1kk=
-8,2,I3yP/daTuj16NDfyK6Khlrcptpo=,MWZYGEBMKjjaTEueVW84kpevHTQ=
-8,3,I3yP/daTuj16NDfyK6Khlrcptpo=,MWZYGEBMKjjaTEueVW84kpevHTQ=
-9,4,I3yP/daTuj16NDfyK6Khlrcptpo=,E9q2ffBbkNhnZt9x4uA1jmrk3TM=
-3,5,JOkQb9KD+C69WaX9p3X1CvHiUPI=,bjJ5LwgOiHDErh1ks4fjXe/h3+w=
-5,5,JOkQb9KD+C69WaX9p3X1CvHiUPI=,T1al/NwxyP2qDVDGx2HeGHvN1kk=
-4,5,JOkQb9KD+C69WaX9p3X1CvHiUPI=,bjJ5LwgOiHDErh1ks4fjXe/h3+w=
-4,3,JOkQb9KD+C69WaX9p3X1CvHiUPI=,RVQ+cEu0SgjLxxPuwg4XPN2qsZ8=
-3,3,JOkQb9KD+C69WaX9p3X1CvHiUPI=,RVQ+cEu0SgjLxxPuwg4XPN2qsZ8=
-3,2,JOkQb9KD+C69WaX9p3X1CvHiUPI=,RVQ+cEu0SgjLxxPuwg4XPN2qsZ8=
-4,4,JOkQb9KD+C69WaX9p3X1CvHiUPI=,bjJ5LwgOiHDErh1ks4fjXe/h3+w=
-4,2,JOkQb9KD+C69WaX9p3X1CvHiUPI=,RVQ+cEu0SgjLxxPuwg4XPN2qsZ8=
-5,2,JOkQb9KD+C69WaX9p3X1CvHiUPI=,MWZYGEBMKjjaTEueVW84kpevHTQ=
-5,4,JOkQb9KD+C69WaX9p3X1CvHiUPI=,T1al/NwxyP2qDVDGx2HeGHvN1kk=
-6,4,JOkQb9KD+C69WaX9p3X1CvHiUPI=,T1al/NwxyP2qDVDGx2HeGHvN1kk=
-6,2,JOkQb9KD+C69WaX9p3X1CvHiUPI=,MWZYGEBMKjjaTEueVW84kpevHTQ=
-6,3,JOkQb9KD+C69WaX9p3X1CvHiUPI=,MWZYGEBMKjjaTEueVW84kpevHTQ=
-5,3,JOkQb9KD+C69WaX9p3X1CvHiUPI=,MWZYGEBMKjjaTEueVW84kpevHTQ=
-6,5,JOkQb9KD+C69WaX9p3X1CvHiUPI=,T1al/NwxyP2qDVDGx2HeGHvN1kk=
-3,4,JOkQb9KD+C69WaX9p3X1CvHiUPI=,bjJ5LwgOiHDErh1ks4fjXe/h3+w=
-6,9,VRawS4UuUmaSIT6Ax5GFdgnMBHA=,+oHbxPXzrF2jc5R5JMnHZRW7BO0=
-3,7,VRawS4UuUmaSIT6Ax5GFdgnMBHA=,bjJ5LwgOiHDErh1ks4fjXe/h3+w=
-5,9,VRawS4UuUmaSIT6Ax5GFdgnMBHA=,+oHbxPXzrF2jc5R5JMnHZRW7BO0=
-3,9,VRawS4UuUmaSIT6Ax5GFdgnMBHA=,WkcAF4VTSA1K57bj9QrfJnmuZ1A=
-6,6,VRawS4UuUmaSIT6Ax5GFdgnMBHA=,T1al/NwxyP2qDVDGx2HeGHvN1kk=
-5,8,VRawS4UuUmaSIT6Ax5GFdgnMBHA=,+oHbxPXzrF2jc5R5JMnHZRW7BO0=
-4,6,VRawS4UuUmaSIT6Ax5GFdgnMBHA=,bjJ5LwgOiHDErh1ks4fjXe/h3+w=
-5,6,VRawS4UuUmaSIT6Ax5GFdgnMBHA=,T1al/NwxyP2qDVDGx2HeGHvN1kk=
-3,6,VRawS4UuUmaSIT6Ax5GFdgnMBHA=,bjJ5LwgOiHDErh1ks4fjXe/h3+w=
-6,8,VRawS4UuUmaSIT6Ax5GFdgnMBHA=,+oHbxPXzrF2jc5R5JMnHZRW7BO0=
-4,7,VRawS4UuUmaSIT6Ax5GFdgnMBHA=,bjJ5LwgOiHDErh1ks4fjXe/h3+w=
-4,8,VRawS4UuUmaSIT6Ax5GFdgnMBHA=,WkcAF4VTSA1K57bj9QrfJnmuZ1A=
-5,7,VRawS4UuUmaSIT6Ax5GFdgnMBHA=,T1al/NwxyP2qDVDGx2HeGHvN1kk=
-3,8,VRawS4UuUmaSIT6Ax5GFdgnMBHA=,WkcAF4VTSA1K57bj9QrfJnmuZ1A=
-6,7,VRawS4UuUmaSIT6Ax5GFdgnMBHA=,T1al/NwxyP2qDVDGx2HeGHvN1kk=
-4,9,VRawS4UuUmaSIT6Ax5GFdgnMBHA=,WkcAF4VTSA1K57bj9QrfJnmuZ1A=
-4,10,w0F2dfYgS9360g19OLQ+dhOJSmc=,WkcAF4VTSA1K57bj9QrfJnmuZ1A=
-3,12,w0F2dfYgS9360g19OLQ+dhOJSmc=,WkcAF4VTSA1K57bj9QrfJnmuZ1A=
-6,10,w0F2dfYgS9360g19OLQ+dhOJSmc=,+oHbxPXzrF2jc5R5JMnHZRW7BO0=
-6,11,w0F2dfYgS9360g19OLQ+dhOJSmc=,+oHbxPXzrF2jc5R5JMnHZRW7BO0=
-6,13,w0F2dfYgS9360g19OLQ+dhOJSmc=,XRkd6GOR9qL7aMHdSIF57vFw4KI=
-6,12,w0F2dfYgS9360g19OLQ+dhOJSmc=,XRkd6GOR9qL7aMHdSIF57vFw4KI=
-3,13,w0F2dfYgS9360g19OLQ+dhOJSmc=,WkcAF4VTSA1K57bj9QrfJnmuZ1A=
-5,10,w0F2dfYgS9360g19OLQ+dhOJSmc=,+oHbxPXzrF2jc5R5JMnHZRW7BO0=
-5,12,w0F2dfYgS9360g19OLQ+dhOJSmc=,XRkd6GOR9qL7aMHdSIF57vFw4KI=
-4,11,w0F2dfYgS9360g19OLQ+dhOJSmc=,WkcAF4VTSA1K57bj9QrfJnmuZ1A=
-3,10,w0F2dfYgS9360g19OLQ+dhOJSmc=,WkcAF4VTSA1K57bj9QrfJnmuZ1A=
-3,11,w0F2dfYgS9360g19OLQ+dhOJSmc=,WkcAF4VTSA1K57bj9QrfJnmuZ1A=
-5,13,w0F2dfYgS9360g19OLQ+dhOJSmc=,XRkd6GOR9qL7aMHdSIF57vFw4KI=
-5,11,w0F2dfYgS9360g19OLQ+dhOJSmc=,+oHbxPXzrF2jc5R5JMnHZRW7BO0=
-4,13,w0F2dfYgS9360g19OLQ+dhOJSmc=,WkcAF4VTSA1K57bj9QrfJnmuZ1A=
-4,12,w0F2dfYgS9360g19OLQ+dhOJSmc=,WkcAF4VTSA1K57bj9QrfJnmuZ1A=
-9,9,sGKyhSOz4WQMznADNWgDsOcit8M=,pkjAtQwrC49xBhf/dEIvI9Pc5iQ=
-7,7,sGKyhSOz4WQMznADNWgDsOcit8M=,T1al/NwxyP2qDVDGx2HeGHvN1kk=
-8,6,sGKyhSOz4WQMznADNWgDsOcit8M=,T1al/NwxyP2qDVDGx2HeGHvN1kk=
-9,6,sGKyhSOz4WQMznADNWgDsOcit8M=,E9q2ffBbkNhnZt9x4uA1jmrk3TM=
-10,8,sGKyhSOz4WQMznADNWgDsOcit8M=,pkjAtQwrC49xBhf/dEIvI9Pc5iQ=
-10,7,sGKyhSOz4WQMznADNWgDsOcit8M=,E9q2ffBbkNhnZt9x4uA1jmrk3TM=
-8,7,sGKyhSOz4WQMznADNWgDsOcit8M=,T1al/NwxyP2qDVDGx2HeGHvN1kk=
-7,6,sGKyhSOz4WQMznADNWgDsOcit8M=,T1al/NwxyP2qDVDGx2HeGHvN1kk=
-9,7,sGKyhSOz4WQMznADNWgDsOcit8M=,E9q2ffBbkNhnZt9x4uA1jmrk3TM=
-8,9,sGKyhSOz4WQMznADNWgDsOcit8M=,+oHbxPXzrF2jc5R5JMnHZRW7BO0=
-9,8,sGKyhSOz4WQMznADNWgDsOcit8M=,pkjAtQwrC49xBhf/dEIvI9Pc5iQ=
-7,9,sGKyhSOz4WQMznADNWgDsOcit8M=,+oHbxPXzrF2jc5R5JMnHZRW7BO0=
-7,8,sGKyhSOz4WQMznADNWgDsOcit8M=,+oHbxPXzrF2jc5R5JMnHZRW7BO0=
-8,8,sGKyhSOz4WQMznADNWgDsOcit8M=,+oHbxPXzrF2jc5R5JMnHZRW7BO0=
-10,6,sGKyhSOz4WQMznADNWgDsOcit8M=,E9q2ffBbkNhnZt9x4uA1jmrk3TM=
-10,9,sGKyhSOz4WQMznADNWgDsOcit8M=,pkjAtQwrC49xBhf/dEIvI9Pc5iQ=
-11,7,vVWznvIESERZTifA6Q7aXhRsT/A=,E9q2ffBbkNhnZt9x4uA1jmrk3TM=
-12,9,vVWznvIESERZTifA6Q7aXhRsT/A=,pkjAtQwrC49xBhf/dEIvI9Pc5iQ=
-11,9,vVWznvIESERZTifA6Q7aXhRsT/A=,pkjAtQwrC49xBhf/dEIvI9Pc5iQ=
-14,9,vVWznvIESERZTifA6Q7aXhRsT/A=,4LwYq5cFUWSg4kcvtJ3GA2MyJe0=
-13,7,vVWznvIESERZTifA6Q7aXhRsT/A=,77HxcO0k57X4VIFA0rvBK3shk64=
-14,8,vVWznvIESERZTifA6Q7aXhRsT/A=,4LwYq5cFUWSg4kcvtJ3GA2MyJe0=
-13,6,vVWznvIESERZTifA6Q7aXhRsT/A=,77HxcO0k57X4VIFA0rvBK3shk64=
-11,8,vVWznvIESERZTifA6Q7aXhRsT/A=,pkjAtQwrC49xBhf/dEIvI9Pc5iQ=
-13,9,vVWznvIESERZTifA6Q7aXhRsT/A=,4LwYq5cFUWSg4kcvtJ3GA2MyJe0=
-12,6,vVWznvIESERZTifA6Q7aXhRsT/A=,E9q2ffBbkNhnZt9x4uA1jmrk3TM=
-14,7,vVWznvIESERZTifA6Q7aXhRsT/A=,77HxcO0k57X4VIFA0rvBK3shk64=
-12,8,vVWznvIESERZTifA6Q7aXhRsT/A=,pkjAtQwrC49xBhf/dEIvI9Pc5iQ=
-12,7,vVWznvIESERZTifA6Q7aXhRsT/A=,E9q2ffBbkNhnZt9x4uA1jmrk3TM=
-13,8,vVWznvIESERZTifA6Q7aXhRsT/A=,4LwYq5cFUWSg4kcvtJ3GA2MyJe0=
-14,6,vVWznvIESERZTifA6Q7aXhRsT/A=,77HxcO0k57X4VIFA0rvBK3shk64=
-11,6,vVWznvIESERZTifA6Q7aXhRsT/A=,E9q2ffBbkNhnZt9x4uA1jmrk3TM=
-8,10,vVWznvIESERZTifA6Q7aXhRsT/A=,+oHbxPXzrF2jc5R5JMnHZRW7BO0=
-7,13,vVWznvIESERZTifA6Q7aXhRsT/A=,XRkd6GOR9qL7aMHdSIF57vFw4KI=
-8,13,vVWznvIESERZTifA6Q7aXhRsT/A=,XRkd6GOR9qL7aMHdSIF57vFw4KI=
-10,12,vVWznvIESERZTifA6Q7aXhRsT/A=,XRkd6GOR9qL7aMHdSIF57vFw4KI=
-10,11,vVWznvIESERZTifA6Q7aXhRsT/A=,pkjAtQwrC49xBhf/dEIvI9Pc5iQ=
-10,13,vVWznvIESERZTifA6Q7aXhRsT/A=,XRkd6GOR9qL7aMHdSIF57vFw4KI=
-9,13,vVWznvIESERZTifA6Q7aXhRsT/A=,XRkd6GOR9qL7aMHdSIF57vFw4KI=
-9,10,vVWznvIESERZTifA6Q7aXhRsT/A=,pkjAtQwrC49xBhf/dEIvI9Pc5iQ=
-13,13,vVWznvIESERZTifA6Q7aXhRsT/A=,Bkbq6ZcLbkPcNHczk6fz56vRoyU=
-9,11,vVWznvIESERZTifA6Q7aXhRsT/A=,pkjAtQwrC49xBhf/dEIvI9Pc5iQ=
-7,10,vVWznvIESERZTifA6Q7aXhRsT/A=,+oHbxPXzrF2jc5R5JMnHZRW7BO0=
-12,12,vVWznvIESERZTifA6Q7aXhRsT/A=,XRkd6GOR9qL7aMHdSIF57vFw4KI=
-10,10,vVWznvIESERZTifA6Q7aXhRsT/A=,pkjAtQwrC49xBhf/dEIvI9Pc5iQ=
-7,11,vVWznvIESERZTifA6Q7aXhRsT/A=,+oHbxPXzrF2jc5R5JMnHZRW7BO0=
-7,12,vVWznvIESERZTifA6Q7aXhRsT/A=,XRkd6GOR9qL7aMHdSIF57vFw4KI=
-13,10,vVWznvIESERZTifA6Q7aXhRsT/A=,4LwYq5cFUWSg4kcvtJ3GA2MyJe0=
-8,11,vVWznvIESERZTifA6Q7aXhRsT/A=,+oHbxPXzrF2jc5R5JMnHZRW7BO0=
-9,12,vVWznvIESERZTifA6Q7aXhRsT/A=,XRkd6GOR9qL7aMHdSIF57vFw4KI=
-11,13,vVWznvIESERZTifA6Q7aXhRsT/A=,XRkd6GOR9qL7aMHdSIF57vFw4KI=
-13,11,vVWznvIESERZTifA6Q7aXhRsT/A=,4LwYq5cFUWSg4kcvtJ3GA2MyJe0=
-11,11,vVWznvIESERZTifA6Q7aXhRsT/A=,pkjAtQwrC49xBhf/dEIvI9Pc5iQ=
-14,10,vVWznvIESERZTifA6Q7aXhRsT/A=,4LwYq5cFUWSg4kcvtJ3GA2MyJe0=
-13,12,vVWznvIESERZTifA6Q7aXhRsT/A=,Bkbq6ZcLbkPcNHczk6fz56vRoyU=
-14,11,vVWznvIESERZTifA6Q7aXhRsT/A=,4LwYq5cFUWSg4kcvtJ3GA2MyJe0=
-12,11,vVWznvIESERZTifA6Q7aXhRsT/A=,pkjAtQwrC49xBhf/dEIvI9Pc5iQ=
-12,10,vVWznvIESERZTifA6Q7aXhRsT/A=,pkjAtQwrC49xBhf/dEIvI9Pc5iQ=
-11,10,vVWznvIESERZTifA6Q7aXhRsT/A=,pkjAtQwrC49xBhf/dEIvI9Pc5iQ=
-14,13,vVWznvIESERZTifA6Q7aXhRsT/A=,Bkbq6ZcLbkPcNHczk6fz56vRoyU=
-12,13,vVWznvIESERZTifA6Q7aXhRsT/A=,XRkd6GOR9qL7aMHdSIF57vFw4KI=
-14,12,vVWznvIESERZTifA6Q7aXhRsT/A=,Bkbq6ZcLbkPcNHczk6fz56vRoyU=
-11,12,vVWznvIESERZTifA6Q7aXhRsT/A=,XRkd6GOR9qL7aMHdSIF57vFw4KI=
-8,12,vVWznvIESERZTifA6Q7aXhRsT/A=,XRkd6GOR9qL7aMHdSIF57vFw4KI=
-15,11,e22WQ3hj5A8KqhOGAmWpqBV2KNo=,4LwYq5cFUWSg4kcvtJ3GA2MyJe0=
-15,10,e22WQ3hj5A8KqhOGAmWpqBV2KNo=,4LwYq5cFUWSg4kcvtJ3GA2MyJe0=
-16,12,e22WQ3hj5A8KqhOGAmWpqBV2KNo=,Bkbq6ZcLbkPcNHczk6fz56vRoyU=
-14,15,e22WQ3hj5A8KqhOGAmWpqBV2KNo=,Bkbq6ZcLbkPcNHczk6fz56vRoyU=
-16,13,e22WQ3hj5A8KqhOGAmWpqBV2KNo=,Bkbq6ZcLbkPcNHczk6fz56vRoyU=
-16,14,e22WQ3hj5A8KqhOGAmWpqBV2KNo=,Bkbq6ZcLbkPcNHczk6fz56vRoyU=
-15,12,e22WQ3hj5A8KqhOGAmWpqBV2KNo=,Bkbq6ZcLbkPcNHczk6fz56vRoyU=
-15,15,e22WQ3hj5A8KqhOGAmWpqBV2KNo=,Bkbq6ZcLbkPcNHczk6fz56vRoyU=
-15,13,e22WQ3hj5A8KqhOGAmWpqBV2KNo=,Bkbq6ZcLbkPcNHczk6fz56vRoyU=
-16,15,e22WQ3hj5A8KqhOGAmWpqBV2KNo=,Bkbq6ZcLbkPcNHczk6fz56vRoyU=
-12,14,e22WQ3hj5A8KqhOGAmWpqBV2KNo=,XRkd6GOR9qL7aMHdSIF57vFw4KI=
-11,14,e22WQ3hj5A8KqhOGAmWpqBV2KNo=,XRkd6GOR9qL7aMHdSIF57vFw4KI=
-16,10,e22WQ3hj5A8KqhOGAmWpqBV2KNo=,4LwYq5cFUWSg4kcvtJ3GA2MyJe0=
-12,15,e22WQ3hj5A8KqhOGAmWpqBV2KNo=,XRkd6GOR9qL7aMHdSIF57vFw4KI=
-14,14,e22WQ3hj5A8KqhOGAmWpqBV2KNo=,Bkbq6ZcLbkPcNHczk6fz56vRoyU=
-11,15,e22WQ3hj5A8KqhOGAmWpqBV2KNo=,XRkd6GOR9qL7aMHdSIF57vFw4KI=
-16,11,e22WQ3hj5A8KqhOGAmWpqBV2KNo=,4LwYq5cFUWSg4kcvtJ3GA2MyJe0=
-15,14,e22WQ3hj5A8KqhOGAmWpqBV2KNo=,Bkbq6ZcLbkPcNHczk6fz56vRoyU=
-13,15,e22WQ3hj5A8KqhOGAmWpqBV2KNo=,Bkbq6ZcLbkPcNHczk6fz56vRoyU=
-13,14,e22WQ3hj5A8KqhOGAmWpqBV2KNo=,Bkbq6ZcLbkPcNHczk6fz56vRoyU=
-10,1,e22WQ3hj5A8KqhOGAmWpqBV2KNo=,QzAjA/DaDoVzQE++AsrvysQkcZ4=
-3,1,e22WQ3hj5A8KqhOGAmWpqBV2KNo=,RVQ+cEu0SgjLxxPuwg4XPN2qsZ8=
-5,0,e22WQ3hj5A8KqhOGAmWpqBV2KNo=,MWZYGEBMKjjaTEueVW84kpevHTQ=
-7,0,e22WQ3hj5A8KqhOGAmWpqBV2KNo=,MWZYGEBMKjjaTEueVW84kpevHTQ=
-9,1,e22WQ3hj5A8KqhOGAmWpqBV2KNo=,QzAjA/DaDoVzQE++AsrvysQkcZ4=
-4,0,e22WQ3hj5A8KqhOGAmWpqBV2KNo=,RVQ+cEu0SgjLxxPuwg4XPN2qsZ8=
-8,0,e22WQ3hj5A8KqhOGAmWpqBV2KNo=,MWZYGEBMKjjaTEueVW84kpevHTQ=
-6,1,e22WQ3hj5A8KqhOGAmWpqBV2KNo=,MWZYGEBMKjjaTEueVW84kpevHTQ=
-10,0,e22WQ3hj5A8KqhOGAmWpqBV2KNo=,QzAjA/DaDoVzQE++AsrvysQkcZ4=
-3,0,e22WQ3hj5A8KqhOGAmWpqBV2KNo=,RVQ+cEu0SgjLxxPuwg4XPN2qsZ8=
-5,1,e22WQ3hj5A8KqhOGAmWpqBV2KNo=,MWZYGEBMKjjaTEueVW84kpevHTQ=
-4,1,e22WQ3hj5A8KqhOGAmWpqBV2KNo=,RVQ+cEu0SgjLxxPuwg4XPN2qsZ8=
-7,1,e22WQ3hj5A8KqhOGAmWpqBV2KNo=,MWZYGEBMKjjaTEueVW84kpevHTQ=
-9,0,e22WQ3hj5A8KqhOGAmWpqBV2KNo=,QzAjA/DaDoVzQE++AsrvysQkcZ4=
-6,0,e22WQ3hj5A8KqhOGAmWpqBV2KNo=,MWZYGEBMKjjaTEueVW84kpevHTQ=
-8,1,e22WQ3hj5A8KqhOGAmWpqBV2KNo=,MWZYGEBMKjjaTEueVW84kpevHTQ=
-1,3,EJGhdB2pp+XA35rgwUZSfMIvhac=,RVQ+cEu0SgjLxxPuwg4XPN2qsZ8=
-2,2,EJGhdB2pp+XA35rgwUZSfMIvhac=,RVQ+cEu0SgjLxxPuwg4XPN2qsZ8=
-2,3,EJGhdB2pp+XA35rgwUZSfMIvhac=,RVQ+cEu0SgjLxxPuwg4XPN2qsZ8=
-1,2,EJGhdB2pp+XA35rgwUZSfMIvhac=,RVQ+cEu0SgjLxxPuwg4XPN2qsZ8=
-1,5,EJGhdB2pp+XA35rgwUZSfMIvhac=,bjJ5LwgOiHDErh1ks4fjXe/h3+w=
-2,5,EJGhdB2pp+XA35rgwUZSfMIvhac=,bjJ5LwgOiHDErh1ks4fjXe/h3+w=
-1,4,EJGhdB2pp+XA35rgwUZSfMIvhac=,bjJ5LwgOiHDErh1ks4fjXe/h3+w=
-1,9,EJGhdB2pp+XA35rgwUZSfMIvhac=,WkcAF4VTSA1K57bj9QrfJnmuZ1A=
-2,8,EJGhdB2pp+XA35rgwUZSfMIvhac=,WkcAF4VTSA1K57bj9QrfJnmuZ1A=
-1,7,EJGhdB2pp+XA35rgwUZSfMIvhac=,bjJ5LwgOiHDErh1ks4fjXe/h3+w=
-1,8,EJGhdB2pp+XA35rgwUZSfMIvhac=,WkcAF4VTSA1K57bj9QrfJnmuZ1A=
-2,4,EJGhdB2pp+XA35rgwUZSfMIvhac=,bjJ5LwgOiHDErh1ks4fjXe/h3+w=
-2,6,EJGhdB2pp+XA35rgwUZSfMIvhac=,bjJ5LwgOiHDErh1ks4fjXe/h3+w=
-2,7,EJGhdB2pp+XA35rgwUZSfMIvhac=,bjJ5LwgOiHDErh1ks4fjXe/h3+w=
-2,13,EJGhdB2pp+XA35rgwUZSfMIvhac=,WkcAF4VTSA1K57bj9QrfJnmuZ1A=
-1,12,EJGhdB2pp+XA35rgwUZSfMIvhac=,WkcAF4VTSA1K57bj9QrfJnmuZ1A=
-2,9,EJGhdB2pp+XA35rgwUZSfMIvhac=,WkcAF4VTSA1K57bj9QrfJnmuZ1A=
-1,10,EJGhdB2pp+XA35rgwUZSfMIvhac=,WkcAF4VTSA1K57bj9QrfJnmuZ1A=
-1,13,EJGhdB2pp+XA35rgwUZSfMIvhac=,WkcAF4VTSA1K57bj9QrfJnmuZ1A=
-2,12,EJGhdB2pp+XA35rgwUZSfMIvhac=,WkcAF4VTSA1K57bj9QrfJnmuZ1A=
-1,6,EJGhdB2pp+XA35rgwUZSfMIvhac=,bjJ5LwgOiHDErh1ks4fjXe/h3+w=
-2,11,EJGhdB2pp+XA35rgwUZSfMIvhac=,WkcAF4VTSA1K57bj9QrfJnmuZ1A=
-1,11,EJGhdB2pp+XA35rgwUZSfMIvhac=,WkcAF4VTSA1K57bj9QrfJnmuZ1A=
-2,10,EJGhdB2pp+XA35rgwUZSfMIvhac=,WkcAF4VTSA1K57bj9QrfJnmuZ1A=
-15,8,EJGhdB2pp+XA35rgwUZSfMIvhac=,4LwYq5cFUWSg4kcvtJ3GA2MyJe0=
-16,5,EJGhdB2pp+XA35rgwUZSfMIvhac=,77HxcO0k57X4VIFA0rvBK3shk64=
-15,7,EJGhdB2pp+XA35rgwUZSfMIvhac=,77HxcO0k57X4VIFA0rvBK3shk64=
-16,6,EJGhdB2pp+XA35rgwUZSfMIvhac=,77HxcO0k57X4VIFA0rvBK3shk64=
-15,4,EJGhdB2pp+XA35rgwUZSfMIvhac=,77HxcO0k57X4VIFA0rvBK3shk64=
-15,6,EJGhdB2pp+XA35rgwUZSfMIvhac=,77HxcO0k57X4VIFA0rvBK3shk64=
-16,4,EJGhdB2pp+XA35rgwUZSfMIvhac=,77HxcO0k57X4VIFA0rvBK3shk64=
-16,7,EJGhdB2pp+XA35rgwUZSfMIvhac=,77HxcO0k57X4VIFA0rvBK3shk64=
-15,9,EJGhdB2pp+XA35rgwUZSfMIvhac=,4LwYq5cFUWSg4kcvtJ3GA2MyJe0=
-16,9,EJGhdB2pp+XA35rgwUZSfMIvhac=,4LwYq5cFUWSg4kcvtJ3GA2MyJe0=
-15,5,EJGhdB2pp+XA35rgwUZSfMIvhac=,77HxcO0k57X4VIFA0rvBK3shk64=
-11,1,EJGhdB2pp+XA35rgwUZSfMIvhac=,QzAjA/DaDoVzQE++AsrvysQkcZ4=
-15,3,EJGhdB2pp+XA35rgwUZSfMIvhac=,eszo/MqCmLG1lAAMpBvf2G0r9eY=
-16,3,EJGhdB2pp+XA35rgwUZSfMIvhac=,eszo/MqCmLG1lAAMpBvf2G0r9eY=
-14,0,EJGhdB2pp+XA35rgwUZSfMIvhac=,eszo/MqCmLG1lAAMpBvf2G0r9eY=
-15,1,EJGhdB2pp+XA35rgwUZSfMIvhac=,eszo/MqCmLG1lAAMpBvf2G0r9eY=
-16,0,EJGhdB2pp+XA35rgwUZSfMIvhac=,eszo/MqCmLG1lAAMpBvf2G0r9eY=
-13,1,EJGhdB2pp+XA35rgwUZSfMIvhac=,eszo/MqCmLG1lAAMpBvf2G0r9eY=
-16,8,EJGhdB2pp+XA35rgwUZSfMIvhac=,4LwYq5cFUWSg4kcvtJ3GA2MyJe0=
-12,1,EJGhdB2pp+XA35rgwUZSfMIvhac=,QzAjA/DaDoVzQE++AsrvysQkcZ4=
-15,0,EJGhdB2pp+XA35rgwUZSfMIvhac=,eszo/MqCmLG1lAAMpBvf2G0r9eY=
-16,1,EJGhdB2pp+XA35rgwUZSfMIvhac=,eszo/MqCmLG1lAAMpBvf2G0r9eY=
-16,2,EJGhdB2pp+XA35rgwUZSfMIvhac=,eszo/MqCmLG1lAAMpBvf2G0r9eY=
-13,0,EJGhdB2pp+XA35rgwUZSfMIvhac=,eszo/MqCmLG1lAAMpBvf2G0r9eY=
-12,0,EJGhdB2pp+XA35rgwUZSfMIvhac=,QzAjA/DaDoVzQE++AsrvysQkcZ4=
-11,0,EJGhdB2pp+XA35rgwUZSfMIvhac=,QzAjA/DaDoVzQE++AsrvysQkcZ4=
-14,1,EJGhdB2pp+XA35rgwUZSfMIvhac=,eszo/MqCmLG1lAAMpBvf2G0r9eY=
-15,2,EJGhdB2pp+XA35rgwUZSfMIvhac=,eszo/MqCmLG1lAAMpBvf2G0r9eY=
-1,15,32IpsNSIAdP3UXxBf8yngn/aOiI=,WkcAF4VTSA1K57bj9QrfJnmuZ1A=
-9,14,32IpsNSIAdP3UXxBf8yngn/aOiI=,XRkd6GOR9qL7aMHdSIF57vFw4KI=
-2,14,32IpsNSIAdP3UXxBf8yngn/aOiI=,WkcAF4VTSA1K57bj9QrfJnmuZ1A=
-8,15,32IpsNSIAdP3UXxBf8yngn/aOiI=,XRkd6GOR9qL7aMHdSIF57vFw4KI=
-1,14,32IpsNSIAdP3UXxBf8yngn/aOiI=,WkcAF4VTSA1K57bj9QrfJnmuZ1A=
-8,14,32IpsNSIAdP3UXxBf8yngn/aOiI=,XRkd6GOR9qL7aMHdSIF57vFw4KI=
-2,15,32IpsNSIAdP3UXxBf8yngn/aOiI=,WkcAF4VTSA1K57bj9QrfJnmuZ1A=
-4,14,32IpsNSIAdP3UXxBf8yngn/aOiI=,WkcAF4VTSA1K57bj9QrfJnmuZ1A=
-5,14,32IpsNSIAdP3UXxBf8yngn/aOiI=,XRkd6GOR9qL7aMHdSIF57vFw4KI=
-3,15,32IpsNSIAdP3UXxBf8yngn/aOiI=,WkcAF4VTSA1K57bj9QrfJnmuZ1A=
-6,15,32IpsNSIAdP3UXxBf8yngn/aOiI=,XRkd6GOR9qL7aMHdSIF57vFw4KI=
-10,15,32IpsNSIAdP3UXxBf8yngn/aOiI=,XRkd6GOR9qL7aMHdSIF57vFw4KI=
-6,14,32IpsNSIAdP3UXxBf8yngn/aOiI=,XRkd6GOR9qL7aMHdSIF57vFw4KI=
-2,0,32IpsNSIAdP3UXxBf8yngn/aOiI=,RVQ+cEu0SgjLxxPuwg4XPN2qsZ8=
-5,15,32IpsNSIAdP3UXxBf8yngn/aOiI=,XRkd6GOR9qL7aMHdSIF57vFw4KI=
-7,14,32IpsNSIAdP3UXxBf8yngn/aOiI=,XRkd6GOR9qL7aMHdSIF57vFw4KI=
-1,0,32IpsNSIAdP3UXxBf8yngn/aOiI=,RVQ+cEu0SgjLxxPuwg4XPN2qsZ8=
-4,15,32IpsNSIAdP3UXxBf8yngn/aOiI=,WkcAF4VTSA1K57bj9QrfJnmuZ1A=
-2,1,32IpsNSIAdP3UXxBf8yngn/aOiI=,RVQ+cEu0SgjLxxPuwg4XPN2qsZ8=
-10,14,32IpsNSIAdP3UXxBf8yngn/aOiI=,XRkd6GOR9qL7aMHdSIF57vFw4KI=
-7,15,32IpsNSIAdP3UXxBf8yngn/aOiI=,XRkd6GOR9qL7aMHdSIF57vFw4KI=
-3,14,32IpsNSIAdP3UXxBf8yngn/aOiI=,WkcAF4VTSA1K57bj9QrfJnmuZ1A=
-9,15,32IpsNSIAdP3UXxBf8yngn/aOiI=,XRkd6GOR9qL7aMHdSIF57vFw4KI=
-1,1,32IpsNSIAdP3UXxBf8yngn/aOiI=,RVQ+cEu0SgjLxxPuwg4XPN2qsZ8=
