7,3,x9Zx3lL1iAikI3qKxfnCJ0WfR2E=,2JS5c+DuyxdxAbQlwpK0AkFYHvU=
6,2,x9Zx3lL1iAikI3qKxfnCJ0WfR2E=,2JS5c+DuyxdxAbQlwpK0AkFYHvU=
8,3,x9Zx3lL1iAikI3qKxfnCJ0WfR2E=,as6jdS6Pev+kML4N3uHo2XxoVEg=
7,4,x9Zx3lL1iAikI3qKxfnCJ0WfR2E=,HHMC2ei258L4YaqOmYGvmDCg4HA=
9,3,x9Zx3lL1iAikI3qKxfnCJ0WfR2E=,as6jdS6Pev+kML4N3uHo2XxoVEg=
9,2,x9Zx3lL1iAikI3qKxfnCJ0WfR2E=,as6jdS6Pev+kML4N3uHo2XxoVEg=
8,2,x9Zx3lL1iAikI3qKxfnCJ0WfR2E=,as6jdS6Pev+kML4N3uHo2XxoVEg=
9,4,x9Zx3lL1iAikI3qKxfnCJ0WfR2E=,as6jdS6Pev+kML4N3uHo2XxoVEg=
9,5,x9Zx3lL1iAikI3qKxfnCJ0WfR2E=,as6jdS6Pev+kML4N3uHo2XxoVEg=
7,5,x9Zx3lL1iAikI3qKxfnCJ0WfR2E=,HHMC2ei258L4YaqOmYGvmDCg4HA=
8,5,x9Zx3lL1iAikI3qKxfnCJ0WfR2E=,as6jdS6Pev+kML4N3uHo2XxoVEg=
6,5,x9Zx3lL1iAikI3qKxfnCJ0WfR2E=,HHMC2ei258L4YaqOmYGvmDCg4HA=
7,2,x9Zx3lL1iAikI3qKxfnCJ0WfR2E=,2JS5c+DuyxdxAbQlwpK0AkFYHvU=
6,3,x9Zx3lL1iAikI3qKxfnCJ0WfR2E=,2JS5c+DuyxdxAbQlwpK0AkFYHvU=
8,4,x9Zx3lL1iAikI3qKxfnCJ0WfR2E=,as6jdS6Pev+kML4N3uHo2XxoVEg=
6,4,x9Zx3lL1iAikI3qKxfnCJ0WfR2E=,HHMC2ei258L4YaqOmYGvmDCg4HA=
12,2,zlbTaC194kpm2sVPVLDkbtYyEAQ=,as6jdS6Pev+kML4N3uHo2XxoVEg=
13,2,zlbTaC194kpm2sVPVLDkbtYyEAQ=,as6jdS6Pev+kML4N3uHo2XxoVEg=
12,5,zlbTaC194kpm2sVPVLDkbtYyEAQ=,as6jdS6Pev+kML4N3uHo2XxoVEg=
11,4,zlbTaC194kpm2sVPVLDkbtYyEAQ=,as6jdS6Pev+kML4N3uHo2XxoVEg=
13,5,zlbTaC194kpm2sVPVLDkbtYyEAQ=,as6jdS6Pev+kML4N3uHo2XxoVEg=
10,5,zlbTaC194kpm2sVPVLDkbtYyEAQ=,as6jdS6Pev+kML4N3uHo2XxoVEg=
11,5,zlbTaC194kpm2sVPVLDkbtYyEAQ=,as6jdS6Pev+kML4N3uHo2XxoVEg=
10,2,zlbTaC194kpm2sVPVLDkbtYyEAQ=,as6jdS6Pev+kML4N3uHo2XxoVEg=
11,2,zlbTaC194kpm2sVPVLDkbtYyEAQ=,as6jdS6Pev+kML4N3uHo2XxoVEg=
12,4,zlbTaC194kpm2sVPVLDkbtYyEAQ=,as6jdS6Pev+kML4N3uHo2XxoVEg=
11,3,zlbTaC194kpm2sVPVLDkbtYyEAQ=,as6jdS6Pev+kML4N3uHo2XxoVEg=
10,3,zlbTaC194kpm2sVPVLDkbtYyEAQ=,as6jdS6Pev+kML4N3uHo2XxoVEg=
10,4,zlbTaC194kpm2sVPVLDkbtYyEAQ=,as6jdS6Pev+kML4N3uHo2XxoVEg=
13,3,zlbTaC194kpm2sVPVLDkbtYyEAQ=,as6jdS6Pev+kML4N3uHo2XxoVEg=
13,4,zlbTaC194kpm2sVPVLDkbtYyEAQ=,as6jdS6Pev+kML4N3uHo2XxoVEg=
12,3,zlbTaC194kpm2sVPVLDkbtYyEAQ=,as6jdS6Pev+kML4N3uHo2XxoVEg=
13,6,9CjKGNQ0JFwdkAemngX0IOb9UO0=,as6jdS6Pev+kML4N3uHo2XxoVEg=
13,9,9CjKGNQ0JFwdkAemngX0IOb9UO0=,7n0z+2ErldjQ6lAbocHIYL80o0o=
13,7,9CjKGNQ0JFwdkAemngX0IOb9UO0=,as6jdS6Pev+kML4N3uHo2XxoVEg=
11,7,9CjKGNQ0JFwdkAemngX0IOb9UO0=,as6jdS6Pev+kML4N3uHo2XxoVEg=
10,8,XVkdTgdik6CEKzyrMxJ1OIezh+0=,pULCy5flhUOu2miJD5HjxCXmIMY=
11,9,XVkdTgdik6CEKzyrMxJ1OIezh+0=,pULCy5flhUOu2miJD5HjxCXmIMY=
12,7,XVkdTgdik6CEKzyrMxJ1OIezh+0=,as6jdS6Pev+kML4N3uHo2XxoVEg=
12,9,XVkdTgdik6CEKzyrMxJ1OIezh+0=,7n0z+2ErldjQ6lAbocHIYL80o0o=
11,8,XVkdTgdik6CEKzyrMxJ1OIezh+0=,pULCy5flhUOu2miJD5HjxCXmIMY=
12,8,XVkdTgdik6CEKzyrMxJ1OIezh+0=,7n0z+2ErldjQ6lAbocHIYL80o0o=
10,9,XVkdTgdik6CEKzyrMxJ1OIezh+0=,pULCy5flhUOu2miJD5HjxCXmIMY=
12,6,XVkdTgdik6CEKzyrMxJ1OIezh+0=,as6jdS6Pev+kML4N3uHo2XxoVEg=
11,6,XVkdTgdik6CEKzyrMxJ1OIezh+0=,as6jdS6Pev+kML4N3uHo2XxoVEg=
13,8,XVkdTgdik6CEKzyrMxJ1OIezh+0=,7n0z+2ErldjQ6lAbocHIYL80o0o=
10,7,XVkdTgdik6CEKzyrMxJ1OIezh+0=,as6jdS6Pev+kML4N3uHo2XxoVEg=
10,6,XVkdTgdik6CEKzyrMxJ1OIezh+0=,as6jdS6Pev+kML4N3uHo2XxoVEg=
11,10,ucpZVPYXh++i+3MSk22evOuLJ9Y=,pULCy5flhUOu2miJD5HjxCXmIMY=
10,13,ucpZVPYXh++i+3MSk22evOuLJ9Y=,pULCy5flhUOu2miJD5HjxCXmIMY=
13,11,ucpZVPYXh++i+3MSk22evOuLJ9Y=,7n0z+2ErldjQ6lAbocHIYL80o0o=
11,11,ucpZVPYXh++i+3MSk22evOuLJ9Y=,pULCy5flhUOu2miJD5HjxCXmIMY=
10,12,ucpZVPYXh++i+3MSk22evOuLJ9Y=,pULCy5flhUOu2miJD5HjxCXmIMY=
11,12,ucpZVPYXh++i+3MSk22evOuLJ9Y=,pULCy5flhUOu2miJD5HjxCXmIMY=
10,10,ucpZVPYXh++i+3MSk22evOuLJ9Y=,pULCy5flhUOu2miJD5HjxCXmIMY=
12,13,ucpZVPYXh++i+3MSk22evOuLJ9Y=,PDbTy8I9LXhFllm6PVIMh/9jWbU=
10,11,ucpZVPYXh++i+3MSk22evOuLJ9Y=,pULCy5flhUOu2miJD5HjxCXmIMY=
12,10,ItGd9HyiW3pjJfzw+fb6VtzVrgg=,7n0z+2ErldjQ6lAbocHIYL80o0o=
13,10,ItGd9HyiW3pjJfzw+fb6VtzVrgg=,7n0z+2ErldjQ6lAbocHIYL80o0o=
11,13,ItGd9HyiW3pjJfzw+fb6VtzVrgg=,pULCy5flhUOu2miJD5HjxCXmIMY=
12,12,ItGd9HyiW3pjJfzw+fb6VtzVrgg=,PDbTy8I9LXhFllm6PVIMh/9jWbU=
12,11,ItGd9HyiW3pjJfzw+fb6VtzVrgg=,7n0z+2ErldjQ6lAbocHIYL80o0o=
13,13,ItGd9HyiW3pjJfzw+fb6VtzVrgg=,PDbTy8I9LXhFllm6PVIMh/9jWbU=
13,12,ItGd9HyiW3pjJfzw+fb6VtzVrgg=,PDbTy8I9LXhFllm6PVIMh/9jWbU=
7,9,6200aGl9FCsRd9KZdzh52oc+hzI=,46ntO2nfTAZCnOW/RWwNEF/h0T0=
7,8,6200aGl9FCsRd9KZdzh52oc+hzI=,46ntO2nfTAZCnOW/RWwNEF/h0T0=
6,8,6200aGl9FCsRd9KZdzh52oc+hzI=,46ntO2nfTAZCnOW/RWwNEF/h0T0=
6,9,6200aGl9FCsRd9KZdzh52oc+hzI=,46ntO2nfTAZCnOW/RWwNEF/h0T0=
9,6,6200aGl9FCsRd9KZdzh52oc+hzI=,as6jdS6Pev+kML4N3uHo2XxoVEg=
9,8,6200aGl9FCsRd9KZdzh52oc+hzI=,pULCy5flhUOu2miJD5HjxCXmIMY=
9,7,6200aGl9FCsRd9KZdzh52oc+hzI=,as6jdS6Pev+kML4N3uHo2XxoVEg=
8,7,6200aGl9FCsRd9KZdzh52oc+hzI=,as6jdS6Pev+kML4N3uHo2XxoVEg=
6,7,6200aGl9FCsRd9KZdzh52oc+hzI=,HHMC2ei258L4YaqOmYGvmDCg4HA=
8,6,6200aGl9FCsRd9KZdzh52oc+hzI=,as6jdS6Pev+kML4N3uHo2XxoVEg=
8,8,6200aGl9FCsRd9KZdzh52oc+hzI=,pULCy5flhUOu2miJD5HjxCXmIMY=
6,6,6200aGl9FCsRd9KZdzh52oc+hzI=,HHMC2ei258L4YaqOmYGvmDCg4HA=
7,7,6200aGl9FCsRd9KZdzh52oc+hzI=,HHMC2ei258L4YaqOmYGvmDCg4HA=
8,9,6200aGl9FCsRd9KZdzh52oc+hzI=,pULCy5flhUOu2miJD5HjxCXmIMY=
7,6,6200aGl9FCsRd9KZdzh52oc+hzI=,HHMC2ei258L4YaqOmYGvmDCg4HA=
9,9,6200aGl9FCsRd9KZdzh52oc+hzI=,pULCy5flhUOu2miJD5HjxCXmIMY=
6,10,2M2pHPZQPCirb2DHzzDY9dGxnWk=,46ntO2nfTAZCnOW/RWwNEF/h0T0=
9,12,2M2pHPZQPCirb2DHzzDY9dGxnWk=,pULCy5flhUOu2miJD5HjxCXmIMY=
6,11,2M2pHPZQPCirb2DHzzDY9dGxnWk=,46ntO2nfTAZCnOW/RWwNEF/h0T0=
7,10,2M2pHPZQPCirb2DHzzDY9dGxnWk=,46ntO2nfTAZCnOW/RWwNEF/h0T0=
8,11,2M2pHPZQPCirb2DHzzDY9dGxnWk=,pULCy5flhUOu2miJD5HjxCXmIMY=
9,10,2M2pHPZQPCirb2DHzzDY9dGxnWk=,pULCy5flhUOu2miJD5HjxCXmIMY=
9,13,2M2pHPZQPCirb2DHzzDY9dGxnWk=,pULCy5flhUOu2miJD5HjxCXmIMY=
7,12,2M2pHPZQPCirb2DHzzDY9dGxnWk=,9dgJUQEJMTjuOTDRU/RbPHRkg60=
8,12,2M2pHPZQPCirb2DHzzDY9dGxnWk=,pULCy5flhUOu2miJD5HjxCXmIMY=
8,10,2M2pHPZQPCirb2DHzzDY9dGxnWk=,pULCy5flhUOu2miJD5HjxCXmIMY=
7,13,2M2pHPZQPCirb2DHzzDY9dGxnWk=,9dgJUQEJMTjuOTDRU/RbPHRkg60=
7,11,2M2pHPZQPCirb2DHzzDY9dGxnWk=,46ntO2nfTAZCnOW/RWwNEF/h0T0=
9,11,2M2pHPZQPCirb2DHzzDY9dGxnWk=,pULCy5flhUOu2miJD5HjxCXmIMY=
8,13,2M2pHPZQPCirb2DHzzDY9dGxnWk=,pULCy5flhUOu2miJD5HjxCXmIMY=
6,12,2M2pHPZQPCirb2DHzzDY9dGxnWk=,9dgJUQEJMTjuOTDRU/RbPHRkg60=
6,13,oZk2gCnUjr/6ZYng4GLoP38QfEs=,9dgJUQEJMTjuOTDRU/RbPHRkg60=
5,11,AIabvvsMasqdpYNZ9gRy5w4ytLk=,46ntO2nfTAZCnOW/RWwNEF/h0T0=
3,12,AIabvvsMasqdpYNZ9gRy5w4ytLk=,ilH9H5dO/o3KYUBg4lGKZWJcx7A=
4,13,AIabvvsMasqdpYNZ9gRy5w4ytLk=,9dgJUQEJMTjuOTDRU/RbPHRkg60=
4,10,AIabvvsMasqdpYNZ9gRy5w4ytLk=,46ntO2nfTAZCnOW/RWwNEF/h0T0=
3,10,AIabvvsMasqdpYNZ9gRy5w4ytLk=,Ho0I9hOiuQecZ6NA0q2LkKuhTy8=
2,10,AIabvvsMasqdpYNZ9gRy5w4ytLk=,Ho0I9hOiuQecZ6NA0q2LkKuhTy8=
5,12,AIabvvsMasqdpYNZ9gRy5w4ytLk=,9dgJUQEJMTjuOTDRU/RbPHRkg60=
5,13,AIabvvsMasqdpYNZ9gRy5w4ytLk=,9dgJUQEJMTjuOTDRU/RbPHRkg60=
2,13,AIabvvsMasqdpYNZ9gRy5w4ytLk=,ilH9H5dO/o3KYUBg4lGKZWJcx7A=
2,12,AIabvvsMasqdpYNZ9gRy5w4ytLk=,ilH9H5dO/o3KYUBg4lGKZWJcx7A=
5,10,AIabvvsMasqdpYNZ9gRy5w4ytLk=,46ntO2nfTAZCnOW/RWwNEF/h0T0=
4,11,AIabvvsMasqdpYNZ9gRy5w4ytLk=,46ntO2nfTAZCnOW/RWwNEF/h0T0=
3,11,AIabvvsMasqdpYNZ9gRy5w4ytLk=,Ho0I9hOiuQecZ6NA0q2LkKuhTy8=
3,13,AIabvvsMasqdpYNZ9gRy5w4ytLk=,ilH9H5dO/o3KYUBg4lGKZWJcx7A=
4,12,AIabvvsMasqdpYNZ9gRy5w4ytLk=,9dgJUQEJMTjuOTDRU/RbPHRkg60=
2,11,AIabvvsMasqdpYNZ9gRy5w4ytLk=,Ho0I9hOiuQecZ6NA0q2LkKuhTy8=
9,1,mZwDTIqdjhcpiRACdb7n1vrHrAc=,as6jdS6Pev+kML4N3uHo2XxoVEg=
4,6,mZwDTIqdjhcpiRACdb7n1vrHrAc=,HHMC2ei258L4YaqOmYGvmDCg4HA=
8,0,mZwDTIqdjhcpiRACdb7n1vrHrAc=,as6jdS6Pev+kML4N3uHo2XxoVEg=
6,1,mZwDTIqdjhcpiRACdb7n1vrHrAc=,2JS5c+DuyxdxAbQlwpK0AkFYHvU=
4,8,mZwDTIqdjhcpiRACdb7n1vrHrAc=,46ntO2nfTAZCnOW/RWwNEF/h0T0=
3,8,mZwDTIqdjhcpiRACdb7n1vrHrAc=,Ho0I9hOiuQecZ6NA0q2LkKuhTy8=
1,6,mZwDTIqdjhcpiRACdb7n1vrHrAc=,2avsO/Oeatboo2Za7B3oi+ZQd88=
6,0,mZwDTIqdjhcpiRACdb7n1vrHrAc=,2JS5c+DuyxdxAbQlwpK0AkFYHvU=
0,8,mZwDTIqdjhcpiRACdb7n1vrHrAc=,Ho0I9hOiuQecZ6NA0q2LkKuhTy8=
4,9,mZwDTIqdjhcpiRACdb7n1vrHrAc=,46ntO2nfTAZCnOW/RWwNEF/h0T0=
9,0,mZwDTIqdjhcpiRACdb7n1vrHrAc=,as6jdS6Pev+kML4N3uHo2XxoVEg=
7,1,mZwDTIqdjhcpiRACdb7n1vrHrAc=,2JS5c+DuyxdxAbQlwpK0AkFYHvU=
7,0,mZwDTIqdjhcpiRACdb7n1vrHrAc=,2JS5c+DuyxdxAbQlwpK0AkFYHvU=
2,7,mZwDTIqdjhcpiRACdb7n1vrHrAc=,2avsO/Oeatboo2Za7B3oi+ZQd88=
0,9,mZwDTIqdjhcpiRACdb7n1vrHrAc=,Ho0I9hOiuQecZ6NA0q2LkKuhTy8=
5,6,mZwDTIqdjhcpiRACdb7n1vrHrAc=,HHMC2ei258L4YaqOmYGvmDCg4HA=
4,7,mZwDTIqdjhcpiRACdb7n1vrHrAc=,HHMC2ei258L4YaqOmYGvmDCg4HA=
1,9,mZwDTIqdjhcpiRACdb7n1vrHrAc=,Ho0I9hOiuQecZ6NA0q2LkKuhTy8=
5,9,mZwDTIqdjhcpiRACdb7n1vrHrAc=,46ntO2nfTAZCnOW/RWwNEF/h0T0=
8,1,mZwDTIqdjhcpiRACdb7n1vrHrAc=,as6jdS6Pev+kML4N3uHo2XxoVEg=
5,8,mZwDTIqdjhcpiRACdb7n1vrHrAc=,46ntO2nfTAZCnOW/RWwNEF/h0T0=
0,6,mZwDTIqdjhcpiRACdb7n1vrHrAc=,2avsO/Oeatboo2Za7B3oi+ZQd88=
1,8,mZwDTIqdjhcpiRACdb7n1vrHrAc=,Ho0I9hOiuQecZ6NA0q2LkKuhTy8=
2,6,mZwDTIqdjhcpiRACdb7n1vrHrAc=,2avsO/Oeatboo2Za7B3oi+ZQd88=
2,9,mZwDTIqdjhcpiRACdb7n1vrHrAc=,Ho0I9hOiuQecZ6NA0q2LkKuhTy8=
0,7,mZwDTIqdjhcpiRACdb7n1vrHrAc=,2avsO/Oeatboo2Za7B3oi+ZQd88=
5,7,mZwDTIqdjhcpiRACdb7n1vrHrAc=,HHMC2ei258L4YaqOmYGvmDCg4HA=
3,9,mZwDTIqdjhcpiRACdb7n1vrHrAc=,Ho0I9hOiuQecZ6NA0q2LkKuhTy8=
2,8,mZwDTIqdjhcpiRACdb7n1vrHrAc=,Ho0I9hOiuQecZ6NA0q2LkKuhTy8=
1,7,mZwDTIqdjhcpiRACdb7n1vrHrAc=,2avsO/Oeatboo2Za7B3oi+ZQd88=
3,6,mZwDTIqdjhcpiRACdb7n1vrHrAc=,2avsO/Oeatboo2Za7B3oi+ZQd88=
3,7,mZwDTIqdjhcpiRACdb7n1vrHrAc=,2avsO/Oeatboo2Za7B3oi+ZQd88=
12,0,mZwDTIqdjhcpiRACdb7n1vrHrAc=,as6jdS6Pev+kML4N3uHo2XxoVEg=
11,0,mZwDTIqdjhcpiRACdb7n1vrHrAc=,as6jdS6Pev+kML4N3uHo2XxoVEg=
11,1,mZwDTIqdjhcpiRACdb7n1vrHrAc=,as6jdS6Pev+kML4N3uHo2XxoVEg=
12,1,mZwDTIqdjhcpiRACdb7n1vrHrAc=,as6jdS6Pev+kML4N3uHo2XxoVEg=
10,0,mZwDTIqdjhcpiRACdb7n1vrHrAc=,as6jdS6Pev+kML4N3uHo2XxoVEg=
10,1,mZwDTIqdjhcpiRACdb7n1vrHrAc=,as6jdS6Pev+kML4N3uHo2XxoVEg=
13,1,mZwDTIqdjhcpiRACdb7n1vrHrAc=,as6jdS6Pev+kML4N3uHo2XxoVEg=
13,0,mZwDTIqdjhcpiRACdb7n1vrHrAc=,as6jdS6Pev+kML4N3uHo2XxoVEg=
15,3,nUUZiP5hCupYsTxlf+7aLhoJubg=,as6jdS6Pev+kML4N3uHo2XxoVEg=
15,2,nUUZiP5hCupYsTxlf+7aLhoJubg=,as6jdS6Pev+kML4N3uHo2XxoVEg=
15,4,nUUZiP5hCupYsTxlf+7aLhoJubg=,as6jdS6Pev+kML4N3uHo2XxoVEg=
15,5,nUUZiP5hCupYsTxlf+7aLhoJubg=,as6jdS6Pev+kML4N3uHo2XxoVEg=
14,2,nUUZiP5hCupYsTxlf+7aLhoJubg=,as6jdS6Pev+kML4N3uHo2XxoVEg=
14,4,nUUZiP5hCupYsTxlf+7aLhoJubg=,as6jdS6Pev+kML4N3uHo2XxoVEg=
14,3,nUUZiP5hCupYsTxlf+7aLhoJubg=,as6jdS6Pev+kML4N3uHo2XxoVEg=
14,5,nUUZiP5hCupYsTxlf+7aLhoJubg=,as6jdS6Pev+kML4N3uHo2XxoVEg=
14,6,nUUZiP5hCupYsTxlf+7aLhoJubg=,as6jdS6Pev+kML4N3uHo2XxoVEg=
14,8,nUUZiP5hCupYsTxlf+7aLhoJubg=,7n0z+2ErldjQ6lAbocHIYL80o0o=
15,8,nUUZiP5hCupYsTxlf+7aLhoJubg=,7n0z+2ErldjQ6lAbocHIYL80o0o=
15,7,nUUZiP5hCupYsTxlf+7aLhoJubg=,as6jdS6Pev+kML4N3uHo2XxoVEg=
14,9,nUUZiP5hCupYsTxlf+7aLhoJubg=,7n0z+2ErldjQ6lAbocHIYL80o0o=
15,11,nUUZiP5hCupYsTxlf+7aLhoJubg=,7n0z+2ErldjQ6lAbocHIYL80o0o=
15,6,nUUZiP5hCupYsTxlf+7aLhoJubg=,as6jdS6Pev+kML4N3uHo2XxoVEg=
15,9,nUUZiP5hCupYsTxlf+7aLhoJubg=,7n0z+2ErldjQ6lAbocHIYL80o0o=
14,1,nUUZiP5hCupYsTxlf+7aLhoJubg=,as6jdS6Pev+kML4N3uHo2XxoVEg=
15,0,nUUZiP5hCupYsTxlf+7aLhoJubg=,as6jdS6Pev+kML4N3uHo2XxoVEg=
14,10,nUUZiP5hCupYsTxlf+7aLhoJubg=,7n0z+2ErldjQ6lAbocHIYL80o0o=
14,0,nUUZiP5hCupYsTxlf+7aLhoJubg=,as6jdS6Pev+kML4N3uHo2XxoVEg=
15,1,nUUZiP5hCupYsTxlf+7aLhoJubg=,as6jdS6Pev+kML4N3uHo2XxoVEg=
15,13,nUUZiP5hCupYsTxlf+7aLhoJubg=,PDbTy8I9LXhFllm6PVIMh/9jWbU=
14,12,nUUZiP5hCupYsTxlf+7aLhoJubg=,PDbTy8I9LXhFllm6PVIMh/9jWbU=
14,7,nUUZiP5hCupYsTxlf+7aLhoJubg=,as6jdS6Pev+kML4N3uHo2XxoVEg=
15,12,nUUZiP5hCupYsTxlf+7aLhoJubg=,PDbTy8I9LXhFllm6PVIMh/9jWbU=
14,13,nUUZiP5hCupYsTxlf+7aLhoJubg=,PDbTy8I9LXhFllm6PVIMh/9jWbU=
15,10,nUUZiP5hCupYsTxlf+7aLhoJubg=,7n0z+2ErldjQ6lAbocHIYL80o0o=
14,11,nUUZiP5hCupYsTxlf+7aLhoJubg=,7n0z+2ErldjQ6lAbocHIYL80o0o=
1,13,nUUZiP5hCupYsTxlf+7aLhoJubg=,ilH9H5dO/o3KYUBg4lGKZWJcx7A=
1,10,nUUZiP5hCupYsTxlf+7aLhoJubg=,Ho0I9hOiuQecZ6NA0q2LkKuhTy8=
1,11,nUUZiP5hCupYsTxlf+7aLhoJubg=,Ho0I9hOiuQecZ6NA0q2LkKuhTy8=
0,12,nUUZiP5hCupYsTxlf+7aLhoJubg=,ilH9H5dO/o3KYUBg4lGKZWJcx7A=
0,11,nUUZiP5hCupYsTxlf+7aLhoJubg=,Ho0I9hOiuQecZ6NA0q2LkKuhTy8=
0,10,nUUZiP5hCupYsTxlf+7aLhoJubg=,Ho0I9hOiuQecZ6NA0q2LkKuhTy8=
1,12,nUUZiP5hCupYsTxlf+7aLhoJubg=,ilH9H5dO/o3KYUBg4lGKZWJcx7A=
5,0,nUUZiP5hCupYsTxlf+7aLhoJubg=,2JS5c+DuyxdxAbQlwpK0AkFYHvU=
3,1,nUUZiP5hCupYsTxlf+7aLhoJubg=,RVQ+cEu0SgjLxxPuwg4XPN2qsZ8=
5,3,nUUZiP5hCupYsTxlf+7aLhoJubg=,2JS5c+DuyxdxAbQlwpK0AkFYHvU=
5,1,nUUZiP5hCupYsTxlf+7aLhoJubg=,2JS5c+DuyxdxAbQlwpK0AkFYHvU=
2,2,nUUZiP5hCupYsTxlf+7aLhoJubg=,RVQ+cEu0SgjLxxPuwg4XPN2qsZ8=
4,4,nUUZiP5hCupYsTxlf+7aLhoJubg=,HHMC2ei258L4YaqOmYGvmDCg4HA=
5,2,nUUZiP5hCupYsTxlf+7aLhoJubg=,2JS5c+DuyxdxAbQlwpK0AkFYHvU=
4,2,nUUZiP5hCupYsTxlf+7aLhoJubg=,2JS5c+DuyxdxAbQlwpK0AkFYHvU=
3,0,nUUZiP5hCupYsTxlf+7aLhoJubg=,RVQ+cEu0SgjLxxPuwg4XPN2qsZ8=
4,3,nUUZiP5hCupYsTxlf+7aLhoJubg=,2JS5c+DuyxdxAbQlwpK0AkFYHvU=
4,1,nUUZiP5hCupYsTxlf+7aLhoJubg=,2JS5c+DuyxdxAbQlwpK0AkFYHvU=
1,5,sDieOfxD/h1k3vlZcwzjio31zlc=,2avsO/Oeatboo2Za7B3oi+ZQd88=
5,4,sDieOfxD/h1k3vlZcwzjio31zlc=,HHMC2ei258L4YaqOmYGvmDCg4HA=
5,5,sDieOfxD/h1k3vlZcwzjio31zlc=,HHMC2ei258L4YaqOmYGvmDCg4HA=
1,1,sDieOfxD/h1k3vlZcwzjio31zlc=,RVQ+cEu0SgjLxxPuwg4XPN2qsZ8=
0,13,sDieOfxD/h1k3vlZcwzjio31zlc=,ilH9H5dO/o3KYUBg4lGKZWJcx7A=
2,3,sDieOfxD/h1k3vlZcwzjio31zlc=,RVQ+cEu0SgjLxxPuwg4XPN2qsZ8=
1,3,sDieOfxD/h1k3vlZcwzjio31zlc=,RVQ+cEu0SgjLxxPuwg4XPN2qsZ8=
2,0,sDieOfxD/h1k3vlZcwzjio31zlc=,RVQ+cEu0SgjLxxPuwg4XPN2qsZ8=
2,1,sDieOfxD/h1k3vlZcwzjio31zlc=,RVQ+cEu0SgjLxxPuwg4XPN2qsZ8=
4,5,sDieOfxD/h1k3vlZcwzjio31zlc=,HHMC2ei258L4YaqOmYGvmDCg4HA=
3,3,sDieOfxD/h1k3vlZcwzjio31zlc=,RVQ+cEu0SgjLxxPuwg4XPN2qsZ8=
3,2,sDieOfxD/h1k3vlZcwzjio31zlc=,RVQ+cEu0SgjLxxPuwg4XPN2qsZ8=
0,5,sDieOfxD/h1k3vlZcwzjio31zlc=,2avsO/Oeatboo2Za7B3oi+ZQd88=
1,0,sDieOfxD/h1k3vlZcwzjio31zlc=,RVQ+cEu0SgjLxxPuwg4XPN2qsZ8=
1,2,sDieOfxD/h1k3vlZcwzjio31zlc=,RVQ+cEu0SgjLxxPuwg4XPN2qsZ8=
3,4,sDieOfxD/h1k3vlZcwzjio31zlc=,2avsO/Oeatboo2Za7B3oi+ZQd88=
0,0,sDieOfxD/h1k3vlZcwzjio31zlc=,RVQ+cEu0SgjLxxPuwg4XPN2qsZ8=
0,2,sDieOfxD/h1k3vlZcwzjio31zlc=,RVQ+cEu0SgjLxxPuwg4XPN2qsZ8=
4,0,sDieOfxD/h1k3vlZcwzjio31zlc=,2JS5c+DuyxdxAbQlwpK0AkFYHvU=
0,1,sDieOfxD/h1k3vlZcwzjio31zlc=,RVQ+cEu0SgjLxxPuwg4XPN2qsZ8=
3,5,sDieOfxD/h1k3vlZcwzjio31zlc=,2avsO/Oeatboo2Za7B3oi+ZQd88=
0,4,sDieOfxD/h1k3vlZcwzjio31zlc=,2avsO/Oeatboo2Za7B3oi+ZQd88=
1,4,sDieOfxD/h1k3vlZcwzjio31zlc=,2avsO/Oeatboo2Za7B3oi+ZQd88=
2,4,sDieOfxD/h1k3vlZcwzjio31zlc=,2avsO/Oeatboo2Za7B3oi+ZQd88=
2,5,sDieOfxD/h1k3vlZcwzjio31zlc=,2avsO/Oeatboo2Za7B3oi+ZQd88=
0,3,sDieOfxD/h1k3vlZcwzjio31zlc=,RVQ+cEu0SgjLxxPuwg4XPN2qsZ8=
3,15,sDieOfxD/h1k3vlZcwzjio31zlc=,ilH9H5dO/o3KYUBg4lGKZWJcx7A=
4,15,sDieOfxD/h1k3vlZcwzjio31zlc=,9dgJUQEJMTjuOTDRU/RbPHRkg60=
4,14,sDieOfxD/h1k3vlZcwzjio31zlc=,9dgJUQEJMTjuOTDRU/RbPHRkg60=
5,15,sDieOfxD/h1k3vlZcwzjio31zlc=,9dgJUQEJMTjuOTDRU/RbPHRkg60=
3,14,sDieOfxD/h1k3vlZcwzjio31zlc=,ilH9H5dO/o3KYUBg4lGKZWJcx7A=
2,15,sDieOfxD/h1k3vlZcwzjio31zlc=,ilH9H5dO/o3KYUBg4lGKZWJcx7A=
2,14,sDieOfxD/h1k3vlZcwzjio31zlc=,ilH9H5dO/o3KYUBg4lGKZWJcx7A=
5,14,sDieOfxD/h1k3vlZcwzjio31zlc=,9dgJUQEJMTjuOTDRU/RbPHRkg60=
0,14,sDieOfxD/h1k3vlZcwzjio31zlc=,ilH9H5dO/o3KYUBg4lGKZWJcx7A=
0,15,sDieOfxD/h1k3vlZcwzjio31zlc=,ilH9H5dO/o3KYUBg4lGKZWJcx7A=
1,14,sDieOfxD/h1k3vlZcwzjio31zlc=,ilH9H5dO/o3KYUBg4lGKZWJcx7A=
1,15,sDieOfxD/h1k3vlZcwzjio31zlc=,ilH9H5dO/o3KYUBg4lGKZWJcx7A=
8,14,sDieOfxD/h1k3vlZcwzjio31zlc=,pULCy5flhUOu2miJD5HjxCXmIMY=
6,14,sDieOfxD/h1k3vlZcwzjio31zlc=,9dgJUQEJMTjuOTDRU/RbPHRkg60=
7,15,sDieOfxD/h1k3vlZcwzjio31zlc=,9dgJUQEJMTjuOTDRU/RbPHRkg60=
9,14,sDieOfxD/h1k3vlZcwzjio31zlc=,pULCy5flhUOu2miJD5HjxCXmIMY=
11,15,sDieOfxD/h1k3vlZcwzjio31zlc=,pULCy5flhUOu2miJD5HjxCXmIMY=
13,15,sDieOfxD/h1k3vlZcwzjio31zlc=,PDbTy8I9LXhFllm6PVIMh/9jWbU=
14,14,sDieOfxD/h1k3vlZcwzjio31zlc=,PDbTy8I9LXhFllm6PVIMh/9jWbU=
11,14,sDieOfxD/h1k3vlZcwzjio31zlc=,pULCy5flhUOu2miJD5HjxCXmIMY=
12,15,sDieOfxD/h1k3vlZcwzjio31zlc=,PDbTy8I9LXhFllm6PVIMh/9jWbU=
15,14,sDieOfxD/h1k3vlZcwzjio31zlc=,PDbTy8I9LXhFllm6PVIMh/9jWbU=
8,15,sDieOfxD/h1k3vlZcwzjio31zlc=,pULCy5flhUOu2miJD5HjxCXmIMY=
10,14,sDieOfxD/h1k3vlZcwzjio31zlc=,pULCy5flhUOu2miJD5HjxCXmIMY=
14,15,sDieOfxD/h1k3vlZcwzjio31zlc=,PDbTy8I9LXhFllm6PVIMh/9jWbU=
6,15,sDieOfxD/h1k3vlZcwzjio31zlc=,9dgJUQEJMTjuOTDRU/RbPHRkg60=
7,14,sDieOfxD/h1k3vlZcwzjio31zlc=,9dgJUQEJMTjuOTDRU/RbPHRkg60=
12,14,sDieOfxD/h1k3vlZcwzjio31zlc=,PDbTy8I9LXhFllm6PVIMh/9jWbU=
9,15,sDieOfxD/h1k3vlZcwzjio31zlc=,pULCy5flhUOu2miJD5HjxCXmIMY=
15,15,sDieOfxD/h1k3vlZcwzjio31zlc=,PDbTy8I9LXhFllm6PVIMh/9jWbU=
10,15,sDieOfxD/h1k3vlZcwzjio31zlc=,pULCy5flhUOu2miJD5HjxCXmIMY=
13,14,sDieOfxD/h1k3vlZcwzjio31zlc=,PDbTy8I9LXhFllm6PVIMh/9jWbU=
2,23,fWOpoyAdhXtosf4y4ZV5UX7H0po=,9dgJUQEJMTjuOTDRU/RbPHRkg60=
3,22,fWOpoyAdhXtosf4y4ZV5UX7H0po=,9dgJUQEJMTjuOTDRU/RbPHRkg60=
5,23,fWOpoyAdhXtosf4y4ZV5UX7H0po=,Ho0I9hOiuQecZ6NA0q2LkKuhTy8=
4,25,fWOpoyAdhXtosf4y4ZV5UX7H0po=,1OsDcWdQHdqrCO+Dj+BNadx9sBo=
3,24,fWOpoyAdhXtosf4y4ZV5UX7H0po=,NOwX7pJGhxKAs/LB9wDI2RHZ4mA=
2,22,fWOpoyAdhXtosf4y4ZV5UX7H0po=,9dgJUQEJMTjuOTDRU/RbPHRkg60=
2,25,fWOpoyAdhXtosf4y4ZV5UX7H0po=,NOwX7pJGhxKAs/LB9wDI2RHZ4mA=
5,22,fWOpoyAdhXtosf4y4ZV5UX7H0po=,Ho0I9hOiuQecZ6NA0q2LkKuhTy8=
4,22,fWOpoyAdhXtosf4y4ZV5UX7H0po=,Ho0I9hOiuQecZ6NA0q2LkKuhTy8=
4,23,fWOpoyAdhXtosf4y4ZV5UX7H0po=,Ho0I9hOiuQecZ6NA0q2LkKuhTy8=
4,24,fWOpoyAdhXtosf4y4ZV5UX7H0po=,1OsDcWdQHdqrCO+Dj+BNadx9sBo=
5,25,fWOpoyAdhXtosf4y4ZV5UX7H0po=,1OsDcWdQHdqrCO+Dj+BNadx9sBo=
3,25,fWOpoyAdhXtosf4y4ZV5UX7H0po=,NOwX7pJGhxKAs/LB9wDI2RHZ4mA=
2,24,fWOpoyAdhXtosf4y4ZV5UX7H0po=,NOwX7pJGhxKAs/LB9wDI2RHZ4mA=
5,24,fWOpoyAdhXtosf4y4ZV5UX7H0po=,1OsDcWdQHdqrCO+Dj+BNadx9sBo=
3,23,fWOpoyAdhXtosf4y4ZV5UX7H0po=,9dgJUQEJMTjuOTDRU/RbPHRkg60=
7,18,ZhFOC2PzwhvZqXOlRRtN0hqxL+M=,SA7gqjLuD193j4QN/yzmOmRzRys=
6,18,ZhFOC2PzwhvZqXOlRRtN0hqxL+M=,SA7gqjLuD193j4QN/yzmOmRzRys=
7,21,ZhFOC2PzwhvZqXOlRRtN0hqxL+M=,Ho0I9hOiuQecZ6NA0q2LkKuhTy8=
6,19,ZhFOC2PzwhvZqXOlRRtN0hqxL+M=,SA7gqjLuD193j4QN/yzmOmRzRys=
8,18,ZhFOC2PzwhvZqXOlRRtN0hqxL+M=,jqeMJIdKmwSSisyBjDtEc304jX0=
6,20,ZhFOC2PzwhvZqXOlRRtN0hqxL+M=,Ho0I9hOiuQecZ6NA0q2LkKuhTy8=
9,19,ZhFOC2PzwhvZqXOlRRtN0hqxL+M=,jqeMJIdKmwSSisyBjDtEc304jX0=
9,18,ZhFOC2PzwhvZqXOlRRtN0hqxL+M=,jqeMJIdKmwSSisyBjDtEc304jX0=
9,20,ZhFOC2PzwhvZqXOlRRtN0hqxL+M=,tkEO3P3FirTNK4hHekWQesEGjnU=
6,21,ZhFOC2PzwhvZqXOlRRtN0hqxL+M=,Ho0I9hOiuQecZ6NA0q2LkKuhTy8=
9,21,ZhFOC2PzwhvZqXOlRRtN0hqxL+M=,tkEO3P3FirTNK4hHekWQesEGjnU=
7,19,ZhFOC2PzwhvZqXOlRRtN0hqxL+M=,SA7gqjLuD193j4QN/yzmOmRzRys=
8,19,ZhFOC2PzwhvZqXOlRRtN0hqxL+M=,jqeMJIdKmwSSisyBjDtEc304jX0=
7,20,ZhFOC2PzwhvZqXOlRRtN0hqxL+M=,Ho0I9hOiuQecZ6NA0q2LkKuhTy8=
8,20,ZhFOC2PzwhvZqXOlRRtN0hqxL+M=,tkEO3P3FirTNK4hHekWQesEGjnU=
8,21,ZhFOC2PzwhvZqXOlRRtN0hqxL+M=,tkEO3P3FirTNK4hHekWQesEGjnU=
7,22,LYv7uQBSjhy3/cUcCpmwLopGY1I=,Ho0I9hOiuQecZ6NA0q2LkKuhTy8=
6,23,LYv7uQBSjhy3/cUcCpmwLopGY1I=,Ho0I9hOiuQecZ6NA0q2LkKuhTy8=
9,22,LYv7uQBSjhy3/cUcCpmwLopGY1I=,tkEO3P3FirTNK4hHekWQesEGjnU=
8,25,LYv7uQBSjhy3/cUcCpmwLopGY1I=,Q65ZDYLQUQjUgdzQvkERLXsfo1g=
7,24,LYv7uQBSjhy3/cUcCpmwLopGY1I=,1OsDcWdQHdqrCO+Dj+BNadx9sBo=
8,22,LYv7uQBSjhy3/cUcCpmwLopGY1I=,tkEO3P3FirTNK4hHekWQesEGjnU=
6,25,LYv7uQBSjhy3/cUcCpmwLopGY1I=,1OsDcWdQHdqrCO+Dj+BNadx9sBo=
9,24,LYv7uQBSjhy3/cUcCpmwLopGY1I=,Q65ZDYLQUQjUgdzQvkERLXsfo1g=
6,22,LYv7uQBSjhy3/cUcCpmwLopGY1I=,Ho0I9hOiuQecZ6NA0q2LkKuhTy8=
6,24,LYv7uQBSjhy3/cUcCpmwLopGY1I=,1OsDcWdQHdqrCO+Dj+BNadx9sBo=
8,23,LYv7uQBSjhy3/cUcCpmwLopGY1I=,tkEO3P3FirTNK4hHekWQesEGjnU=
9,25,LYv7uQBSjhy3/cUcCpmwLopGY1I=,Q65ZDYLQUQjUgdzQvkERLXsfo1g=
7,25,LYv7uQBSjhy3/cUcCpmwLopGY1I=,1OsDcWdQHdqrCO+Dj+BNadx9sBo=
7,23,LYv7uQBSjhy3/cUcCpmwLopGY1I=,Ho0I9hOiuQecZ6NA0q2LkKuhTy8=
8,24,LYv7uQBSjhy3/cUcCpmwLopGY1I=,Q65ZDYLQUQjUgdzQvkERLXsfo1g=
9,23,LYv7uQBSjhy3/cUcCpmwLopGY1I=,tkEO3P3FirTNK4hHekWQesEGjnU=
8,29,LYv7uQBSjhy3/cUcCpmwLopGY1I=,MuDOvF6UjTrIgb/OY+a2l/fXQes=
6,28,LYv7uQBSjhy3/cUcCpmwLopGY1I=,jChl0iVCXntZ7Tk7UFSx/DV5ym8=
7,28,LYv7uQBSjhy3/cUcCpmwLopGY1I=,jChl0iVCXntZ7Tk7UFSx/DV5ym8=
8,27,LYv7uQBSjhy3/cUcCpmwLopGY1I=,Q65ZDYLQUQjUgdzQvkERLXsfo1g=
8,26,LYv7uQBSjhy3/cUcCpmwLopGY1I=,Q65ZDYLQUQjUgdzQvkERLXsfo1g=
7,29,LYv7uQBSjhy3/cUcCpmwLopGY1I=,jChl0iVCXntZ7Tk7UFSx/DV5ym8=
6,27,LYv7uQBSjhy3/cUcCpmwLopGY1I=,1OsDcWdQHdqrCO+Dj+BNadx9sBo=
6,29,LYv7uQBSjhy3/cUcCpmwLopGY1I=,jChl0iVCXntZ7Tk7UFSx/DV5ym8=
9,29,LYv7uQBSjhy3/cUcCpmwLopGY1I=,MuDOvF6UjTrIgb/OY+a2l/fXQes=
9,28,LYv7uQBSjhy3/cUcCpmwLopGY1I=,MuDOvF6UjTrIgb/OY+a2l/fXQes=
6,26,LYv7uQBSjhy3/cUcCpmwLopGY1I=,1OsDcWdQHdqrCO+Dj+BNadx9sBo=
7,27,LYv7uQBSjhy3/cUcCpmwLopGY1I=,1OsDcWdQHdqrCO+Dj+BNadx9sBo=
9,27,LYv7uQBSjhy3/cUcCpmwLopGY1I=,Q65ZDYLQUQjUgdzQvkERLXsfo1g=
7,26,LYv7uQBSjhy3/cUcCpmwLopGY1I=,1OsDcWdQHdqrCO+Dj+BNadx9sBo=
8,28,LYv7uQBSjhy3/cUcCpmwLopGY1I=,MuDOvF6UjTrIgb/OY+a2l/fXQes=
9,26,LYv7uQBSjhy3/cUcCpmwLopGY1I=,Q65ZDYLQUQjUgdzQvkERLXsfo1g=
11,22,LuTt4MP4ixKHo0qm3pxwmfJpgQc=,tkEO3P3FirTNK4hHekWQesEGjnU=
13,22,LuTt4MP4ixKHo0qm3pxwmfJpgQc=,7mtYWZKagNQ3gHb1l7j6ksw+GLk=
13,23,LuTt4MP4ixKHo0qm3pxwmfJpgQc=,7mtYWZKagNQ3gHb1l7j6ksw+GLk=
11,24,LuTt4MP4ixKHo0qm3pxwmfJpgQc=,Q65ZDYLQUQjUgdzQvkERLXsfo1g=
10,24,LuTt4MP4ixKHo0qm3pxwmfJpgQc=,Q65ZDYLQUQjUgdzQvkERLXsfo1g=
12,22,LuTt4MP4ixKHo0qm3pxwmfJpgQc=,7mtYWZKagNQ3gHb1l7j6ksw+GLk=
12,25,LuTt4MP4ixKHo0qm3pxwmfJpgQc=,mFL55UvxHcqDEIADHnBv7LQUTnk=
10,22,LuTt4MP4ixKHo0qm3pxwmfJpgQc=,tkEO3P3FirTNK4hHekWQesEGjnU=
11,25,LuTt4MP4ixKHo0qm3pxwmfJpgQc=,Q65ZDYLQUQjUgdzQvkERLXsfo1g=
12,23,LuTt4MP4ixKHo0qm3pxwmfJpgQc=,7mtYWZKagNQ3gHb1l7j6ksw+GLk=
10,25,LuTt4MP4ixKHo0qm3pxwmfJpgQc=,Q65ZDYLQUQjUgdzQvkERLXsfo1g=
13,24,LuTt4MP4ixKHo0qm3pxwmfJpgQc=,mFL55UvxHcqDEIADHnBv7LQUTnk=
12,24,LuTt4MP4ixKHo0qm3pxwmfJpgQc=,mFL55UvxHcqDEIADHnBv7LQUTnk=
11,23,LuTt4MP4ixKHo0qm3pxwmfJpgQc=,tkEO3P3FirTNK4hHekWQesEGjnU=
13,25,LuTt4MP4ixKHo0qm3pxwmfJpgQc=,mFL55UvxHcqDEIADHnBv7LQUTnk=
10,23,LuTt4MP4ixKHo0qm3pxwmfJpgQc=,tkEO3P3FirTNK4hHekWQesEGjnU=
15,23,LuTt4MP4ixKHo0qm3pxwmfJpgQc=,7mtYWZKagNQ3gHb1l7j6ksw+GLk=
15,22,LuTt4MP4ixKHo0qm3pxwmfJpgQc=,7mtYWZKagNQ3gHb1l7j6ksw+GLk=
14,22,LuTt4MP4ixKHo0qm3pxwmfJpgQc=,7mtYWZKagNQ3gHb1l7j6ksw+GLk=
15,25,LuTt4MP4ixKHo0qm3pxwmfJpgQc=,mFL55UvxHcqDEIADHnBv7LQUTnk=
14,25,LuTt4MP4ixKHo0qm3pxwmfJpgQc=,mFL55UvxHcqDEIADHnBv7LQUTnk=
14,23,LuTt4MP4ixKHo0qm3pxwmfJpgQc=,7mtYWZKagNQ3gHb1l7j6ksw+GLk=
15,24,LuTt4MP4ixKHo0qm3pxwmfJpgQc=,mFL55UvxHcqDEIADHnBv7LQUTnk=
14,24,LuTt4MP4ixKHo0qm3pxwmfJpgQc=,mFL55UvxHcqDEIADHnBv7LQUTnk=
9,16,ybKD1mTUrL3Bsc3whHmh3MWyUzg=,jqeMJIdKmwSSisyBjDtEc304jX0=
6,16,ybKD1mTUrL3Bsc3whHmh3MWyUzg=,SA7gqjLuD193j4QN/yzmOmRzRys=
8,17,ybKD1mTUrL3Bsc3whHmh3MWyUzg=,jqeMJIdKmwSSisyBjDtEc304jX0=
8,16,ybKD1mTUrL3Bsc3whHmh3MWyUzg=,jqeMJIdKmwSSisyBjDtEc304jX0=
7,16,ybKD1mTUrL3Bsc3whHmh3MWyUzg=,SA7gqjLuD193j4QN/yzmOmRzRys=
9,17,ybKD1mTUrL3Bsc3whHmh3MWyUzg=,jqeMJIdKmwSSisyBjDtEc304jX0=
6,17,ybKD1mTUrL3Bsc3whHmh3MWyUzg=,SA7gqjLuD193j4QN/yzmOmRzRys=
7,17,ybKD1mTUrL3Bsc3whHmh3MWyUzg=,SA7gqjLuD193j4QN/yzmOmRzRys=
11,29,k0ROkXyA+9Xdv+AV+8APsMbyIuI=,MuDOvF6UjTrIgb/OY+a2l/fXQes=
15,28,k0ROkXyA+9Xdv+AV+8APsMbyIuI=,2jUnyNYj/8SOH3rf8UoEBX5JIrA=
15,29,k0ROkXyA+9Xdv+AV+8APsMbyIuI=,2jUnyNYj/8SOH3rf8UoEBX5JIrA=
14,28,k0ROkXyA+9Xdv+AV+8APsMbyIuI=,2jUnyNYj/8SOH3rf8UoEBX5JIrA=
10,29,k0ROkXyA+9Xdv+AV+8APsMbyIuI=,MuDOvF6UjTrIgb/OY+a2l/fXQes=
13,27,k0ROkXyA+9Xdv+AV+8APsMbyIuI=,mFL55UvxHcqDEIADHnBv7LQUTnk=
11,28,k0ROkXyA+9Xdv+AV+8APsMbyIuI=,MuDOvF6UjTrIgb/OY+a2l/fXQes=
12,27,k0ROkXyA+9Xdv+AV+8APsMbyIuI=,mFL55UvxHcqDEIADHnBv7LQUTnk=
14,26,k0ROkXyA+9Xdv+AV+8APsMbyIuI=,mFL55UvxHcqDEIADHnBv7LQUTnk=
12,29,k0ROkXyA+9Xdv+AV+8APsMbyIuI=,2jUnyNYj/8SOH3rf8UoEBX5JIrA=
13,26,k0ROkXyA+9Xdv+AV+8APsMbyIuI=,mFL55UvxHcqDEIADHnBv7LQUTnk=
13,29,k0ROkXyA+9Xdv+AV+8APsMbyIuI=,2jUnyNYj/8SOH3rf8UoEBX5JIrA=
12,26,k0ROkXyA+9Xdv+AV+8APsMbyIuI=,mFL55UvxHcqDEIADHnBv7LQUTnk=
15,26,k0ROkXyA+9Xdv+AV+8APsMbyIuI=,mFL55UvxHcqDEIADHnBv7LQUTnk=
14,27,k0ROkXyA+9Xdv+AV+8APsMbyIuI=,mFL55UvxHcqDEIADHnBv7LQUTnk=
11,27,k0ROkXyA+9Xdv+AV+8APsMbyIuI=,Q65ZDYLQUQjUgdzQvkERLXsfo1g=
13,28,k0ROkXyA+9Xdv+AV+8APsMbyIuI=,2jUnyNYj/8SOH3rf8UoEBX5JIrA=
10,26,k0ROkXyA+9Xdv+AV+8APsMbyIuI=,Q65ZDYLQUQjUgdzQvkERLXsfo1g=
12,28,k0ROkXyA+9Xdv+AV+8APsMbyIuI=,2jUnyNYj/8SOH3rf8UoEBX5JIrA=
15,27,k0ROkXyA+9Xdv+AV+8APsMbyIuI=,mFL55UvxHcqDEIADHnBv7LQUTnk=
14,29,k0ROkXyA+9Xdv+AV+8APsMbyIuI=,2jUnyNYj/8SOH3rf8UoEBX5JIrA=
11,26,k0ROkXyA+9Xdv+AV+8APsMbyIuI=,Q65ZDYLQUQjUgdzQvkERLXsfo1g=
10,27,k0ROkXyA+9Xdv+AV+8APsMbyIuI=,Q65ZDYLQUQjUgdzQvkERLXsfo1g=
10,28,k0ROkXyA+9Xdv+AV+8APsMbyIuI=,MuDOvF6UjTrIgb/OY+a2l/fXQes=
0,23,nA5cwa9Jh9drnGbEeWnyyhmMR6g=,9dgJUQEJMTjuOTDRU/RbPHRkg60=
0,25,nA5cwa9Jh9drnGbEeWnyyhmMR6g=,NOwX7pJGhxKAs/LB9wDI2RHZ4mA=
1,23,nA5cwa9Jh9drnGbEeWnyyhmMR6g=,9dgJUQEJMTjuOTDRU/RbPHRkg60=
1,24,nA5cwa9Jh9drnGbEeWnyyhmMR6g=,NOwX7pJGhxKAs/LB9wDI2RHZ4mA=
1,25,nA5cwa9Jh9drnGbEeWnyyhmMR6g=,NOwX7pJGhxKAs/LB9wDI2RHZ4mA=
0,22,nA5cwa9Jh9drnGbEeWnyyhmMR6g=,9dgJUQEJMTjuOTDRU/RbPHRkg60=
1,22,nA5cwa9Jh9drnGbEeWnyyhmMR6g=,9dgJUQEJMTjuOTDRU/RbPHRkg60=
0,24,nA5cwa9Jh9drnGbEeWnyyhmMR6g=,NOwX7pJGhxKAs/LB9wDI2RHZ4mA=
11,21,nA5cwa9Jh9drnGbEeWnyyhmMR6g=,tkEO3P3FirTNK4hHekWQesEGjnU=
15,18,nA5cwa9Jh9drnGbEeWnyyhmMR6g=,anNNJjxptP+Bc8Y8yDErupgEodU=
12,17,nA5cwa9Jh9drnGbEeWnyyhmMR6g=,anNNJjxptP+Bc8Y8yDErupgEodU=
14,19,nA5cwa9Jh9drnGbEeWnyyhmMR6g=,anNNJjxptP+Bc8Y8yDErupgEodU=
15,19,nA5cwa9Jh9drnGbEeWnyyhmMR6g=,anNNJjxptP+Bc8Y8yDErupgEodU=
15,21,nA5cwa9Jh9drnGbEeWnyyhmMR6g=,7mtYWZKagNQ3gHb1l7j6ksw+GLk=
12,16,nA5cwa9Jh9drnGbEeWnyyhmMR6g=,anNNJjxptP+Bc8Y8yDErupgEodU=
13,17,nA5cwa9Jh9drnGbEeWnyyhmMR6g=,anNNJjxptP+Bc8Y8yDErupgEodU=
14,18,nA5cwa9Jh9drnGbEeWnyyhmMR6g=,anNNJjxptP+Bc8Y8yDErupgEodU=
11,20,nA5cwa9Jh9drnGbEeWnyyhmMR6g=,tkEO3P3FirTNK4hHekWQesEGjnU=
10,21,nA5cwa9Jh9drnGbEeWnyyhmMR6g=,tkEO3P3FirTNK4hHekWQesEGjnU=
11,18,nA5cwa9Jh9drnGbEeWnyyhmMR6g=,jqeMJIdKmwSSisyBjDtEc304jX0=
11,17,nA5cwa9Jh9drnGbEeWnyyhmMR6g=,jqeMJIdKmwSSisyBjDtEc304jX0=
9,30,nA5cwa9Jh9drnGbEeWnyyhmMR6g=,MuDOvF6UjTrIgb/OY+a2l/fXQes=
13,18,nA5cwa9Jh9drnGbEeWnyyhmMR6g=,anNNJjxptP+Bc8Y8yDErupgEodU=
13,19,nA5cwa9Jh9drnGbEeWnyyhmMR6g=,anNNJjxptP+Bc8Y8yDErupgEodU=
15,20,nA5cwa9Jh9drnGbEeWnyyhmMR6g=,7mtYWZKagNQ3gHb1l7j6ksw+GLk=
12,18,nA5cwa9Jh9drnGbEeWnyyhmMR6g=,anNNJjxptP+Bc8Y8yDErupgEodU=
12,19,nA5cwa9Jh9drnGbEeWnyyhmMR6g=,anNNJjxptP+Bc8Y8yDErupgEodU=
14,21,nA5cwa9Jh9drnGbEeWnyyhmMR6g=,7mtYWZKagNQ3gHb1l7j6ksw+GLk=
13,16,nA5cwa9Jh9drnGbEeWnyyhmMR6g=,anNNJjxptP+Bc8Y8yDErupgEodU=
10,19,nA5cwa9Jh9drnGbEeWnyyhmMR6g=,jqeMJIdKmwSSisyBjDtEc304jX0=
10,18,nA5cwa9Jh9drnGbEeWnyyhmMR6g=,jqeMJIdKmwSSisyBjDtEc304jX0=
14,20,nA5cwa9Jh9drnGbEeWnyyhmMR6g=,7mtYWZKagNQ3gHb1l7j6ksw+GLk=
11,19,nA5cwa9Jh9drnGbEeWnyyhmMR6g=,jqeMJIdKmwSSisyBjDtEc304jX0=
10,16,nA5cwa9Jh9drnGbEeWnyyhmMR6g=,jqeMJIdKmwSSisyBjDtEc304jX0=
12,20,nA5cwa9Jh9drnGbEeWnyyhmMR6g=,7mtYWZKagNQ3gHb1l7j6ksw+GLk=
6,30,nA5cwa9Jh9drnGbEeWnyyhmMR6g=,jChl0iVCXntZ7Tk7UFSx/DV5ym8=
13,20,nA5cwa9Jh9drnGbEeWnyyhmMR6g=,7mtYWZKagNQ3gHb1l7j6ksw+GLk=
10,17,nA5cwa9Jh9drnGbEeWnyyhmMR6g=,jqeMJIdKmwSSisyBjDtEc304jX0=
13,21,nA5cwa9Jh9drnGbEeWnyyhmMR6g=,7mtYWZKagNQ3gHb1l7j6ksw+GLk=
10,20,nA5cwa9Jh9drnGbEeWnyyhmMR6g=,tkEO3P3FirTNK4hHekWQesEGjnU=
11,16,nA5cwa9Jh9drnGbEeWnyyhmMR6g=,jqeMJIdKmwSSisyBjDtEc304jX0=
7,30,nA5cwa9Jh9drnGbEeWnyyhmMR6g=,jChl0iVCXntZ7Tk7UFSx/DV5ym8=
8,30,nA5cwa9Jh9drnGbEeWnyyhmMR6g=,MuDOvF6UjTrIgb/OY+a2l/fXQes=
12,21,nA5cwa9Jh9drnGbEeWnyyhmMR6g=,7mtYWZKagNQ3gHb1l7j6ksw+GLk=
10,30,giLFLCPEV4qINvHynYoXxdPDamw=,MuDOvF6UjTrIgb/OY+a2l/fXQes=
11,30,giLFLCPEV4qINvHynYoXxdPDamw=,MuDOvF6UjTrIgb/OY+a2l/fXQes=
12,30,giLFLCPEV4qINvHynYoXxdPDamw=,2jUnyNYj/8SOH3rf8UoEBX5JIrA=
13,30,giLFLCPEV4qINvHynYoXxdPDamw=,2jUnyNYj/8SOH3rf8UoEBX5JIrA=
15,30,giLFLCPEV4qINvHynYoXxdPDamw=,2jUnyNYj/8SOH3rf8UoEBX5JIrA=
14,30,giLFLCPEV4qINvHynYoXxdPDamw=,2jUnyNYj/8SOH3rf8UoEBX5JIrA=
15,17,giLFLCPEV4qINvHynYoXxdPDamw=,anNNJjxptP+Bc8Y8yDErupgEodU=
14,17,giLFLCPEV4qINvHynYoXxdPDamw=,anNNJjxptP+Bc8Y8yDErupgEodU=
15,16,giLFLCPEV4qINvHynYoXxdPDamw=,anNNJjxptP+Bc8Y8yDErupgEodU=
14,16,giLFLCPEV4qINvHynYoXxdPDamw=,anNNJjxptP+Bc8Y8yDErupgEodU=
0,20,giLFLCPEV4qINvHynYoXxdPDamw=,9dgJUQEJMTjuOTDRU/RbPHRkg60=
3,16,giLFLCPEV4qINvHynYoXxdPDamw=,KgXtqbFb+gENuhpj3n4402zKqRY=
4,18,giLFLCPEV4qINvHynYoXxdPDamw=,SA7gqjLuD193j4QN/yzmOmRzRys=
4,16,giLFLCPEV4qINvHynYoXxdPDamw=,SA7gqjLuD193j4QN/yzmOmRzRys=
4,20,giLFLCPEV4qINvHynYoXxdPDamw=,Ho0I9hOiuQecZ6NA0q2LkKuhTy8=
1,17,giLFLCPEV4qINvHynYoXxdPDamw=,KgXtqbFb+gENuhpj3n4402zKqRY=
1,21,giLFLCPEV4qINvHynYoXxdPDamw=,9dgJUQEJMTjuOTDRU/RbPHRkg60=
5,20,giLFLCPEV4qINvHynYoXxdPDamw=,Ho0I9hOiuQecZ6NA0q2LkKuhTy8=
3,19,giLFLCPEV4qINvHynYoXxdPDamw=,KgXtqbFb+gENuhpj3n4402zKqRY=
2,16,giLFLCPEV4qINvHynYoXxdPDamw=,KgXtqbFb+gENuhpj3n4402zKqRY=
3,17,giLFLCPEV4qINvHynYoXxdPDamw=,KgXtqbFb+gENuhpj3n4402zKqRY=
1,16,giLFLCPEV4qINvHynYoXxdPDamw=,KgXtqbFb+gENuhpj3n4402zKqRY=
3,18,giLFLCPEV4qINvHynYoXxdPDamw=,KgXtqbFb+gENuhpj3n4402zKqRY=
0,16,giLFLCPEV4qINvHynYoXxdPDamw=,KgXtqbFb+gENuhpj3n4402zKqRY=
5,16,giLFLCPEV4qINvHynYoXxdPDamw=,SA7gqjLuD193j4QN/yzmOmRzRys=
4,21,giLFLCPEV4qINvHynYoXxdPDamw=,Ho0I9hOiuQecZ6NA0q2LkKuhTy8=
5,19,giLFLCPEV4qINvHynYoXxdPDamw=,SA7gqjLuD193j4QN/yzmOmRzRys=
2,21,giLFLCPEV4qINvHynYoXxdPDamw=,9dgJUQEJMTjuOTDRU/RbPHRkg60=
0,17,giLFLCPEV4qINvHynYoXxdPDamw=,KgXtqbFb+gENuhpj3n4402zKqRY=
1,19,giLFLCPEV4qINvHynYoXxdPDamw=,KgXtqbFb+gENuhpj3n4402zKqRY=
2,20,giLFLCPEV4qINvHynYoXxdPDamw=,9dgJUQEJMTjuOTDRU/RbPHRkg60=
3,20,giLFLCPEV4qINvHynYoXxdPDamw=,9dgJUQEJMTjuOTDRU/RbPHRkg60=
0,19,giLFLCPEV4qINvHynYoXxdPDamw=,KgXtqbFb+gENuhpj3n4402zKqRY=
1,20,giLFLCPEV4qINvHynYoXxdPDamw=,9dgJUQEJMTjuOTDRU/RbPHRkg60=
1,18,giLFLCPEV4qINvHynYoXxdPDamw=,KgXtqbFb+gENuhpj3n4402zKqRY=
4,19,giLFLCPEV4qINvHynYoXxdPDamw=,SA7gqjLuD193j4QN/yzmOmRzRys=
2,18,giLFLCPEV4qINvHynYoXxdPDamw=,KgXtqbFb+gENuhpj3n4402zKqRY=
0,21,giLFLCPEV4qINvHynYoXxdPDamw=,9dgJUQEJMTjuOTDRU/RbPHRkg60=
4,17,giLFLCPEV4qINvHynYoXxdPDamw=,SA7gqjLuD193j4QN/yzmOmRzRys=
2,17,giLFLCPEV4qINvHynYoXxdPDamw=,KgXtqbFb+gENuhpj3n4402zKqRY=
0,18,giLFLCPEV4qINvHynYoXxdPDamw=,KgXtqbFb+gENuhpj3n4402zKqRY=
2,19,giLFLCPEV4qINvHynYoXxdPDamw=,KgXtqbFb+gENuhpj3n4402zKqRY=
5,17,giLFLCPEV4qINvHynYoXxdPDamw=,SA7gqjLuD193j4QN/yzmOmRzRys=
3,21,giLFLCPEV4qINvHynYoXxdPDamw=,9dgJUQEJMTjuOTDRU/RbPHRkg60=
5,18,giLFLCPEV4qINvHynYoXxdPDamw=,SA7gqjLuD193j4QN/yzmOmRzRys=
5,21,giLFLCPEV4qINvHynYoXxdPDamw=,Ho0I9hOiuQecZ6NA0q2LkKuhTy8=
3,30,giLFLCPEV4qINvHynYoXxdPDamw=,Nn5kg5APE8QpVmBiNA77VQcefIM=
0,29,giLFLCPEV4qINvHynYoXxdPDamw=,Nn5kg5APE8QpVmBiNA77VQcefIM=
2,28,giLFLCPEV4qINvHynYoXxdPDamw=,Nn5kg5APE8QpVmBiNA77VQcefIM=
1,29,giLFLCPEV4qINvHynYoXxdPDamw=,Nn5kg5APE8QpVmBiNA77VQcefIM=
3,29,giLFLCPEV4qINvHynYoXxdPDamw=,Nn5kg5APE8QpVmBiNA77VQcefIM=
2,30,FT7DczF+AVFJRqnWp7GBtweFkNI=,Nn5kg5APE8QpVmBiNA77VQcefIM=
4,26,FT7DczF+AVFJRqnWp7GBtweFkNI=,1OsDcWdQHdqrCO+Dj+BNadx9sBo=
1,28,FT7DczF+AVFJRqnWp7GBtweFkNI=,Nn5kg5APE8QpVmBiNA77VQcefIM=
3,26,FT7DczF+AVFJRqnWp7GBtweFkNI=,NOwX7pJGhxKAs/LB9wDI2RHZ4mA=
2,27,FT7DczF+AVFJRqnWp7GBtweFkNI=,NOwX7pJGhxKAs/LB9wDI2RHZ4mA=
4,27,FT7DczF+AVFJRqnWp7GBtweFkNI=,1OsDcWdQHdqrCO+Dj+BNadx9sBo=
1,30,FT7DczF+AVFJRqnWp7GBtweFkNI=,Nn5kg5APE8QpVmBiNA77VQcefIM=
0,27,FT7DczF+AVFJRqnWp7GBtweFkNI=,NOwX7pJGhxKAs/LB9wDI2RHZ4mA=
0,26,FT7DczF+AVFJRqnWp7GBtweFkNI=,NOwX7pJGhxKAs/LB9wDI2RHZ4mA=
5,30,FT7DczF+AVFJRqnWp7GBtweFkNI=,jChl0iVCXntZ7Tk7UFSx/DV5ym8=
5,27,FT7DczF+AVFJRqnWp7GBtweFkNI=,1OsDcWdQHdqrCO+Dj+BNadx9sBo=
5,29,FT7DczF+AVFJRqnWp7GBtweFkNI=,jChl0iVCXntZ7Tk7UFSx/DV5ym8=
0,28,FT7DczF+AVFJRqnWp7GBtweFkNI=,Nn5kg5APE8QpVmBiNA77VQcefIM=
5,26,FT7DczF+AVFJRqnWp7GBtweFkNI=,1OsDcWdQHdqrCO+Dj+BNadx9sBo=
4,28,FT7DczF+AVFJRqnWp7GBtweFkNI=,jChl0iVCXntZ7Tk7UFSx/DV5ym8=
4,30,FT7DczF+AVFJRqnWp7GBtweFkNI=,jChl0iVCXntZ7Tk7UFSx/DV5ym8=
0,30,FT7DczF+AVFJRqnWp7GBtweFkNI=,Nn5kg5APE8QpVmBiNA77VQcefIM=
3,27,FT7DczF+AVFJRqnWp7GBtweFkNI=,NOwX7pJGhxKAs/LB9wDI2RHZ4mA=
2,26,FT7DczF+AVFJRqnWp7GBtweFkNI=,NOwX7pJGhxKAs/LB9wDI2RHZ4mA=
1,27,FT7DczF+AVFJRqnWp7GBtweFkNI=,NOwX7pJGhxKAs/LB9wDI2RHZ4mA=
4,29,FT7DczF+AVFJRqnWp7GBtweFkNI=,jChl0iVCXntZ7Tk7UFSx/DV5ym8=
5,28,FT7DczF+AVFJRqnWp7GBtweFkNI=,jChl0iVCXntZ7Tk7UFSx/DV5ym8=
3,28,FT7DczF+AVFJRqnWp7GBtweFkNI=,Nn5kg5APE8QpVmBiNA77VQcefIM=
1,26,FT7DczF+AVFJRqnWp7GBtweFkNI=,NOwX7pJGhxKAs/LB9wDI2RHZ4mA=
2,29,FT7DczF+AVFJRqnWp7GBtweFkNI=,Nn5kg5APE8QpVmBiNA77VQcefIM=
19,23,zPo/H5E+Ugew7NnfR2dqoFaml88=,1OsDcWdQHdqrCO+Dj+BNadx9sBo=
18,22,zPo/H5E+Ugew7NnfR2dqoFaml88=,1OsDcWdQHdqrCO+Dj+BNadx9sBo=
21,25,zPo/H5E+Ugew7NnfR2dqoFaml88=,hp34pXan1sa4WjQ3Vjvs5iDoLmo=
21,22,zPo/H5E+Ugew7NnfR2dqoFaml88=,tQky4qa3Rzv0YbmcTb9QRmMfKrI=
20,22,zPo/H5E+Ugew7NnfR2dqoFaml88=,tQky4qa3Rzv0YbmcTb9QRmMfKrI=
21,24,zPo/H5E+Ugew7NnfR2dqoFaml88=,hp34pXan1sa4WjQ3Vjvs5iDoLmo=
18,24,zPo/H5E+Ugew7NnfR2dqoFaml88=,/zo1XBarT3/zaNyIyP7e+bbSYV4=
19,24,zPo/H5E+Ugew7NnfR2dqoFaml88=,/zo1XBarT3/zaNyIyP7e+bbSYV4=
20,24,zPo/H5E+Ugew7NnfR2dqoFaml88=,hp34pXan1sa4WjQ3Vjvs5iDoLmo=
18,23,zPo/H5E+Ugew7NnfR2dqoFaml88=,1OsDcWdQHdqrCO+Dj+BNadx9sBo=
19,22,zPo/H5E+Ugew7NnfR2dqoFaml88=,1OsDcWdQHdqrCO+Dj+BNadx9sBo=
20,25,zPo/H5E+Ugew7NnfR2dqoFaml88=,hp34pXan1sa4WjQ3Vjvs5iDoLmo=
18,25,zPo/H5E+Ugew7NnfR2dqoFaml88=,/zo1XBarT3/zaNyIyP7e+bbSYV4=
21,23,zPo/H5E+Ugew7NnfR2dqoFaml88=,tQky4qa3Rzv0YbmcTb9QRmMfKrI=
20,23,zPo/H5E+Ugew7NnfR2dqoFaml88=,tQky4qa3Rzv0YbmcTb9QRmMfKrI=
19,25,zPo/H5E+Ugew7NnfR2dqoFaml88=,/zo1XBarT3/zaNyIyP7e+bbSYV4=
23,24,8D76DGtwRn1MwHafEy4xa82QORo=,hp34pXan1sa4WjQ3Vjvs5iDoLmo=
24,24,8D76DGtwRn1MwHafEy4xa82QORo=,GOomw+ikB8laYtBBMS2Oz3ILMWQ=
23,23,8D76DGtwRn1MwHafEy4xa82QORo=,tQky4qa3Rzv0YbmcTb9QRmMfKrI=
22,24,8D76DGtwRn1MwHafEy4xa82QORo=,hp34pXan1sa4WjQ3Vjvs5iDoLmo=
22,22,8D76DGtwRn1MwHafEy4xa82QORo=,tQky4qa3Rzv0YbmcTb9QRmMfKrI=
23,22,8D76DGtwRn1MwHafEy4xa82QORo=,tQky4qa3Rzv0YbmcTb9QRmMfKrI=
24,25,8D76DGtwRn1MwHafEy4xa82QORo=,GOomw+ikB8laYtBBMS2Oz3ILMWQ=
25,22,8D76DGtwRn1MwHafEy4xa82QORo=,00aRV4HHgYt6tTRq7B95OnY7MMM=
25,25,8D76DGtwRn1MwHafEy4xa82QORo=,GOomw+ikB8laYtBBMS2Oz3ILMWQ=
23,25,8D76DGtwRn1MwHafEy4xa82QORo=,hp34pXan1sa4WjQ3Vjvs5iDoLmo=
25,23,8D76DGtwRn1MwHafEy4xa82QORo=,00aRV4HHgYt6tTRq7B95OnY7MMM=
25,24,8D76DGtwRn1MwHafEy4xa82QORo=,GOomw+ikB8laYtBBMS2Oz3ILMWQ=
22,23,8D76DGtwRn1MwHafEy4xa82QORo=,tQky4qa3Rzv0YbmcTb9QRmMfKrI=
24,23,8D76DGtwRn1MwHafEy4xa82QORo=,00aRV4HHgYt6tTRq7B95OnY7MMM=
22,25,8D76DGtwRn1MwHafEy4xa82QORo=,hp34pXan1sa4WjQ3Vjvs5iDoLmo=
24,22,8D76DGtwRn1MwHafEy4xa82QORo=,00aRV4HHgYt6tTRq7B95OnY7MMM=
24,18,HqEisMoj9Dn/x04JwwI8jA0W3rk=,99PmuQvOw53tCZCfRLJDGCiA6Bc=
23,18,HqEisMoj9Dn/x04JwwI8jA0W3rk=,5G6sLJfzvYPk/nq7K7NLYo2rjbA=
22,18,HqEisMoj9Dn/x04JwwI8jA0W3rk=,5G6sLJfzvYPk/nq7K7NLYo2rjbA=
25,19,HqEisMoj9Dn/x04JwwI8jA0W3rk=,99PmuQvOw53tCZCfRLJDGCiA6Bc=
24,21,HqEisMoj9Dn/x04JwwI8jA0W3rk=,00aRV4HHgYt6tTRq7B95OnY7MMM=
25,18,HqEisMoj9Dn/x04JwwI8jA0W3rk=,99PmuQvOw53tCZCfRLJDGCiA6Bc=
25,20,HqEisMoj9Dn/x04JwwI8jA0W3rk=,00aRV4HHgYt6tTRq7B95OnY7MMM=
23,19,HqEisMoj9Dn/x04JwwI8jA0W3rk=,5G6sLJfzvYPk/nq7K7NLYo2rjbA=
23,20,HqEisMoj9Dn/x04JwwI8jA0W3rk=,tQky4qa3Rzv0YbmcTb9QRmMfKrI=
25,21,HqEisMoj9Dn/x04JwwI8jA0W3rk=,00aRV4HHgYt6tTRq7B95OnY7MMM=
23,21,HqEisMoj9Dn/x04JwwI8jA0W3rk=,tQky4qa3Rzv0YbmcTb9QRmMfKrI=
24,19,HqEisMoj9Dn/x04JwwI8jA0W3rk=,99PmuQvOw53tCZCfRLJDGCiA6Bc=
24,20,HqEisMoj9Dn/x04JwwI8jA0W3rk=,00aRV4HHgYt6tTRq7B95OnY7MMM=
22,21,HqEisMoj9Dn/x04JwwI8jA0W3rk=,tQky4qa3Rzv0YbmcTb9QRmMfKrI=
22,19,HqEisMoj9Dn/x04JwwI8jA0W3rk=,5G6sLJfzvYPk/nq7K7NLYo2rjbA=
22,20,HqEisMoj9Dn/x04JwwI8jA0W3rk=,tQky4qa3Rzv0YbmcTb9QRmMfKrI=
25,26,HqEisMoj9Dn/x04JwwI8jA0W3rk=,GOomw+ikB8laYtBBMS2Oz3ILMWQ=
23,28,HqEisMoj9Dn/x04JwwI8jA0W3rk=,Qx88E487vGnrBkYOaG4Nm6wzGIo=
25,29,HqEisMoj9Dn/x04JwwI8jA0W3rk=,Blka244Q6W7PC3JKZSRrArKhVqI=
23,29,HqEisMoj9Dn/x04JwwI8jA0W3rk=,Qx88E487vGnrBkYOaG4Nm6wzGIo=
22,29,HqEisMoj9Dn/x04JwwI8jA0W3rk=,Qx88E487vGnrBkYOaG4Nm6wzGIo=
24,28,HqEisMoj9Dn/x04JwwI8jA0W3rk=,Blka244Q6W7PC3JKZSRrArKhVqI=
22,27,HqEisMoj9Dn/x04JwwI8jA0W3rk=,hp34pXan1sa4WjQ3Vjvs5iDoLmo=
23,27,HqEisMoj9Dn/x04JwwI8jA0W3rk=,hp34pXan1sa4WjQ3Vjvs5iDoLmo=
24,29,HqEisMoj9Dn/x04JwwI8jA0W3rk=,Blka244Q6W7PC3JKZSRrArKhVqI=
22,28,HqEisMoj9Dn/x04JwwI8jA0W3rk=,Qx88E487vGnrBkYOaG4Nm6wzGIo=
23,26,HqEisMoj9Dn/x04JwwI8jA0W3rk=,hp34pXan1sa4WjQ3Vjvs5iDoLmo=
22,26,HqEisMoj9Dn/x04JwwI8jA0W3rk=,hp34pXan1sa4WjQ3Vjvs5iDoLmo=
24,27,HqEisMoj9Dn/x04JwwI8jA0W3rk=,GOomw+ikB8laYtBBMS2Oz3ILMWQ=
25,27,HqEisMoj9Dn/x04JwwI8jA0W3rk=,GOomw+ikB8laYtBBMS2Oz3ILMWQ=
24,26,HqEisMoj9Dn/x04JwwI8jA0W3rk=,GOomw+ikB8laYtBBMS2Oz3ILMWQ=
25,28,HqEisMoj9Dn/x04JwwI8jA0W3rk=,Blka244Q6W7PC3JKZSRrArKhVqI=
22,17,1vqdE+RhYfvg5tTX5AX8IlLaIy4=,5G6sLJfzvYPk/nq7K7NLYo2rjbA=
23,16,1vqdE+RhYfvg5tTX5AX8IlLaIy4=,5G6sLJfzvYPk/nq7K7NLYo2rjbA=
22,16,1vqdE+RhYfvg5tTX5AX8IlLaIy4=,5G6sLJfzvYPk/nq7K7NLYo2rjbA=
25,17,1vqdE+RhYfvg5tTX5AX8IlLaIy4=,99PmuQvOw53tCZCfRLJDGCiA6Bc=
23,17,1vqdE+RhYfvg5tTX5AX8IlLaIy4=,5G6sLJfzvYPk/nq7K7NLYo2rjbA=
25,16,1vqdE+RhYfvg5tTX5AX8IlLaIy4=,99PmuQvOw53tCZCfRLJDGCiA6Bc=
24,17,1vqdE+RhYfvg5tTX5AX8IlLaIy4=,99PmuQvOw53tCZCfRLJDGCiA6Bc=
24,16,tPq24ICA9NdcOESflgU6Va45Rzg=,99PmuQvOw53tCZCfRLJDGCiA6Bc=
29,19,tPq24ICA9NdcOESflgU6Va45Rzg=,sO7q1TyBF0m4W5H2j/aqKh9YYzA=
28,21,tPq24ICA9NdcOESflgU6Va45Rzg=,zS3ZXuVIfFTVOCbD5vqgcfunuek=
29,17,tPq24ICA9NdcOESflgU6Va45Rzg=,sO7q1TyBF0m4W5H2j/aqKh9YYzA=
26,21,tPq24ICA9NdcOESflgU6Va45Rzg=,00aRV4HHgYt6tTRq7B95OnY7MMM=
29,20,tPq24ICA9NdcOESflgU6Va45Rzg=,zS3ZXuVIfFTVOCbD5vqgcfunuek=
28,20,tPq24ICA9NdcOESflgU6Va45Rzg=,zS3ZXuVIfFTVOCbD5vqgcfunuek=
28,19,tPq24ICA9NdcOESflgU6Va45Rzg=,sO7q1TyBF0m4W5H2j/aqKh9YYzA=
27,19,tPq24ICA9NdcOESflgU6Va45Rzg=,99PmuQvOw53tCZCfRLJDGCiA6Bc=
28,18,tPq24ICA9NdcOESflgU6Va45Rzg=,sO7q1TyBF0m4W5H2j/aqKh9YYzA=
29,18,tPq24ICA9NdcOESflgU6Va45Rzg=,sO7q1TyBF0m4W5H2j/aqKh9YYzA=
27,20,tPq24ICA9NdcOESflgU6Va45Rzg=,00aRV4HHgYt6tTRq7B95OnY7MMM=
26,19,tPq24ICA9NdcOESflgU6Va45Rzg=,99PmuQvOw53tCZCfRLJDGCiA6Bc=
29,21,tPq24ICA9NdcOESflgU6Va45Rzg=,zS3ZXuVIfFTVOCbD5vqgcfunuek=
28,16,tPq24ICA9NdcOESflgU6Va45Rzg=,sO7q1TyBF0m4W5H2j/aqKh9YYzA=
27,18,tPq24ICA9NdcOESflgU6Va45Rzg=,99PmuQvOw53tCZCfRLJDGCiA6Bc=
29,16,tPq24ICA9NdcOESflgU6Va45Rzg=,sO7q1TyBF0m4W5H2j/aqKh9YYzA=
26,17,tPq24ICA9NdcOESflgU6Va45Rzg=,99PmuQvOw53tCZCfRLJDGCiA6Bc=
27,17,tPq24ICA9NdcOESflgU6Va45Rzg=,99PmuQvOw53tCZCfRLJDGCiA6Bc=
26,18,tPq24ICA9NdcOESflgU6Va45Rzg=,99PmuQvOw53tCZCfRLJDGCiA6Bc=
26,16,tPq24ICA9NdcOESflgU6Va45Rzg=,99PmuQvOw53tCZCfRLJDGCiA6Bc=
28,17,tPq24ICA9NdcOESflgU6Va45Rzg=,sO7q1TyBF0m4W5H2j/aqKh9YYzA=
27,21,tPq24ICA9NdcOESflgU6Va45Rzg=,00aRV4HHgYt6tTRq7B95OnY7MMM=
26,20,tPq24ICA9NdcOESflgU6Va45Rzg=,00aRV4HHgYt6tTRq7B95OnY7MMM=
27,16,tPq24ICA9NdcOESflgU6Va45Rzg=,99PmuQvOw53tCZCfRLJDGCiA6Bc=
30,19,tPq24ICA9NdcOESflgU6Va45Rzg=,sO7q1TyBF0m4W5H2j/aqKh9YYzA=
30,20,tPq24ICA9NdcOESflgU6Va45Rzg=,zS3ZXuVIfFTVOCbD5vqgcfunuek=
30,21,tPq24ICA9NdcOESflgU6Va45Rzg=,zS3ZXuVIfFTVOCbD5vqgcfunuek=
30,18,tPq24ICA9NdcOESflgU6Va45Rzg=,sO7q1TyBF0m4W5H2j/aqKh9YYzA=
27,30,tPq24ICA9NdcOESflgU6Va45Rzg=,Blka244Q6W7PC3JKZSRrArKhVqI=
23,30,tPq24ICA9NdcOESflgU6Va45Rzg=,Qx88E487vGnrBkYOaG4Nm6wzGIo=
26,30,tPq24ICA9NdcOESflgU6Va45Rzg=,Blka244Q6W7PC3JKZSRrArKhVqI=
29,30,tPq24ICA9NdcOESflgU6Va45Rzg=,ecyPGHq+tNOnf5RJ3XXbF1KGlH0=
28,30,tPq24ICA9NdcOESflgU6Va45Rzg=,ecyPGHq+tNOnf5RJ3XXbF1KGlH0=
22,30,tPq24ICA9NdcOESflgU6Va45Rzg=,Qx88E487vGnrBkYOaG4Nm6wzGIo=
25,30,tPq24ICA9NdcOESflgU6Va45Rzg=,Blka244Q6W7PC3JKZSRrArKhVqI=
24,30,tPq24ICA9NdcOESflgU6Va45Rzg=,Blka244Q6W7PC3JKZSRrArKhVqI=
27,29,yS93RrXZ0lOd4Afaq3FbIKuPJ+g=,Blka244Q6W7PC3JKZSRrArKhVqI=
26,29,yS93RrXZ0lOd4Afaq3FbIKuPJ+g=,Blka244Q6W7PC3JKZSRrArKhVqI=
26,28,yS93RrXZ0lOd4Afaq3FbIKuPJ+g=,Blka244Q6W7PC3JKZSRrArKhVqI=
28,24,yS93RrXZ0lOd4Afaq3FbIKuPJ+g=,O7waxhf0V4QhpHm5nywmRvSOBrs=
27,28,yS93RrXZ0lOd4Afaq3FbIKuPJ+g=,Blka244Q6W7PC3JKZSRrArKhVqI=
30,27,yS93RrXZ0lOd4Afaq3FbIKuPJ+g=,O7waxhf0V4QhpHm5nywmRvSOBrs=
29,27,yS93RrXZ0lOd4Afaq3FbIKuPJ+g=,O7waxhf0V4QhpHm5nywmRvSOBrs=
30,29,yS93RrXZ0lOd4Afaq3FbIKuPJ+g=,ecyPGHq+tNOnf5RJ3XXbF1KGlH0=
28,29,yS93RrXZ0lOd4Afaq3FbIKuPJ+g=,ecyPGHq+tNOnf5RJ3XXbF1KGlH0=
28,28,yS93RrXZ0lOd4Afaq3FbIKuPJ+g=,ecyPGHq+tNOnf5RJ3XXbF1KGlH0=
29,26,yS93RrXZ0lOd4Afaq3FbIKuPJ+g=,O7waxhf0V4QhpHm5nywmRvSOBrs=
26,24,yS93RrXZ0lOd4Afaq3FbIKuPJ+g=,GOomw+ikB8laYtBBMS2Oz3ILMWQ=
27,22,yS93RrXZ0lOd4Afaq3FbIKuPJ+g=,00aRV4HHgYt6tTRq7B95OnY7MMM=
27,26,yS93RrXZ0lOd4Afaq3FbIKuPJ+g=,GOomw+ikB8laYtBBMS2Oz3ILMWQ=
28,27,yS93RrXZ0lOd4Afaq3FbIKuPJ+g=,O7waxhf0V4QhpHm5nywmRvSOBrs=
29,29,yS93RrXZ0lOd4Afaq3FbIKuPJ+g=,ecyPGHq+tNOnf5RJ3XXbF1KGlH0=
29,22,yS93RrXZ0lOd4Afaq3FbIKuPJ+g=,zS3ZXuVIfFTVOCbD5vqgcfunuek=
28,26,yS93RrXZ0lOd4Afaq3FbIKuPJ+g=,O7waxhf0V4QhpHm5nywmRvSOBrs=
29,25,yS93RrXZ0lOd4Afaq3FbIKuPJ+g=,O7waxhf0V4QhpHm5nywmRvSOBrs=
26,27,yS93RrXZ0lOd4Afaq3FbIKuPJ+g=,GOomw+ikB8laYtBBMS2Oz3ILMWQ=
29,24,yS93RrXZ0lOd4Afaq3FbIKuPJ+g=,O7waxhf0V4QhpHm5nywmRvSOBrs=
26,26,yS93RrXZ0lOd4Afaq3FbIKuPJ+g=,GOomw+ikB8laYtBBMS2Oz3ILMWQ=
27,27,yS93RrXZ0lOd4Afaq3FbIKuPJ+g=,GOomw+ikB8laYtBBMS2Oz3ILMWQ=
27,25,yS93RrXZ0lOd4Afaq3FbIKuPJ+g=,GOomw+ikB8laYtBBMS2Oz3ILMWQ=
28,25,yS93RrXZ0lOd4Afaq3FbIKuPJ+g=,O7waxhf0V4QhpHm5nywmRvSOBrs=
30,28,yS93RrXZ0lOd4Afaq3FbIKuPJ+g=,ecyPGHq+tNOnf5RJ3XXbF1KGlH0=
30,26,yS93RrXZ0lOd4Afaq3FbIKuPJ+g=,O7waxhf0V4QhpHm5nywmRvSOBrs=
28,22,yS93RrXZ0lOd4Afaq3FbIKuPJ+g=,zS3ZXuVIfFTVOCbD5vqgcfunuek=
30,24,yS93RrXZ0lOd4Afaq3FbIKuPJ+g=,O7waxhf0V4QhpHm5nywmRvSOBrs=
30,25,yS93RrXZ0lOd4Afaq3FbIKuPJ+g=,O7waxhf0V4QhpHm5nywmRvSOBrs=
27,24,yS93RrXZ0lOd4Afaq3FbIKuPJ+g=,GOomw+ikB8laYtBBMS2Oz3ILMWQ=
26,22,yS93RrXZ0lOd4Afaq3FbIKuPJ+g=,00aRV4HHgYt6tTRq7B95OnY7MMM=
29,28,yS93RrXZ0lOd4Afaq3FbIKuPJ+g=,ecyPGHq+tNOnf5RJ3XXbF1KGlH0=
27,23,yS93RrXZ0lOd4Afaq3FbIKuPJ+g=,00aRV4HHgYt6tTRq7B95OnY7MMM=
26,25,yS93RrXZ0lOd4Afaq3FbIKuPJ+g=,GOomw+ikB8laYtBBMS2Oz3ILMWQ=
28,23,yS93RrXZ0lOd4Afaq3FbIKuPJ+g=,zS3ZXuVIfFTVOCbD5vqgcfunuek=
30,23,yS93RrXZ0lOd4Afaq3FbIKuPJ+g=,zS3ZXuVIfFTVOCbD5vqgcfunuek=
29,23,yS93RrXZ0lOd4Afaq3FbIKuPJ+g=,zS3ZXuVIfFTVOCbD5vqgcfunuek=
26,23,yS93RrXZ0lOd4Afaq3FbIKuPJ+g=,00aRV4HHgYt6tTRq7B95OnY7MMM=
16,23,yS93RrXZ0lOd4Afaq3FbIKuPJ+g=,1OsDcWdQHdqrCO+Dj+BNadx9sBo=
16,25,yS93RrXZ0lOd4Afaq3FbIKuPJ+g=,/zo1XBarT3/zaNyIyP7e+bbSYV4=
17,24,yS93RrXZ0lOd4Afaq3FbIKuPJ+g=,/zo1XBarT3/zaNyIyP7e+bbSYV4=
16,22,yS93RrXZ0lOd4Afaq3FbIKuPJ+g=,1OsDcWdQHdqrCO+Dj+BNadx9sBo=
17,22,yS93RrXZ0lOd4Afaq3FbIKuPJ+g=,1OsDcWdQHdqrCO+Dj+BNadx9sBo=
16,24,yS93RrXZ0lOd4Afaq3FbIKuPJ+g=,/zo1XBarT3/zaNyIyP7e+bbSYV4=
17,25,yS93RrXZ0lOd4Afaq3FbIKuPJ+g=,/zo1XBarT3/zaNyIyP7e+bbSYV4=
17,23,yS93RrXZ0lOd4Afaq3FbIKuPJ+g=,1OsDcWdQHdqrCO+Dj+BNadx9sBo=
30,22,yS93RrXZ0lOd4Afaq3FbIKuPJ+g=,zS3ZXuVIfFTVOCbD5vqgcfunuek=
30,17,9K6QqkzH2ST9Z3XDlxM8BAc8EA0=,sO7q1TyBF0m4W5H2j/aqKh9YYzA=
30,16,9K6QqkzH2ST9Z3XDlxM8BAc8EA0=,sO7q1TyBF0m4W5H2j/aqKh9YYzA=
30,30,9K6QqkzH2ST9Z3XDlxM8BAc8EA0=,ecyPGHq+tNOnf5RJ3XXbF1KGlH0=
21,27,Hymst8k9C3/rMpxw4XydY3G41qk=,hp34pXan1sa4WjQ3Vjvs5iDoLmo=
19,27,Hymst8k9C3/rMpxw4XydY3G41qk=,/zo1XBarT3/zaNyIyP7e+bbSYV4=
19,28,Hymst8k9C3/rMpxw4XydY3G41qk=,53bOIVUfwuLFE/I+7ROajBMt6Ok=
18,27,Hymst8k9C3/rMpxw4XydY3G41qk=,/zo1XBarT3/zaNyIyP7e+bbSYV4=
20,30,Hymst8k9C3/rMpxw4XydY3G41qk=,Qx88E487vGnrBkYOaG4Nm6wzGIo=
21,30,Hymst8k9C3/rMpxw4XydY3G41qk=,Qx88E487vGnrBkYOaG4Nm6wzGIo=
20,28,Hymst8k9C3/rMpxw4XydY3G41qk=,Qx88E487vGnrBkYOaG4Nm6wzGIo=
17,27,Hymst8k9C3/rMpxw4XydY3G41qk=,/zo1XBarT3/zaNyIyP7e+bbSYV4=
17,30,Hymst8k9C3/rMpxw4XydY3G41qk=,53bOIVUfwuLFE/I+7ROajBMt6Ok=
19,29,Hymst8k9C3/rMpxw4XydY3G41qk=,53bOIVUfwuLFE/I+7ROajBMt6Ok=
16,27,Hymst8k9C3/rMpxw4XydY3G41qk=,/zo1XBarT3/zaNyIyP7e+bbSYV4=
18,29,Hymst8k9C3/rMpxw4XydY3G41qk=,53bOIVUfwuLFE/I+7ROajBMt6Ok=
20,27,Hymst8k9C3/rMpxw4XydY3G41qk=,hp34pXan1sa4WjQ3Vjvs5iDoLmo=
16,26,Hymst8k9C3/rMpxw4XydY3G41qk=,/zo1XBarT3/zaNyIyP7e+bbSYV4=
16,30,Hymst8k9C3/rMpxw4XydY3G41qk=,53bOIVUfwuLFE/I+7ROajBMt6Ok=
21,28,Hymst8k9C3/rMpxw4XydY3G41qk=,Qx88E487vGnrBkYOaG4Nm6wzGIo=
19,26,Hymst8k9C3/rMpxw4XydY3G41qk=,/zo1XBarT3/zaNyIyP7e+bbSYV4=
18,26,Hymst8k9C3/rMpxw4XydY3G41qk=,/zo1XBarT3/zaNyIyP7e+bbSYV4=
18,28,Hymst8k9C3/rMpxw4XydY3G41qk=,53bOIVUfwuLFE/I+7ROajBMt6Ok=
18,30,Hymst8k9C3/rMpxw4XydY3G41qk=,53bOIVUfwuLFE/I+7ROajBMt6Ok=
17,26,Hymst8k9C3/rMpxw4XydY3G41qk=,/zo1XBarT3/zaNyIyP7e+bbSYV4=
19,30,Hymst8k9C3/rMpxw4XydY3G41qk=,53bOIVUfwuLFE/I+7ROajBMt6Ok=
16,29,Hymst8k9C3/rMpxw4XydY3G41qk=,53bOIVUfwuLFE/I+7ROajBMt6Ok=
21,29,Hymst8k9C3/rMpxw4XydY3G41qk=,Qx88E487vGnrBkYOaG4Nm6wzGIo=
20,29,Hymst8k9C3/rMpxw4XydY3G41qk=,Qx88E487vGnrBkYOaG4Nm6wzGIo=
17,28,Hymst8k9C3/rMpxw4XydY3G41qk=,53bOIVUfwuLFE/I+7ROajBMt6Ok=
16,28,Hymst8k9C3/rMpxw4XydY3G41qk=,53bOIVUfwuLFE/I+7ROajBMt6Ok=
20,26,Hymst8k9C3/rMpxw4XydY3G41qk=,hp34pXan1sa4WjQ3Vjvs5iDoLmo=
17,29,Hymst8k9C3/rMpxw4XydY3G41qk=,53bOIVUfwuLFE/I+7ROajBMt6Ok=
21,26,Hymst8k9C3/rMpxw4XydY3G41qk=,hp34pXan1sa4WjQ3Vjvs5iDoLmo=
18,17,Hymst8k9C3/rMpxw4XydY3G41qk=,1OsDcWdQHdqrCO+Dj+BNadx9sBo=
21,20,Hymst8k9C3/rMpxw4XydY3G41qk=,tQky4qa3Rzv0YbmcTb9QRmMfKrI=
21,16,Hymst8k9C3/rMpxw4XydY3G41qk=,5G6sLJfzvYPk/nq7K7NLYo2rjbA=
18,16,Hymst8k9C3/rMpxw4XydY3G41qk=,1OsDcWdQHdqrCO+Dj+BNadx9sBo=
18,19,Hymst8k9C3/rMpxw4XydY3G41qk=,1OsDcWdQHdqrCO+Dj+BNadx9sBo=
19,16,Hymst8k9C3/rMpxw4XydY3G41qk=,1OsDcWdQHdqrCO+Dj+BNadx9sBo=
16,20,Hymst8k9C3/rMpxw4XydY3G41qk=,1OsDcWdQHdqrCO+Dj+BNadx9sBo=
19,19,Hymst8k9C3/rMpxw4XydY3G41qk=,1OsDcWdQHdqrCO+Dj+BNadx9sBo=
16,19,Hymst8k9C3/rMpxw4XydY3G41qk=,1OsDcWdQHdqrCO+Dj+BNadx9sBo=
17,20,Hymst8k9C3/rMpxw4XydY3G41qk=,1OsDcWdQHdqrCO+Dj+BNadx9sBo=
16,16,Hymst8k9C3/rMpxw4XydY3G41qk=,1OsDcWdQHdqrCO+Dj+BNadx9sBo=
19,21,Hymst8k9C3/rMpxw4XydY3G41qk=,1OsDcWdQHdqrCO+Dj+BNadx9sBo=
17,17,Hymst8k9C3/rMpxw4XydY3G41qk=,1OsDcWdQHdqrCO+Dj+BNadx9sBo=
20,18,Hymst8k9C3/rMpxw4XydY3G41qk=,5G6sLJfzvYPk/nq7K7NLYo2rjbA=
19,18,Hymst8k9C3/rMpxw4XydY3G41qk=,1OsDcWdQHdqrCO+Dj+BNadx9sBo=
16,21,Hymst8k9C3/rMpxw4XydY3G41qk=,1OsDcWdQHdqrCO+Dj+BNadx9sBo=
19,20,Hymst8k9C3/rMpxw4XydY3G41qk=,1OsDcWdQHdqrCO+Dj+BNadx9sBo=
21,21,Hymst8k9C3/rMpxw4XydY3G41qk=,tQky4qa3Rzv0YbmcTb9QRmMfKrI=
20,17,Hymst8k9C3/rMpxw4XydY3G41qk=,5G6sLJfzvYPk/nq7K7NLYo2rjbA=
19,17,Hymst8k9C3/rMpxw4XydY3G41qk=,1OsDcWdQHdqrCO+Dj+BNadx9sBo=
16,18,Hymst8k9C3/rMpxw4XydY3G41qk=,1OsDcWdQHdqrCO+Dj+BNadx9sBo=
20,20,Hymst8k9C3/rMpxw4XydY3G41qk=,tQky4qa3Rzv0YbmcTb9QRmMfKrI=
17,19,Hymst8k9C3/rMpxw4XydY3G41qk=,1OsDcWdQHdqrCO+Dj+BNadx9sBo=
17,18,Hymst8k9C3/rMpxw4XydY3G41qk=,1OsDcWdQHdqrCO+Dj+BNadx9sBo=
16,17,Hymst8k9C3/rMpxw4XydY3G41qk=,1OsDcWdQHdqrCO+Dj+BNadx9sBo=
21,19,Hymst8k9C3/rMpxw4XydY3G41qk=,5G6sLJfzvYPk/nq7K7NLYo2rjbA=
18,20,Hymst8k9C3/rMpxw4XydY3G41qk=,1OsDcWdQHdqrCO+Dj+BNadx9sBo=
20,16,Hymst8k9C3/rMpxw4XydY3G41qk=,5G6sLJfzvYPk/nq7K7NLYo2rjbA=
20,19,Hymst8k9C3/rMpxw4XydY3G41qk=,5G6sLJfzvYPk/nq7K7NLYo2rjbA=
17,16,Hymst8k9C3/rMpxw4XydY3G41qk=,1OsDcWdQHdqrCO+Dj+BNadx9sBo=
21,18,Hymst8k9C3/rMpxw4XydY3G41qk=,5G6sLJfzvYPk/nq7K7NLYo2rjbA=
17,21,Hymst8k9C3/rMpxw4XydY3G41qk=,1OsDcWdQHdqrCO+Dj+BNadx9sBo=
18,18,Hymst8k9C3/rMpxw4XydY3G41qk=,1OsDcWdQHdqrCO+Dj+BNadx9sBo=
18,21,Hymst8k9C3/rMpxw4XydY3G41qk=,1OsDcWdQHdqrCO+Dj+BNadx9sBo=
21,17,Hymst8k9C3/rMpxw4XydY3G41qk=,5G6sLJfzvYPk/nq7K7NLYo2rjbA=
20,21,Hymst8k9C3/rMpxw4XydY3G41qk=,tQky4qa3Rzv0YbmcTb9QRmMfKrI=
24,8,nGq1SKcUKzq/kP9Zve5ypWD1bL8=,GcdrUsdw0fm5A4heU8jdhzwmwYw=
28,9,nGq1SKcUKzq/kP9Zve5ypWD1bL8=,wwFloRu/B+SvMpvUMPS8nYLxnqw=
29,6,nGq1SKcUKzq/kP9Zve5ypWD1bL8=,y2Nuv6Ll+Fn5btaz7iJDICuQ924=
22,6,nGq1SKcUKzq/kP9Zve5ypWD1bL8=,1OsDcWdQHdqrCO+Dj+BNadx9sBo=
25,7,nGq1SKcUKzq/kP9Zve5ypWD1bL8=,/ZM3A/dMlOLmxAhKRPpckXBv8vg=
29,9,nGq1SKcUKzq/kP9Zve5ypWD1bL8=,wwFloRu/B+SvMpvUMPS8nYLxnqw=
23,6,nGq1SKcUKzq/kP9Zve5ypWD1bL8=,1OsDcWdQHdqrCO+Dj+BNadx9sBo=
24,7,nGq1SKcUKzq/kP9Zve5ypWD1bL8=,/ZM3A/dMlOLmxAhKRPpckXBv8vg=
28,7,nGq1SKcUKzq/kP9Zve5ypWD1bL8=,y2Nuv6Ll+Fn5btaz7iJDICuQ924=
27,6,nGq1SKcUKzq/kP9Zve5ypWD1bL8=,/ZM3A/dMlOLmxAhKRPpckXBv8vg=
27,7,nGq1SKcUKzq/kP9Zve5ypWD1bL8=,/ZM3A/dMlOLmxAhKRPpckXBv8vg=
29,8,nGq1SKcUKzq/kP9Zve5ypWD1bL8=,wwFloRu/B+SvMpvUMPS8nYLxnqw=
28,6,nGq1SKcUKzq/kP9Zve5ypWD1bL8=,y2Nuv6Ll+Fn5btaz7iJDICuQ924=
28,8,nGq1SKcUKzq/kP9Zve5ypWD1bL8=,wwFloRu/B+SvMpvUMPS8nYLxnqw=
26,7,nGq1SKcUKzq/kP9Zve5ypWD1bL8=,/ZM3A/dMlOLmxAhKRPpckXBv8vg=
25,8,nGq1SKcUKzq/kP9Zve5ypWD1bL8=,GcdrUsdw0fm5A4heU8jdhzwmwYw=
27,9,nGq1SKcUKzq/kP9Zve5ypWD1bL8=,GcdrUsdw0fm5A4heU8jdhzwmwYw=
23,7,a2P84zSwtSbg4r4jtI06b3vNUvQ=,1OsDcWdQHdqrCO+Dj+BNadx9sBo=
26,9,a2P84zSwtSbg4r4jtI06b3vNUvQ=,GcdrUsdw0fm5A4heU8jdhzwmwYw=
25,9,a2P84zSwtSbg4r4jtI06b3vNUvQ=,GcdrUsdw0fm5A4heU8jdhzwmwYw=
22,8,a2P84zSwtSbg4r4jtI06b3vNUvQ=,KFq9FQKVM4twTGrobOUbzHLS1CY=
23,9,a2P84zSwtSbg4r4jtI06b3vNUvQ=,KFq9FQKVM4twTGrobOUbzHLS1CY=
22,9,a2P84zSwtSbg4r4jtI06b3vNUvQ=,KFq9FQKVM4twTGrobOUbzHLS1CY=
27,8,a2P84zSwtSbg4r4jtI06b3vNUvQ=,GcdrUsdw0fm5A4heU8jdhzwmwYw=
25,6,a2P84zSwtSbg4r4jtI06b3vNUvQ=,/ZM3A/dMlOLmxAhKRPpckXBv8vg=
24,9,a2P84zSwtSbg4r4jtI06b3vNUvQ=,GcdrUsdw0fm5A4heU8jdhzwmwYw=
26,8,a2P84zSwtSbg4r4jtI06b3vNUvQ=,GcdrUsdw0fm5A4heU8jdhzwmwYw=
29,7,a2P84zSwtSbg4r4jtI06b3vNUvQ=,y2Nuv6Ll+Fn5btaz7iJDICuQ924=
23,8,a2P84zSwtSbg4r4jtI06b3vNUvQ=,KFq9FQKVM4twTGrobOUbzHLS1CY=
20,8,a2P84zSwtSbg4r4jtI06b3vNUvQ=,KFq9FQKVM4twTGrobOUbzHLS1CY=
20,6,a2P84zSwtSbg4r4jtI06b3vNUvQ=,1OsDcWdQHdqrCO+Dj+BNadx9sBo=
18,6,a2P84zSwtSbg4r4jtI06b3vNUvQ=,ZBh9thoHLmZ49oI/psAjOFzStlg=
26,6,a2P84zSwtSbg4r4jtI06b3vNUvQ=,/ZM3A/dMlOLmxAhKRPpckXBv8vg=
20,7,a2P84zSwtSbg4r4jtI06b3vNUvQ=,1OsDcWdQHdqrCO+Dj+BNadx9sBo=
19,6,a2P84zSwtSbg4r4jtI06b3vNUvQ=,ZBh9thoHLmZ49oI/psAjOFzStlg=
19,9,a2P84zSwtSbg4r4jtI06b3vNUvQ=,D4xX5sSKKp3WHiLfYBVivErbIMQ=
21,6,a2P84zSwtSbg4r4jtI06b3vNUvQ=,1OsDcWdQHdqrCO+Dj+BNadx9sBo=
24,6,a2P84zSwtSbg4r4jtI06b3vNUvQ=,/ZM3A/dMlOLmxAhKRPpckXBv8vg=
20,9,a2P84zSwtSbg4r4jtI06b3vNUvQ=,KFq9FQKVM4twTGrobOUbzHLS1CY=
21,9,a2P84zSwtSbg4r4jtI06b3vNUvQ=,KFq9FQKVM4twTGrobOUbzHLS1CY=
18,9,a2P84zSwtSbg4r4jtI06b3vNUvQ=,D4xX5sSKKp3WHiLfYBVivErbIMQ=
21,8,a2P84zSwtSbg4r4jtI06b3vNUvQ=,KFq9FQKVM4twTGrobOUbzHLS1CY=
19,8,a2P84zSwtSbg4r4jtI06b3vNUvQ=,D4xX5sSKKp3WHiLfYBVivErbIMQ=
21,7,a2P84zSwtSbg4r4jtI06b3vNUvQ=,1OsDcWdQHdqrCO+Dj+BNadx9sBo=
18,7,a2P84zSwtSbg4r4jtI06b3vNUvQ=,ZBh9thoHLmZ49oI/psAjOFzStlg=
22,7,a2P84zSwtSbg4r4jtI06b3vNUvQ=,1OsDcWdQHdqrCO+Dj+BNadx9sBo=
19,7,a2P84zSwtSbg4r4jtI06b3vNUvQ=,ZBh9thoHLmZ49oI/psAjOFzStlg=
18,8,a2P84zSwtSbg4r4jtI06b3vNUvQ=,D4xX5sSKKp3WHiLfYBVivErbIMQ=
23,13,91EqIXliAYm7RW0EgLXR/YzTSto=,xekTqqB2ltz2yiFpXgV7cqMbvc8=
27,11,91EqIXliAYm7RW0EgLXR/YzTSto=,GcdrUsdw0fm5A4heU8jdhzwmwYw=
26,13,91EqIXliAYm7RW0EgLXR/YzTSto=,wwFloRu/B+SvMpvUMPS8nYLxnqw=
24,12,91EqIXliAYm7RW0EgLXR/YzTSto=,wwFloRu/B+SvMpvUMPS8nYLxnqw=
23,11,91EqIXliAYm7RW0EgLXR/YzTSto=,KFq9FQKVM4twTGrobOUbzHLS1CY=
26,11,91EqIXliAYm7RW0EgLXR/YzTSto=,GcdrUsdw0fm5A4heU8jdhzwmwYw=
28,12,91EqIXliAYm7RW0EgLXR/YzTSto=,wwFloRu/B+SvMpvUMPS8nYLxnqw=
29,10,91EqIXliAYm7RW0EgLXR/YzTSto=,wwFloRu/B+SvMpvUMPS8nYLxnqw=
27,10,91EqIXliAYm7RW0EgLXR/YzTSto=,GcdrUsdw0fm5A4heU8jdhzwmwYw=
24,10,91EqIXliAYm7RW0EgLXR/YzTSto=,GcdrUsdw0fm5A4heU8jdhzwmwYw=
29,13,91EqIXliAYm7RW0EgLXR/YzTSto=,wwFloRu/B+SvMpvUMPS8nYLxnqw=
22,13,91EqIXliAYm7RW0EgLXR/YzTSto=,xekTqqB2ltz2yiFpXgV7cqMbvc8=
23,12,91EqIXliAYm7RW0EgLXR/YzTSto=,xekTqqB2ltz2yiFpXgV7cqMbvc8=
25,11,91EqIXliAYm7RW0EgLXR/YzTSto=,GcdrUsdw0fm5A4heU8jdhzwmwYw=
28,11,91EqIXliAYm7RW0EgLXR/YzTSto=,wwFloRu/B+SvMpvUMPS8nYLxnqw=
28,10,91EqIXliAYm7RW0EgLXR/YzTSto=,wwFloRu/B+SvMpvUMPS8nYLxnqw=
26,10,91EqIXliAYm7RW0EgLXR/YzTSto=,GcdrUsdw0fm5A4heU8jdhzwmwYw=
22,11,91EqIXliAYm7RW0EgLXR/YzTSto=,KFq9FQKVM4twTGrobOUbzHLS1CY=
22,12,91EqIXliAYm7RW0EgLXR/YzTSto=,xekTqqB2ltz2yiFpXgV7cqMbvc8=
25,12,91EqIXliAYm7RW0EgLXR/YzTSto=,wwFloRu/B+SvMpvUMPS8nYLxnqw=
29,12,91EqIXliAYm7RW0EgLXR/YzTSto=,wwFloRu/B+SvMpvUMPS8nYLxnqw=
26,12,91EqIXliAYm7RW0EgLXR/YzTSto=,wwFloRu/B+SvMpvUMPS8nYLxnqw=
27,13,91EqIXliAYm7RW0EgLXR/YzTSto=,wwFloRu/B+SvMpvUMPS8nYLxnqw=
27,12,91EqIXliAYm7RW0EgLXR/YzTSto=,wwFloRu/B+SvMpvUMPS8nYLxnqw=
24,13,91EqIXliAYm7RW0EgLXR/YzTSto=,wwFloRu/B+SvMpvUMPS8nYLxnqw=
29,11,91EqIXliAYm7RW0EgLXR/YzTSto=,wwFloRu/B+SvMpvUMPS8nYLxnqw=
25,13,91EqIXliAYm7RW0EgLXR/YzTSto=,wwFloRu/B+SvMpvUMPS8nYLxnqw=
25,10,91EqIXliAYm7RW0EgLXR/YzTSto=,GcdrUsdw0fm5A4heU8jdhzwmwYw=
28,13,91EqIXliAYm7RW0EgLXR/YzTSto=,wwFloRu/B+SvMpvUMPS8nYLxnqw=
23,10,91EqIXliAYm7RW0EgLXR/YzTSto=,KFq9FQKVM4twTGrobOUbzHLS1CY=
22,10,91EqIXliAYm7RW0EgLXR/YzTSto=,KFq9FQKVM4twTGrobOUbzHLS1CY=
24,11,91EqIXliAYm7RW0EgLXR/YzTSto=,GcdrUsdw0fm5A4heU8jdhzwmwYw=
24,14,91EqIXliAYm7RW0EgLXR/YzTSto=,wwFloRu/B+SvMpvUMPS8nYLxnqw=
25,14,91EqIXliAYm7RW0EgLXR/YzTSto=,wwFloRu/B+SvMpvUMPS8nYLxnqw=
24,15,91EqIXliAYm7RW0EgLXR/YzTSto=,wwFloRu/B+SvMpvUMPS8nYLxnqw=
25,15,91EqIXliAYm7RW0EgLXR/YzTSto=,wwFloRu/B+SvMpvUMPS8nYLxnqw=
22,14,91EqIXliAYm7RW0EgLXR/YzTSto=,xekTqqB2ltz2yiFpXgV7cqMbvc8=
23,14,91EqIXliAYm7RW0EgLXR/YzTSto=,xekTqqB2ltz2yiFpXgV7cqMbvc8=
22,15,91EqIXliAYm7RW0EgLXR/YzTSto=,xekTqqB2ltz2yiFpXgV7cqMbvc8=
23,15,91EqIXliAYm7RW0EgLXR/YzTSto=,xekTqqB2ltz2yiFpXgV7cqMbvc8=
27,14,IA1C52yovIkCoIsvhWpJVqfPpqE=,wwFloRu/B+SvMpvUMPS8nYLxnqw=
28,15,IA1C52yovIkCoIsvhWpJVqfPpqE=,wwFloRu/B+SvMpvUMPS8nYLxnqw=
26,14,IA1C52yovIkCoIsvhWpJVqfPpqE=,wwFloRu/B+SvMpvUMPS8nYLxnqw=
26,15,IA1C52yovIkCoIsvhWpJVqfPpqE=,wwFloRu/B+SvMpvUMPS8nYLxnqw=
29,15,IA1C52yovIkCoIsvhWpJVqfPpqE=,wwFloRu/B+SvMpvUMPS8nYLxnqw=
28,14,IA1C52yovIkCoIsvhWpJVqfPpqE=,wwFloRu/B+SvMpvUMPS8nYLxnqw=
29,14,IA1C52yovIkCoIsvhWpJVqfPpqE=,wwFloRu/B+SvMpvUMPS8nYLxnqw=
27,15,IA1C52yovIkCoIsvhWpJVqfPpqE=,wwFloRu/B+SvMpvUMPS8nYLxnqw=
20,15,IA1C52yovIkCoIsvhWpJVqfPpqE=,xekTqqB2ltz2yiFpXgV7cqMbvc8=
21,11,IA1C52yovIkCoIsvhWpJVqfPpqE=,KFq9FQKVM4twTGrobOUbzHLS1CY=
21,14,IA1C52yovIkCoIsvhWpJVqfPpqE=,xekTqqB2ltz2yiFpXgV7cqMbvc8=
19,12,IA1C52yovIkCoIsvhWpJVqfPpqE=,xekTqqB2ltz2yiFpXgV7cqMbvc8=
19,14,IA1C52yovIkCoIsvhWpJVqfPpqE=,xekTqqB2ltz2yiFpXgV7cqMbvc8=
19,10,IA1C52yovIkCoIsvhWpJVqfPpqE=,D4xX5sSKKp3WHiLfYBVivErbIMQ=
21,13,IA1C52yovIkCoIsvhWpJVqfPpqE=,xekTqqB2ltz2yiFpXgV7cqMbvc8=
18,10,IA1C52yovIkCoIsvhWpJVqfPpqE=,D4xX5sSKKp3WHiLfYBVivErbIMQ=
20,11,IA1C52yovIkCoIsvhWpJVqfPpqE=,KFq9FQKVM4twTGrobOUbzHLS1CY=
20,12,IA1C52yovIkCoIsvhWpJVqfPpqE=,xekTqqB2ltz2yiFpXgV7cqMbvc8=
18,12,IA1C52yovIkCoIsvhWpJVqfPpqE=,xekTqqB2ltz2yiFpXgV7cqMbvc8=
18,13,IA1C52yovIkCoIsvhWpJVqfPpqE=,xekTqqB2ltz2yiFpXgV7cqMbvc8=
20,13,IA1C52yovIkCoIsvhWpJVqfPpqE=,xekTqqB2ltz2yiFpXgV7cqMbvc8=
21,12,IA1C52yovIkCoIsvhWpJVqfPpqE=,xekTqqB2ltz2yiFpXgV7cqMbvc8=
18,11,IA1C52yovIkCoIsvhWpJVqfPpqE=,D4xX5sSKKp3WHiLfYBVivErbIMQ=
19,11,IA1C52yovIkCoIsvhWpJVqfPpqE=,D4xX5sSKKp3WHiLfYBVivErbIMQ=
19,13,IA1C52yovIkCoIsvhWpJVqfPpqE=,xekTqqB2ltz2yiFpXgV7cqMbvc8=
18,14,IA1C52yovIkCoIsvhWpJVqfPpqE=,xekTqqB2ltz2yiFpXgV7cqMbvc8=
20,10,IA1C52yovIkCoIsvhWpJVqfPpqE=,KFq9FQKVM4twTGrobOUbzHLS1CY=
21,15,IA1C52yovIkCoIsvhWpJVqfPpqE=,xekTqqB2ltz2yiFpXgV7cqMbvc8=
20,14,IA1C52yovIkCoIsvhWpJVqfPpqE=,xekTqqB2ltz2yiFpXgV7cqMbvc8=
19,15,IA1C52yovIkCoIsvhWpJVqfPpqE=,xekTqqB2ltz2yiFpXgV7cqMbvc8=
21,10,IA1C52yovIkCoIsvhWpJVqfPpqE=,KFq9FQKVM4twTGrobOUbzHLS1CY=
18,15,yIqxhJg9nsKuye7KJyCkPDxHiH4=,xekTqqB2ltz2yiFpXgV7cqMbvc8=
16,10,yIqxhJg9nsKuye7KJyCkPDxHiH4=,D4xX5sSKKp3WHiLfYBVivErbIMQ=
17,13,yIqxhJg9nsKuye7KJyCkPDxHiH4=,xekTqqB2ltz2yiFpXgV7cqMbvc8=
16,12,yIqxhJg9nsKuye7KJyCkPDxHiH4=,xekTqqB2ltz2yiFpXgV7cqMbvc8=
16,11,yIqxhJg9nsKuye7KJyCkPDxHiH4=,D4xX5sSKKp3WHiLfYBVivErbIMQ=
17,12,yIqxhJg9nsKuye7KJyCkPDxHiH4=,xekTqqB2ltz2yiFpXgV7cqMbvc8=
16,13,yIqxhJg9nsKuye7KJyCkPDxHiH4=,xekTqqB2ltz2yiFpXgV7cqMbvc8=
17,10,yIqxhJg9nsKuye7KJyCkPDxHiH4=,D4xX5sSKKp3WHiLfYBVivErbIMQ=
17,11,yIqxhJg9nsKuye7KJyCkPDxHiH4=,D4xX5sSKKp3WHiLfYBVivErbIMQ=
16,8,yIqxhJg9nsKuye7KJyCkPDxHiH4=,D4xX5sSKKp3WHiLfYBVivErbIMQ=
17,9,yIqxhJg9nsKuye7KJyCkPDxHiH4=,D4xX5sSKKp3WHiLfYBVivErbIMQ=
16,7,yIqxhJg9nsKuye7KJyCkPDxHiH4=,ZBh9thoHLmZ49oI/psAjOFzStlg=
17,7,yIqxhJg9nsKuye7KJyCkPDxHiH4=,ZBh9thoHLmZ49oI/psAjOFzStlg=
16,6,yIqxhJg9nsKuye7KJyCkPDxHiH4=,ZBh9thoHLmZ49oI/psAjOFzStlg=
17,8,yIqxhJg9nsKuye7KJyCkPDxHiH4=,D4xX5sSKKp3WHiLfYBVivErbIMQ=
16,9,yIqxhJg9nsKuye7KJyCkPDxHiH4=,D4xX5sSKKp3WHiLfYBVivErbIMQ=
17,6,yIqxhJg9nsKuye7KJyCkPDxHiH4=,ZBh9thoHLmZ49oI/psAjOFzStlg=
28,3,gL58tU0XcDXiGQSnvoou4EvPejM=,KQ8V2rsaNDLLjhR32p4w616kIQM=
28,2,gL58tU0XcDXiGQSnvoou4EvPejM=,KQ8V2rsaNDLLjhR32p4w616kIQM=
29,3,gL58tU0XcDXiGQSnvoou4EvPejM=,KQ8V2rsaNDLLjhR32p4w616kIQM=
28,5,gL58tU0XcDXiGQSnvoou4EvPejM=,y2Nuv6Ll+Fn5btaz7iJDICuQ924=
27,2,gL58tU0XcDXiGQSnvoou4EvPejM=,5bDD0gvdQLCvb1lb+o7x7u3lUCk=
29,4,gL58tU0XcDXiGQSnvoou4EvPejM=,y2Nuv6Ll+Fn5btaz7iJDICuQ924=
26,5,gL58tU0XcDXiGQSnvoou4EvPejM=,/ZM3A/dMlOLmxAhKRPpckXBv8vg=
26,2,gL58tU0XcDXiGQSnvoou4EvPejM=,5bDD0gvdQLCvb1lb+o7x7u3lUCk=
26,3,gL58tU0XcDXiGQSnvoou4EvPejM=,5bDD0gvdQLCvb1lb+o7x7u3lUCk=
28,4,gL58tU0XcDXiGQSnvoou4EvPejM=,y2Nuv6Ll+Fn5btaz7iJDICuQ924=
29,2,gL58tU0XcDXiGQSnvoou4EvPejM=,KQ8V2rsaNDLLjhR32p4w616kIQM=
27,4,gL58tU0XcDXiGQSnvoou4EvPejM=,/ZM3A/dMlOLmxAhKRPpckXBv8vg=
27,3,gL58tU0XcDXiGQSnvoou4EvPejM=,5bDD0gvdQLCvb1lb+o7x7u3lUCk=
29,5,gL58tU0XcDXiGQSnvoou4EvPejM=,y2Nuv6Ll+Fn5btaz7iJDICuQ924=
26,4,gL58tU0XcDXiGQSnvoou4EvPejM=,/ZM3A/dMlOLmxAhKRPpckXBv8vg=
27,5,gL58tU0XcDXiGQSnvoou4EvPejM=,/ZM3A/dMlOLmxAhKRPpckXBv8vg=
28,1,yLrB818+6CBufMXVxXitANM29Eg=,KQ8V2rsaNDLLjhR32p4w616kIQM=
28,0,yLrB818+6CBufMXVxXitANM29Eg=,KQ8V2rsaNDLLjhR32p4w616kIQM=
29,1,yLrB818+6CBufMXVxXitANM29Eg=,KQ8V2rsaNDLLjhR32p4w616kIQM=
26,1,yLrB818+6CBufMXVxXitANM29Eg=,5bDD0gvdQLCvb1lb+o7x7u3lUCk=
26,0,yLrB818+6CBufMXVxXitANM29Eg=,5bDD0gvdQLCvb1lb+o7x7u3lUCk=
27,0,yLrB818+6CBufMXVxXitANM29Eg=,5bDD0gvdQLCvb1lb+o7x7u3lUCk=
29,0,yLrB818+6CBufMXVxXitANM29Eg=,KQ8V2rsaNDLLjhR32p4w616kIQM=
16,2,yLrB818+6CBufMXVxXitANM29Eg=,JnBdgd71LpIoPQ34/37H3ds+yPY=
27,1,yLrB818+6CBufMXVxXitANM29Eg=,5bDD0gvdQLCvb1lb+o7x7u3lUCk=
17,2,yLrB818+6CBufMXVxXitANM29Eg=,JnBdgd71LpIoPQ34/37H3ds+yPY=
16,4,yLrB818+6CBufMXVxXitANM29Eg=,ZBh9thoHLmZ49oI/psAjOFzStlg=
16,5,yLrB818+6CBufMXVxXitANM29Eg=,ZBh9thoHLmZ49oI/psAjOFzStlg=
17,4,yLrB818+6CBufMXVxXitANM29Eg=,ZBh9thoHLmZ49oI/psAjOFzStlg=
17,5,yLrB818+6CBufMXVxXitANM29Eg=,ZBh9thoHLmZ49oI/psAjOFzStlg=
17,3,yLrB818+6CBufMXVxXitANM29Eg=,JnBdgd71LpIoPQ34/37H3ds+yPY=
16,3,yLrB818+6CBufMXVxXitANM29Eg=,JnBdgd71LpIoPQ34/37H3ds+yPY=
17,1,yLrB818+6CBufMXVxXitANM29Eg=,JnBdgd71LpIoPQ34/37H3ds+yPY=
16,0,yLrB818+6CBufMXVxXitANM29Eg=,JnBdgd71LpIoPQ34/37H3ds+yPY=
17,0,yLrB818+6CBufMXVxXitANM29Eg=,JnBdgd71LpIoPQ34/37H3ds+yPY=
16,1,yLrB818+6CBufMXVxXitANM29Eg=,JnBdgd71LpIoPQ34/37H3ds+yPY=
30,2,yLrB818+6CBufMXVxXitANM29Eg=,KQ8V2rsaNDLLjhR32p4w616kIQM=
30,0,yLrB818+6CBufMXVxXitANM29Eg=,KQ8V2rsaNDLLjhR32p4w616kIQM=
30,3,yLrB818+6CBufMXVxXitANM29Eg=,KQ8V2rsaNDLLjhR32p4w616kIQM=
30,6,yLrB818+6CBufMXVxXitANM29Eg=,y2Nuv6Ll+Fn5btaz7iJDICuQ924=
30,1,yLrB818+6CBufMXVxXitANM29Eg=,KQ8V2rsaNDLLjhR32p4w616kIQM=
30,5,yLrB818+6CBufMXVxXitANM29Eg=,y2Nuv6Ll+Fn5btaz7iJDICuQ924=
30,8,yLrB818+6CBufMXVxXitANM29Eg=,wwFloRu/B+SvMpvUMPS8nYLxnqw=
30,9,yLrB818+6CBufMXVxXitANM29Eg=,wwFloRu/B+SvMpvUMPS8nYLxnqw=
30,4,yLrB818+6CBufMXVxXitANM29Eg=,y2Nuv6Ll+Fn5btaz7iJDICuQ924=
19,4,yLrB818+6CBufMXVxXitANM29Eg=,ZBh9thoHLmZ49oI/psAjOFzStlg=
20,3,yLrB818+6CBufMXVxXitANM29Eg=,JhLe2ankpJjXWDpykFXOjvjs6TE=
19,1,yLrB818+6CBufMXVxXitANM29Eg=,JnBdgd71LpIoPQ34/37H3ds+yPY=
19,5,yLrB818+6CBufMXVxXitANM29Eg=,ZBh9thoHLmZ49oI/psAjOFzStlg=
22,5,yLrB818+6CBufMXVxXitANM29Eg=,1OsDcWdQHdqrCO+Dj+BNadx9sBo=
22,4,yLrB818+6CBufMXVxXitANM29Eg=,1OsDcWdQHdqrCO+Dj+BNadx9sBo=
17,14,yLrB818+6CBufMXVxXitANM29Eg=,xekTqqB2ltz2yiFpXgV7cqMbvc8=
20,0,yLrB818+6CBufMXVxXitANM29Eg=,JhLe2ankpJjXWDpykFXOjvjs6TE=
23,5,yLrB818+6CBufMXVxXitANM29Eg=,1OsDcWdQHdqrCO+Dj+BNadx9sBo=
18,0,yLrB818+6CBufMXVxXitANM29Eg=,JnBdgd71LpIoPQ34/37H3ds+yPY=
24,3,yLrB818+6CBufMXVxXitANM29Eg=,5bDD0gvdQLCvb1lb+o7x7u3lUCk=
30,7,yLrB818+6CBufMXVxXitANM29Eg=,y2Nuv6Ll+Fn5btaz7iJDICuQ924=
21,2,yLrB818+6CBufMXVxXitANM29Eg=,JhLe2ankpJjXWDpykFXOjvjs6TE=
20,1,yLrB818+6CBufMXVxXitANM29Eg=,JhLe2ankpJjXWDpykFXOjvjs6TE=
22,0,yLrB818+6CBufMXVxXitANM29Eg=,JhLe2ankpJjXWDpykFXOjvjs6TE=
23,4,yLrB818+6CBufMXVxXitANM29Eg=,1OsDcWdQHdqrCO+Dj+BNadx9sBo=
23,1,yLrB818+6CBufMXVxXitANM29Eg=,JhLe2ankpJjXWDpykFXOjvjs6TE=
16,15,yLrB818+6CBufMXVxXitANM29Eg=,xekTqqB2ltz2yiFpXgV7cqMbvc8=
18,2,yLrB818+6CBufMXVxXitANM29Eg=,JnBdgd71LpIoPQ34/37H3ds+yPY=
17,15,yLrB818+6CBufMXVxXitANM29Eg=,xekTqqB2ltz2yiFpXgV7cqMbvc8=
24,2,yLrB818+6CBufMXVxXitANM29Eg=,5bDD0gvdQLCvb1lb+o7x7u3lUCk=
21,0,yLrB818+6CBufMXVxXitANM29Eg=,JhLe2ankpJjXWDpykFXOjvjs6TE=
21,1,yLrB818+6CBufMXVxXitANM29Eg=,JhLe2ankpJjXWDpykFXOjvjs6TE=
23,2,yLrB818+6CBufMXVxXitANM29Eg=,JhLe2ankpJjXWDpykFXOjvjs6TE=
25,4,yLrB818+6CBufMXVxXitANM29Eg=,/ZM3A/dMlOLmxAhKRPpckXBv8vg=
19,0,yLrB818+6CBufMXVxXitANM29Eg=,JnBdgd71LpIoPQ34/37H3ds+yPY=
25,5,yLrB818+6CBufMXVxXitANM29Eg=,/ZM3A/dMlOLmxAhKRPpckXBv8vg=
24,1,yLrB818+6CBufMXVxXitANM29Eg=,5bDD0gvdQLCvb1lb+o7x7u3lUCk=
20,2,yLrB818+6CBufMXVxXitANM29Eg=,JhLe2ankpJjXWDpykFXOjvjs6TE=
25,3,yLrB818+6CBufMXVxXitANM29Eg=,5bDD0gvdQLCvb1lb+o7x7u3lUCk=
19,3,yLrB818+6CBufMXVxXitANM29Eg=,JnBdgd71LpIoPQ34/37H3ds+yPY=
24,0,yLrB818+6CBufMXVxXitANM29Eg=,5bDD0gvdQLCvb1lb+o7x7u3lUCk=
18,1,yLrB818+6CBufMXVxXitANM29Eg=,JnBdgd71LpIoPQ34/37H3ds+yPY=
23,3,yLrB818+6CBufMXVxXitANM29Eg=,JhLe2ankpJjXWDpykFXOjvjs6TE=
18,3,yLrB818+6CBufMXVxXitANM29Eg=,JnBdgd71LpIoPQ34/37H3ds+yPY=
22,2,yLrB818+6CBufMXVxXitANM29Eg=,JhLe2ankpJjXWDpykFXOjvjs6TE=
22,3,yLrB818+6CBufMXVxXitANM29Eg=,JhLe2ankpJjXWDpykFXOjvjs6TE=
25,1,yLrB818+6CBufMXVxXitANM29Eg=,5bDD0gvdQLCvb1lb+o7x7u3lUCk=
18,5,yLrB818+6CBufMXVxXitANM29Eg=,ZBh9thoHLmZ49oI/psAjOFzStlg=
30,12,yLrB818+6CBufMXVxXitANM29Eg=,wwFloRu/B+SvMpvUMPS8nYLxnqw=
24,5,yLrB818+6CBufMXVxXitANM29Eg=,/ZM3A/dMlOLmxAhKRPpckXBv8vg=
23,0,yLrB818+6CBufMXVxXitANM29Eg=,JhLe2ankpJjXWDpykFXOjvjs6TE=
30,10,yLrB818+6CBufMXVxXitANM29Eg=,wwFloRu/B+SvMpvUMPS8nYLxnqw=
21,5,yLrB818+6CBufMXVxXitANM29Eg=,1OsDcWdQHdqrCO+Dj+BNadx9sBo=
20,5,yLrB818+6CBufMXVxXitANM29Eg=,1OsDcWdQHdqrCO+Dj+BNadx9sBo=
25,0,yLrB818+6CBufMXVxXitANM29Eg=,5bDD0gvdQLCvb1lb+o7x7u3lUCk=
21,3,yLrB818+6CBufMXVxXitANM29Eg=,JhLe2ankpJjXWDpykFXOjvjs6TE=
24,4,yLrB818+6CBufMXVxXitANM29Eg=,/ZM3A/dMlOLmxAhKRPpckXBv8vg=
21,4,yLrB818+6CBufMXVxXitANM29Eg=,1OsDcWdQHdqrCO+Dj+BNadx9sBo=
19,2,yLrB818+6CBufMXVxXitANM29Eg=,JnBdgd71LpIoPQ34/37H3ds+yPY=
20,4,yLrB818+6CBufMXVxXitANM29Eg=,1OsDcWdQHdqrCO+Dj+BNadx9sBo=
30,13,yLrB818+6CBufMXVxXitANM29Eg=,wwFloRu/B+SvMpvUMPS8nYLxnqw=
16,14,yLrB818+6CBufMXVxXitANM29Eg=,xekTqqB2ltz2yiFpXgV7cqMbvc8=
18,4,yLrB818+6CBufMXVxXitANM29Eg=,ZBh9thoHLmZ49oI/psAjOFzStlg=
25,2,yLrB818+6CBufMXVxXitANM29Eg=,5bDD0gvdQLCvb1lb+o7x7u3lUCk=
22,1,yLrB818+6CBufMXVxXitANM29Eg=,JhLe2ankpJjXWDpykFXOjvjs6TE=
30,11,yLrB818+6CBufMXVxXitANM29Eg=,wwFloRu/B+SvMpvUMPS8nYLxnqw=
30,15,yLrB818+6CBufMXVxXitANM29Eg=,wwFloRu/B+SvMpvUMPS8nYLxnqw=
30,14,yLrB818+6CBufMXVxXitANM29Eg=,wwFloRu/B+SvMpvUMPS8nYLxnqw=
