20,-4,HyITlj97UX7/kG4MUHHK4QwFdIs=,ZmNckNkgY/kf9yM6lHRltuDnqfo=
21,-5,HyITlj97UX7/kG4MUHHK4QwFdIs=,fgjRG/0JAnwvjLNxbJ9wzqjZfG4=
21,-4,HyITlj97UX7/kG4MUHHK4QwFdIs=,ZmNckNkgY/kf9yM6lHRltuDnqfo=
19,-3,HyITlj97UX7/kG4MUHHK4QwFdIs=,UdaQpW09ZKyqL1gs8CZMXzAcv3E=
20,-5,HyITlj97UX7/kG4MUHHK4QwFdIs=,fgjRG/0JAnwvjLNxbJ9wzqjZfG4=
19,-6,HyITlj97UX7/kG4MUHHK4QwFdIs=,UdaQpW09ZKyqL1gs8CZMXzAcv3E=
19,-4,HyITlj97UX7/kG4MUHHK4QwFdIs=,UdaQpW09ZKyqL1gs8CZMXzAcv3E=
21,-6,HyITlj97UX7/kG4MUHHK4QwFdIs=,fgjRG/0JAnwvjLNxbJ9wzqjZfG4=
20,-6,HyITlj97UX7/kG4MUHHK4QwFdIs=,fgjRG/0JAnwvjLNxbJ9wzqjZfG4=
18,-5,HyITlj97UX7/kG4MUHHK4QwFdIs=,UdaQpW09ZKyqL1gs8CZMXzAcv3E=
20,-3,HyITlj97UX7/kG4MUHHK4QwFdIs=,ZmNckNkgY/kf9yM6lHRltuDnqfo=
21,-3,HyITlj97UX7/kG4MUHHK4QwFdIs=,ZmNckNkgY/kf9yM6lHRltuDnqfo=
18,-4,HyITlj97UX7/kG4MUHHK4QwFdIs=,UdaQpW09ZKyqL1gs8CZMXzAcv3E=
19,-5,HyITlj97UX7/kG4MUHHK4QwFdIs=,UdaQpW09ZKyqL1gs8CZMXzAcv3E=
18,-6,HyITlj97UX7/kG4MUHHK4QwFdIs=,UdaQpW09ZKyqL1gs8CZMXzAcv3E=
18,-3,HyITlj97UX7/kG4MUHHK4QwFdIs=,UdaQpW09ZKyqL1gs8CZMXzAcv3E=
19,-8,8tBhytEC+uMBAibq2GiqMQjx40Y=,UdaQpW09ZKyqL1gs8CZMXzAcv3E=
20,-9,8tBhytEC+uMBAibq2GiqMQjx40Y=,MWZYGEBMKjjaTEueVW84kpevHTQ=
21,-7,8tBhytEC+uMBAibq2GiqMQjx40Y=,fgjRG/0JAnwvjLNxbJ9wzqjZfG4=
19,-7,8tBhytEC+uMBAibq2GiqMQjx40Y=,UdaQpW09ZKyqL1gs8CZMXzAcv3E=
18,-10,8tBhytEC+uMBAibq2GiqMQjx40Y=,Ho0I9hOiuQecZ6NA0q2LkKuhTy8=
20,-7,8tBhytEC+uMBAibq2GiqMQjx40Y=,fgjRG/0JAnwvjLNxbJ9wzqjZfG4=
19,-9,8tBhytEC+uMBAibq2GiqMQjx40Y=,Ho0I9hOiuQecZ6NA0q2LkKuhTy8=
18,-9,8tBhytEC+uMBAibq2GiqMQjx40Y=,Ho0I9hOiuQecZ6NA0q2LkKuhTy8=
21,-9,8tBhytEC+uMBAibq2GiqMQjx40Y=,MWZYGEBMKjjaTEueVW84kpevHTQ=
21,-10,8tBhytEC+uMBAibq2GiqMQjx40Y=,MWZYGEBMKjjaTEueVW84kpevHTQ=
21,-8,8tBhytEC+uMBAibq2GiqMQjx40Y=,fgjRG/0JAnwvjLNxbJ9wzqjZfG4=
19,-10,8tBhytEC+uMBAibq2GiqMQjx40Y=,Ho0I9hOiuQecZ6NA0q2LkKuhTy8=
18,-8,8tBhytEC+uMBAibq2GiqMQjx40Y=,UdaQpW09ZKyqL1gs8CZMXzAcv3E=
18,-7,8tBhytEC+uMBAibq2GiqMQjx40Y=,UdaQpW09ZKyqL1gs8CZMXzAcv3E=
20,-10,8tBhytEC+uMBAibq2GiqMQjx40Y=,MWZYGEBMKjjaTEueVW84kpevHTQ=
20,-8,8tBhytEC+uMBAibq2GiqMQjx40Y=,fgjRG/0JAnwvjLNxbJ9wzqjZfG4=
20,-12,HVQ4xKDMueskx2YgMiLPe1e5oFk=,MWZYGEBMKjjaTEueVW84kpevHTQ=
20,-14,HVQ4xKDMueskx2YgMiLPe1e5oFk=,/UnWdoB8U7Oz8VNyLHJtKiiGpLA=
19,-11,HVQ4xKDMueskx2YgMiLPe1e5oFk=,Ho0I9hOiuQecZ6NA0q2LkKuhTy8=
20,-13,HVQ4xKDMueskx2YgMiLPe1e5oFk=,/UnWdoB8U7Oz8VNyLHJtKiiGpLA=
18,-11,HVQ4xKDMueskx2YgMiLPe1e5oFk=,Ho0I9hOiuQecZ6NA0q2LkKuhTy8=
21,-14,HVQ4xKDMueskx2YgMiLPe1e5oFk=,/UnWdoB8U7Oz8VNyLHJtKiiGpLA=
18,-12,HVQ4xKDMueskx2YgMiLPe1e5oFk=,Ho0I9hOiuQecZ6NA0q2LkKuhTy8=
19,-14,HVQ4xKDMueskx2YgMiLPe1e5oFk=,I52ctb/+Rfqv3Q9NJptbPET7ANU=
18,-14,HVQ4xKDMueskx2YgMiLPe1e5oFk=,I52ctb/+Rfqv3Q9NJptbPET7ANU=
21,-13,HVQ4xKDMueskx2YgMiLPe1e5oFk=,/UnWdoB8U7Oz8VNyLHJtKiiGpLA=
19,-13,HVQ4xKDMueskx2YgMiLPe1e5oFk=,I52ctb/+Rfqv3Q9NJptbPET7ANU=
20,-11,HVQ4xKDMueskx2YgMiLPe1e5oFk=,MWZYGEBMKjjaTEueVW84kpevHTQ=
21,-12,HVQ4xKDMueskx2YgMiLPe1e5oFk=,MWZYGEBMKjjaTEueVW84kpevHTQ=
19,-12,HVQ4xKDMueskx2YgMiLPe1e5oFk=,Ho0I9hOiuQecZ6NA0q2LkKuhTy8=
21,-11,HVQ4xKDMueskx2YgMiLPe1e5oFk=,MWZYGEBMKjjaTEueVW84kpevHTQ=
18,-13,HVQ4xKDMueskx2YgMiLPe1e5oFk=,I52ctb/+Rfqv3Q9NJptbPET7ANU=
23,-13,THbd9fKBdOg+BxRrg2qiXG6GdwA=,/UnWdoB8U7Oz8VNyLHJtKiiGpLA=
22,-13,THbd9fKBdOg+BxRrg2qiXG6GdwA=,/UnWdoB8U7Oz8VNyLHJtKiiGpLA=
22,-14,THbd9fKBdOg+BxRrg2qiXG6GdwA=,/UnWdoB8U7Oz8VNyLHJtKiiGpLA=
25,-13,THbd9fKBdOg+BxRrg2qiXG6GdwA=,iD4uuN+/yj/xYHN6egHBzYWHDws=
22,-11,THbd9fKBdOg+BxRrg2qiXG6GdwA=,MWZYGEBMKjjaTEueVW84kpevHTQ=
24,-11,THbd9fKBdOg+BxRrg2qiXG6GdwA=,GmaKkMXx8dJHBsshG3vK3tK5iTY=
22,-12,THbd9fKBdOg+BxRrg2qiXG6GdwA=,MWZYGEBMKjjaTEueVW84kpevHTQ=
23,-12,THbd9fKBdOg+BxRrg2qiXG6GdwA=,MWZYGEBMKjjaTEueVW84kpevHTQ=
25,-11,THbd9fKBdOg+BxRrg2qiXG6GdwA=,GmaKkMXx8dJHBsshG3vK3tK5iTY=
23,-14,THbd9fKBdOg+BxRrg2qiXG6GdwA=,/UnWdoB8U7Oz8VNyLHJtKiiGpLA=
23,-11,THbd9fKBdOg+BxRrg2qiXG6GdwA=,MWZYGEBMKjjaTEueVW84kpevHTQ=
25,-12,THbd9fKBdOg+BxRrg2qiXG6GdwA=,GmaKkMXx8dJHBsshG3vK3tK5iTY=
24,-13,THbd9fKBdOg+BxRrg2qiXG6GdwA=,iD4uuN+/yj/xYHN6egHBzYWHDws=
24,-14,THbd9fKBdOg+BxRrg2qiXG6GdwA=,iD4uuN+/yj/xYHN6egHBzYWHDws=
24,-12,THbd9fKBdOg+BxRrg2qiXG6GdwA=,GmaKkMXx8dJHBsshG3vK3tK5iTY=
25,-14,THbd9fKBdOg+BxRrg2qiXG6GdwA=,iD4uuN+/yj/xYHN6egHBzYWHDws=
25,-9,nPj82CctSqg1zvjE2TOSU323WVg=,GmaKkMXx8dJHBsshG3vK3tK5iTY=
22,-9,0wssqBGK1TxMdUpRA/uv+uaksW4=,MWZYGEBMKjjaTEueVW84kpevHTQ=
23,-9,0wssqBGK1TxMdUpRA/uv+uaksW4=,MWZYGEBMKjjaTEueVW84kpevHTQ=
25,-7,0wssqBGK1TxMdUpRA/uv+uaksW4=,B71W2n3395qoDMyPmZ5SUvE5qQ4=
24,-10,0wssqBGK1TxMdUpRA/uv+uaksW4=,GmaKkMXx8dJHBsshG3vK3tK5iTY=
22,-8,0wssqBGK1TxMdUpRA/uv+uaksW4=,fgjRG/0JAnwvjLNxbJ9wzqjZfG4=
24,-9,0wssqBGK1TxMdUpRA/uv+uaksW4=,GmaKkMXx8dJHBsshG3vK3tK5iTY=
22,-10,0wssqBGK1TxMdUpRA/uv+uaksW4=,MWZYGEBMKjjaTEueVW84kpevHTQ=
23,-7,0wssqBGK1TxMdUpRA/uv+uaksW4=,fgjRG/0JAnwvjLNxbJ9wzqjZfG4=
24,-7,0wssqBGK1TxMdUpRA/uv+uaksW4=,B71W2n3395qoDMyPmZ5SUvE5qQ4=
24,-8,0wssqBGK1TxMdUpRA/uv+uaksW4=,B71W2n3395qoDMyPmZ5SUvE5qQ4=
23,-8,0wssqBGK1TxMdUpRA/uv+uaksW4=,fgjRG/0JAnwvjLNxbJ9wzqjZfG4=
23,-10,0wssqBGK1TxMdUpRA/uv+uaksW4=,MWZYGEBMKjjaTEueVW84kpevHTQ=
25,-10,0wssqBGK1TxMdUpRA/uv+uaksW4=,GmaKkMXx8dJHBsshG3vK3tK5iTY=
22,-7,0wssqBGK1TxMdUpRA/uv+uaksW4=,fgjRG/0JAnwvjLNxbJ9wzqjZfG4=
25,-8,0wssqBGK1TxMdUpRA/uv+uaksW4=,B71W2n3395qoDMyPmZ5SUvE5qQ4=
29,-7,0wssqBGK1TxMdUpRA/uv+uaksW4=,pdeDIYpT0sP/025GsyT7gltGiDs=
26,-8,0wssqBGK1TxMdUpRA/uv+uaksW4=,B71W2n3395qoDMyPmZ5SUvE5qQ4=
26,-7,0wssqBGK1TxMdUpRA/uv+uaksW4=,B71W2n3395qoDMyPmZ5SUvE5qQ4=
27,-7,0wssqBGK1TxMdUpRA/uv+uaksW4=,B71W2n3395qoDMyPmZ5SUvE5qQ4=
28,-8,0wssqBGK1TxMdUpRA/uv+uaksW4=,pdeDIYpT0sP/025GsyT7gltGiDs=
27,-10,0wssqBGK1TxMdUpRA/uv+uaksW4=,GmaKkMXx8dJHBsshG3vK3tK5iTY=
28,-10,0wssqBGK1TxMdUpRA/uv+uaksW4=,ZDc7ntvracfbKBAARMw56qIfds4=
28,-7,0wssqBGK1TxMdUpRA/uv+uaksW4=,pdeDIYpT0sP/025GsyT7gltGiDs=
26,-10,0wssqBGK1TxMdUpRA/uv+uaksW4=,GmaKkMXx8dJHBsshG3vK3tK5iTY=
26,-9,0wssqBGK1TxMdUpRA/uv+uaksW4=,GmaKkMXx8dJHBsshG3vK3tK5iTY=
27,-8,0wssqBGK1TxMdUpRA/uv+uaksW4=,B71W2n3395qoDMyPmZ5SUvE5qQ4=
28,-9,0wssqBGK1TxMdUpRA/uv+uaksW4=,ZDc7ntvracfbKBAARMw56qIfds4=
29,-9,0wssqBGK1TxMdUpRA/uv+uaksW4=,ZDc7ntvracfbKBAARMw56qIfds4=
27,-9,0wssqBGK1TxMdUpRA/uv+uaksW4=,GmaKkMXx8dJHBsshG3vK3tK5iTY=
29,-8,0wssqBGK1TxMdUpRA/uv+uaksW4=,pdeDIYpT0sP/025GsyT7gltGiDs=
29,-10,0wssqBGK1TxMdUpRA/uv+uaksW4=,ZDc7ntvracfbKBAARMw56qIfds4=
20,-2,muHveo7h9lIZiyhF7uKdyvuESwc=,ZmNckNkgY/kf9yM6lHRltuDnqfo=
21,-2,muHveo7h9lIZiyhF7uKdyvuESwc=,ZmNckNkgY/kf9yM6lHRltuDnqfo=
18,-2,muHveo7h9lIZiyhF7uKdyvuESwc=,UdaQpW09ZKyqL1gs8CZMXzAcv3E=
19,-1,muHveo7h9lIZiyhF7uKdyvuESwc=,UdaQpW09ZKyqL1gs8CZMXzAcv3E=
19,-2,muHveo7h9lIZiyhF7uKdyvuESwc=,UdaQpW09ZKyqL1gs8CZMXzAcv3E=
18,-1,muHveo7h9lIZiyhF7uKdyvuESwc=,UdaQpW09ZKyqL1gs8CZMXzAcv3E=
21,-1,muHveo7h9lIZiyhF7uKdyvuESwc=,ZmNckNkgY/kf9yM6lHRltuDnqfo=
20,-1,muHveo7h9lIZiyhF7uKdyvuESwc=,ZmNckNkgY/kf9yM6lHRltuDnqfo=
25,-3,VK++4yM0qkvB29tfmfkmlhEYWzc=,dOoO4tHuiDpdWAh+2SEraEp9Rww=
27,-4,VK++4yM0qkvB29tfmfkmlhEYWzc=,dOoO4tHuiDpdWAh+2SEraEp9Rww=
26,-6,VK++4yM0qkvB29tfmfkmlhEYWzc=,B71W2n3395qoDMyPmZ5SUvE5qQ4=
28,-6,VK++4yM0qkvB29tfmfkmlhEYWzc=,pdeDIYpT0sP/025GsyT7gltGiDs=
22,-1,VK++4yM0qkvB29tfmfkmlhEYWzc=,ZmNckNkgY/kf9yM6lHRltuDnqfo=
29,-6,VK++4yM0qkvB29tfmfkmlhEYWzc=,pdeDIYpT0sP/025GsyT7gltGiDs=
23,-6,VK++4yM0qkvB29tfmfkmlhEYWzc=,fgjRG/0JAnwvjLNxbJ9wzqjZfG4=
25,-6,VK++4yM0qkvB29tfmfkmlhEYWzc=,B71W2n3395qoDMyPmZ5SUvE5qQ4=
25,-4,VK++4yM0qkvB29tfmfkmlhEYWzc=,dOoO4tHuiDpdWAh+2SEraEp9Rww=
27,-6,VK++4yM0qkvB29tfmfkmlhEYWzc=,B71W2n3395qoDMyPmZ5SUvE5qQ4=
26,-4,VK++4yM0qkvB29tfmfkmlhEYWzc=,dOoO4tHuiDpdWAh+2SEraEp9Rww=
24,-6,VK++4yM0qkvB29tfmfkmlhEYWzc=,B71W2n3395qoDMyPmZ5SUvE5qQ4=
23,-5,VK++4yM0qkvB29tfmfkmlhEYWzc=,fgjRG/0JAnwvjLNxbJ9wzqjZfG4=
23,-3,VK++4yM0qkvB29tfmfkmlhEYWzc=,ZmNckNkgY/kf9yM6lHRltuDnqfo=
29,-1,VK++4yM0qkvB29tfmfkmlhEYWzc=,9dgJUQEJMTjuOTDRU/RbPHRkg60=
24,-2,VK++4yM0qkvB29tfmfkmlhEYWzc=,dOoO4tHuiDpdWAh+2SEraEp9Rww=
25,-2,VK++4yM0qkvB29tfmfkmlhEYWzc=,dOoO4tHuiDpdWAh+2SEraEp9Rww=
27,-3,VK++4yM0qkvB29tfmfkmlhEYWzc=,dOoO4tHuiDpdWAh+2SEraEp9Rww=
25,-1,VK++4yM0qkvB29tfmfkmlhEYWzc=,dOoO4tHuiDpdWAh+2SEraEp9Rww=
25,-5,VK++4yM0qkvB29tfmfkmlhEYWzc=,B71W2n3395qoDMyPmZ5SUvE5qQ4=
23,-2,VK++4yM0qkvB29tfmfkmlhEYWzc=,ZmNckNkgY/kf9yM6lHRltuDnqfo=
24,-3,VK++4yM0qkvB29tfmfkmlhEYWzc=,dOoO4tHuiDpdWAh+2SEraEp9Rww=
22,-2,VK++4yM0qkvB29tfmfkmlhEYWzc=,ZmNckNkgY/kf9yM6lHRltuDnqfo=
26,-1,VK++4yM0qkvB29tfmfkmlhEYWzc=,dOoO4tHuiDpdWAh+2SEraEp9Rww=
22,-3,VK++4yM0qkvB29tfmfkmlhEYWzc=,ZmNckNkgY/kf9yM6lHRltuDnqfo=
28,-5,VK++4yM0qkvB29tfmfkmlhEYWzc=,pdeDIYpT0sP/025GsyT7gltGiDs=
22,-5,VK++4yM0qkvB29tfmfkmlhEYWzc=,fgjRG/0JAnwvjLNxbJ9wzqjZfG4=
29,-3,VK++4yM0qkvB29tfmfkmlhEYWzc=,9dgJUQEJMTjuOTDRU/RbPHRkg60=
28,-1,VK++4yM0qkvB29tfmfkmlhEYWzc=,9dgJUQEJMTjuOTDRU/RbPHRkg60=
26,-3,VK++4yM0qkvB29tfmfkmlhEYWzc=,dOoO4tHuiDpdWAh+2SEraEp9Rww=
24,-5,VK++4yM0qkvB29tfmfkmlhEYWzc=,B71W2n3395qoDMyPmZ5SUvE5qQ4=
23,-1,VK++4yM0qkvB29tfmfkmlhEYWzc=,ZmNckNkgY/kf9yM6lHRltuDnqfo=
22,-6,VK++4yM0qkvB29tfmfkmlhEYWzc=,fgjRG/0JAnwvjLNxbJ9wzqjZfG4=
27,-1,VK++4yM0qkvB29tfmfkmlhEYWzc=,dOoO4tHuiDpdWAh+2SEraEp9Rww=
26,-5,VK++4yM0qkvB29tfmfkmlhEYWzc=,B71W2n3395qoDMyPmZ5SUvE5qQ4=
29,-2,VK++4yM0qkvB29tfmfkmlhEYWzc=,9dgJUQEJMTjuOTDRU/RbPHRkg60=
22,-4,VK++4yM0qkvB29tfmfkmlhEYWzc=,ZmNckNkgY/kf9yM6lHRltuDnqfo=
24,-4,VK++4yM0qkvB29tfmfkmlhEYWzc=,dOoO4tHuiDpdWAh+2SEraEp9Rww=
26,-2,VK++4yM0qkvB29tfmfkmlhEYWzc=,dOoO4tHuiDpdWAh+2SEraEp9Rww=
29,-4,VK++4yM0qkvB29tfmfkmlhEYWzc=,9dgJUQEJMTjuOTDRU/RbPHRkg60=
27,-2,VK++4yM0qkvB29tfmfkmlhEYWzc=,dOoO4tHuiDpdWAh+2SEraEp9Rww=
28,-2,VK++4yM0qkvB29tfmfkmlhEYWzc=,9dgJUQEJMTjuOTDRU/RbPHRkg60=
28,-3,VK++4yM0qkvB29tfmfkmlhEYWzc=,9dgJUQEJMTjuOTDRU/RbPHRkg60=
27,-5,VK++4yM0qkvB29tfmfkmlhEYWzc=,B71W2n3395qoDMyPmZ5SUvE5qQ4=
23,-4,VK++4yM0qkvB29tfmfkmlhEYWzc=,ZmNckNkgY/kf9yM6lHRltuDnqfo=
24,-1,VK++4yM0qkvB29tfmfkmlhEYWzc=,dOoO4tHuiDpdWAh+2SEraEp9Rww=
29,-5,VK++4yM0qkvB29tfmfkmlhEYWzc=,pdeDIYpT0sP/025GsyT7gltGiDs=
28,-4,VK++4yM0qkvB29tfmfkmlhEYWzc=,9dgJUQEJMTjuOTDRU/RbPHRkg60=
16,-3,VK++4yM0qkvB29tfmfkmlhEYWzc=,UdaQpW09ZKyqL1gs8CZMXzAcv3E=
16,-6,VK++4yM0qkvB29tfmfkmlhEYWzc=,UdaQpW09ZKyqL1gs8CZMXzAcv3E=
16,-5,VK++4yM0qkvB29tfmfkmlhEYWzc=,UdaQpW09ZKyqL1gs8CZMXzAcv3E=
17,-4,VK++4yM0qkvB29tfmfkmlhEYWzc=,UdaQpW09ZKyqL1gs8CZMXzAcv3E=
17,-3,VK++4yM0qkvB29tfmfkmlhEYWzc=,UdaQpW09ZKyqL1gs8CZMXzAcv3E=
17,-6,VK++4yM0qkvB29tfmfkmlhEYWzc=,UdaQpW09ZKyqL1gs8CZMXzAcv3E=
16,-4,VK++4yM0qkvB29tfmfkmlhEYWzc=,UdaQpW09ZKyqL1gs8CZMXzAcv3E=
17,-8,VK++4yM0qkvB29tfmfkmlhEYWzc=,UdaQpW09ZKyqL1gs8CZMXzAcv3E=
17,-5,VK++4yM0qkvB29tfmfkmlhEYWzc=,UdaQpW09ZKyqL1gs8CZMXzAcv3E=
17,-9,VK++4yM0qkvB29tfmfkmlhEYWzc=,Ho0I9hOiuQecZ6NA0q2LkKuhTy8=
17,-13,VK++4yM0qkvB29tfmfkmlhEYWzc=,I52ctb/+Rfqv3Q9NJptbPET7ANU=
17,-7,VK++4yM0qkvB29tfmfkmlhEYWzc=,UdaQpW09ZKyqL1gs8CZMXzAcv3E=
16,-13,VK++4yM0qkvB29tfmfkmlhEYWzc=,I52ctb/+Rfqv3Q9NJptbPET7ANU=
17,-10,VK++4yM0qkvB29tfmfkmlhEYWzc=,Ho0I9hOiuQecZ6NA0q2LkKuhTy8=
17,-11,VK++4yM0qkvB29tfmfkmlhEYWzc=,Ho0I9hOiuQecZ6NA0q2LkKuhTy8=
16,-12,VK++4yM0qkvB29tfmfkmlhEYWzc=,Ho0I9hOiuQecZ6NA0q2LkKuhTy8=
16,-11,VK++4yM0qkvB29tfmfkmlhEYWzc=,Ho0I9hOiuQecZ6NA0q2LkKuhTy8=
16,-7,VK++4yM0qkvB29tfmfkmlhEYWzc=,UdaQpW09ZKyqL1gs8CZMXzAcv3E=
17,-14,VK++4yM0qkvB29tfmfkmlhEYWzc=,I52ctb/+Rfqv3Q9NJptbPET7ANU=
16,-8,VK++4yM0qkvB29tfmfkmlhEYWzc=,UdaQpW09ZKyqL1gs8CZMXzAcv3E=
16,-10,Pb9eU4x5RC1hPgAuBaYJ67DA6lU=,Ho0I9hOiuQecZ6NA0q2LkKuhTy8=
16,-9,Pb9eU4x5RC1hPgAuBaYJ67DA6lU=,Ho0I9hOiuQecZ6NA0q2LkKuhTy8=
17,-12,Pb9eU4x5RC1hPgAuBaYJ67DA6lU=,Ho0I9hOiuQecZ6NA0q2LkKuhTy8=
18,-15,Pb9eU4x5RC1hPgAuBaYJ67DA6lU=,I52ctb/+Rfqv3Q9NJptbPET7ANU=
21,-15,Pb9eU4x5RC1hPgAuBaYJ67DA6lU=,/UnWdoB8U7Oz8VNyLHJtKiiGpLA=
16,-14,Pb9eU4x5RC1hPgAuBaYJ67DA6lU=,I52ctb/+Rfqv3Q9NJptbPET7ANU=
20,-16,Pb9eU4x5RC1hPgAuBaYJ67DA6lU=,/UnWdoB8U7Oz8VNyLHJtKiiGpLA=
20,-15,Pb9eU4x5RC1hPgAuBaYJ67DA6lU=,/UnWdoB8U7Oz8VNyLHJtKiiGpLA=
16,-16,Pb9eU4x5RC1hPgAuBaYJ67DA6lU=,I52ctb/+Rfqv3Q9NJptbPET7ANU=
19,-15,Pb9eU4x5RC1hPgAuBaYJ67DA6lU=,I52ctb/+Rfqv3Q9NJptbPET7ANU=
19,-16,Pb9eU4x5RC1hPgAuBaYJ67DA6lU=,I52ctb/+Rfqv3Q9NJptbPET7ANU=
21,-16,Pb9eU4x5RC1hPgAuBaYJ67DA6lU=,/UnWdoB8U7Oz8VNyLHJtKiiGpLA=
16,-15,Pb9eU4x5RC1hPgAuBaYJ67DA6lU=,I52ctb/+Rfqv3Q9NJptbPET7ANU=
17,-15,Pb9eU4x5RC1hPgAuBaYJ67DA6lU=,I52ctb/+Rfqv3Q9NJptbPET7ANU=
17,-16,Pb9eU4x5RC1hPgAuBaYJ67DA6lU=,I52ctb/+Rfqv3Q9NJptbPET7ANU=
18,-16,Pb9eU4x5RC1hPgAuBaYJ67DA6lU=,I52ctb/+Rfqv3Q9NJptbPET7ANU=
30,-9,Pb9eU4x5RC1hPgAuBaYJ67DA6lU=,ZDc7ntvracfbKBAARMw56qIfds4=
30,-5,Pb9eU4x5RC1hPgAuBaYJ67DA6lU=,pdeDIYpT0sP/025GsyT7gltGiDs=
30,-7,Pb9eU4x5RC1hPgAuBaYJ67DA6lU=,pdeDIYpT0sP/025GsyT7gltGiDs=
30,-4,Pb9eU4x5RC1hPgAuBaYJ67DA6lU=,9dgJUQEJMTjuOTDRU/RbPHRkg60=
30,-6,Pb9eU4x5RC1hPgAuBaYJ67DA6lU=,pdeDIYpT0sP/025GsyT7gltGiDs=
24,-16,Pb9eU4x5RC1hPgAuBaYJ67DA6lU=,iD4uuN+/yj/xYHN6egHBzYWHDws=
30,-3,Pb9eU4x5RC1hPgAuBaYJ67DA6lU=,9dgJUQEJMTjuOTDRU/RbPHRkg60=
22,-15,Pb9eU4x5RC1hPgAuBaYJ67DA6lU=,/UnWdoB8U7Oz8VNyLHJtKiiGpLA=
23,-15,Pb9eU4x5RC1hPgAuBaYJ67DA6lU=,/UnWdoB8U7Oz8VNyLHJtKiiGpLA=
30,-8,Pb9eU4x5RC1hPgAuBaYJ67DA6lU=,pdeDIYpT0sP/025GsyT7gltGiDs=
23,-16,Pb9eU4x5RC1hPgAuBaYJ67DA6lU=,/UnWdoB8U7Oz8VNyLHJtKiiGpLA=
30,-10,Pb9eU4x5RC1hPgAuBaYJ67DA6lU=,ZDc7ntvracfbKBAARMw56qIfds4=
22,-16,Pb9eU4x5RC1hPgAuBaYJ67DA6lU=,/UnWdoB8U7Oz8VNyLHJtKiiGpLA=
25,-16,Pb9eU4x5RC1hPgAuBaYJ67DA6lU=,iD4uuN+/yj/xYHN6egHBzYWHDws=
24,-15,Pb9eU4x5RC1hPgAuBaYJ67DA6lU=,iD4uuN+/yj/xYHN6egHBzYWHDws=
25,-15,Pb9eU4x5RC1hPgAuBaYJ67DA6lU=,iD4uuN+/yj/xYHN6egHBzYWHDws=
30,-1,Pb9eU4x5RC1hPgAuBaYJ67DA6lU=,9dgJUQEJMTjuOTDRU/RbPHRkg60=
17,-1,Pb9eU4x5RC1hPgAuBaYJ67DA6lU=,UdaQpW09ZKyqL1gs8CZMXzAcv3E=
16,-1,Pb9eU4x5RC1hPgAuBaYJ67DA6lU=,UdaQpW09ZKyqL1gs8CZMXzAcv3E=
17,-2,Pb9eU4x5RC1hPgAuBaYJ67DA6lU=,UdaQpW09ZKyqL1gs8CZMXzAcv3E=
30,-2,Pb9eU4x5RC1hPgAuBaYJ67DA6lU=,9dgJUQEJMTjuOTDRU/RbPHRkg60=
16,-2,Pb9eU4x5RC1hPgAuBaYJ67DA6lU=,UdaQpW09ZKyqL1gs8CZMXzAcv3E=
29,-13,V2ZQf67g5L+7ciokdhljnA3pLas=,zoLHMDt+3aWtSx5MLJ3cixT61lA=
29,-15,V2ZQf67g5L+7ciokdhljnA3pLas=,zoLHMDt+3aWtSx5MLJ3cixT61lA=
28,-11,V2ZQf67g5L+7ciokdhljnA3pLas=,ZDc7ntvracfbKBAARMw56qIfds4=
27,-13,V2ZQf67g5L+7ciokdhljnA3pLas=,iD4uuN+/yj/xYHN6egHBzYWHDws=
26,-13,V2ZQf67g5L+7ciokdhljnA3pLas=,iD4uuN+/yj/xYHN6egHBzYWHDws=
28,-13,V2ZQf67g5L+7ciokdhljnA3pLas=,zoLHMDt+3aWtSx5MLJ3cixT61lA=
27,-12,V2ZQf67g5L+7ciokdhljnA3pLas=,GmaKkMXx8dJHBsshG3vK3tK5iTY=
30,-11,V2ZQf67g5L+7ciokdhljnA3pLas=,ZDc7ntvracfbKBAARMw56qIfds4=
29,-11,V2ZQf67g5L+7ciokdhljnA3pLas=,ZDc7ntvracfbKBAARMw56qIfds4=
26,-12,V2ZQf67g5L+7ciokdhljnA3pLas=,GmaKkMXx8dJHBsshG3vK3tK5iTY=
26,-15,V2ZQf67g5L+7ciokdhljnA3pLas=,iD4uuN+/yj/xYHN6egHBzYWHDws=
29,-16,V2ZQf67g5L+7ciokdhljnA3pLas=,zoLHMDt+3aWtSx5MLJ3cixT61lA=
28,-12,V2ZQf67g5L+7ciokdhljnA3pLas=,ZDc7ntvracfbKBAARMw56qIfds4=
28,-15,V2ZQf67g5L+7ciokdhljnA3pLas=,zoLHMDt+3aWtSx5MLJ3cixT61lA=
30,-16,V2ZQf67g5L+7ciokdhljnA3pLas=,zoLHMDt+3aWtSx5MLJ3cixT61lA=
29,-14,V2ZQf67g5L+7ciokdhljnA3pLas=,zoLHMDt+3aWtSx5MLJ3cixT61lA=
30,-15,V2ZQf67g5L+7ciokdhljnA3pLas=,zoLHMDt+3aWtSx5MLJ3cixT61lA=
28,-14,V2ZQf67g5L+7ciokdhljnA3pLas=,zoLHMDt+3aWtSx5MLJ3cixT61lA=
27,-11,V2ZQf67g5L+7ciokdhljnA3pLas=,GmaKkMXx8dJHBsshG3vK3tK5iTY=
30,-12,V2ZQf67g5L+7ciokdhljnA3pLas=,ZDc7ntvracfbKBAARMw56qIfds4=
30,-13,V2ZQf67g5L+7ciokdhljnA3pLas=,zoLHMDt+3aWtSx5MLJ3cixT61lA=
29,-12,V2ZQf67g5L+7ciokdhljnA3pLas=,ZDc7ntvracfbKBAARMw56qIfds4=
26,-11,V2ZQf67g5L+7ciokdhljnA3pLas=,GmaKkMXx8dJHBsshG3vK3tK5iTY=
27,-16,V2ZQf67g5L+7ciokdhljnA3pLas=,iD4uuN+/yj/xYHN6egHBzYWHDws=
27,-14,V2ZQf67g5L+7ciokdhljnA3pLas=,iD4uuN+/yj/xYHN6egHBzYWHDws=
30,-14,V2ZQf67g5L+7ciokdhljnA3pLas=,zoLHMDt+3aWtSx5MLJ3cixT61lA=
27,-15,V2ZQf67g5L+7ciokdhljnA3pLas=,iD4uuN+/yj/xYHN6egHBzYWHDws=
26,-16,V2ZQf67g5L+7ciokdhljnA3pLas=,iD4uuN+/yj/xYHN6egHBzYWHDws=
26,-14,V2ZQf67g5L+7ciokdhljnA3pLas=,iD4uuN+/yj/xYHN6egHBzYWHDws=
28,-16,V2ZQf67g5L+7ciokdhljnA3pLas=,zoLHMDt+3aWtSx5MLJ3cixT61lA=
24,-30,vk1WN39vf15yhze3suhF1SpKzIY=,EcESfy44FgWmQZweBtuURYJq4fI=
24,-28,vk1WN39vf15yhze3suhF1SpKzIY=,FKQSVoyEn9eilEIlnF1JIpws4As=
25,-28,vk1WN39vf15yhze3suhF1SpKzIY=,FKQSVoyEn9eilEIlnF1JIpws4As=
24,-29,vk1WN39vf15yhze3suhF1SpKzIY=,EcESfy44FgWmQZweBtuURYJq4fI=
23,-30,vk1WN39vf15yhze3suhF1SpKzIY=,9JXxm/H7j1hWda6mdB+YZQ6zqAo=
23,-28,vk1WN39vf15yhze3suhF1SpKzIY=,Cda39JP72COcVT/qomc5r5M43JA=
23,-29,vk1WN39vf15yhze3suhF1SpKzIY=,9JXxm/H7j1hWda6mdB+YZQ6zqAo=
22,-28,vk1WN39vf15yhze3suhF1SpKzIY=,Cda39JP72COcVT/qomc5r5M43JA=
25,-27,vk1WN39vf15yhze3suhF1SpKzIY=,FKQSVoyEn9eilEIlnF1JIpws4As=
22,-30,vk1WN39vf15yhze3suhF1SpKzIY=,9JXxm/H7j1hWda6mdB+YZQ6zqAo=
24,-27,vk1WN39vf15yhze3suhF1SpKzIY=,FKQSVoyEn9eilEIlnF1JIpws4As=
23,-27,vk1WN39vf15yhze3suhF1SpKzIY=,Cda39JP72COcVT/qomc5r5M43JA=
25,-29,vk1WN39vf15yhze3suhF1SpKzIY=,EcESfy44FgWmQZweBtuURYJq4fI=
22,-29,vk1WN39vf15yhze3suhF1SpKzIY=,9JXxm/H7j1hWda6mdB+YZQ6zqAo=
25,-30,vk1WN39vf15yhze3suhF1SpKzIY=,EcESfy44FgWmQZweBtuURYJq4fI=
22,-27,vk1WN39vf15yhze3suhF1SpKzIY=,Cda39JP72COcVT/qomc5r5M43JA=
19,-24,uYDnDLPAqon7JwOk5rnr0YqBCwM=,D0dMXTgFm64JyCbs4nNYBZKkdEs=
18,-26,uYDnDLPAqon7JwOk5rnr0YqBCwM=,1OsDcWdQHdqrCO+Dj+BNadx9sBo=
19,-23,uYDnDLPAqon7JwOk5rnr0YqBCwM=,D0dMXTgFm64JyCbs4nNYBZKkdEs=
20,-23,uYDnDLPAqon7JwOk5rnr0YqBCwM=,MWZYGEBMKjjaTEueVW84kpevHTQ=
20,-24,uYDnDLPAqon7JwOk5rnr0YqBCwM=,MWZYGEBMKjjaTEueVW84kpevHTQ=
18,-24,uYDnDLPAqon7JwOk5rnr0YqBCwM=,D0dMXTgFm64JyCbs4nNYBZKkdEs=
18,-23,uYDnDLPAqon7JwOk5rnr0YqBCwM=,D0dMXTgFm64JyCbs4nNYBZKkdEs=
18,-25,uYDnDLPAqon7JwOk5rnr0YqBCwM=,1OsDcWdQHdqrCO+Dj+BNadx9sBo=
21,-25,uYDnDLPAqon7JwOk5rnr0YqBCwM=,Cda39JP72COcVT/qomc5r5M43JA=
20,-25,uYDnDLPAqon7JwOk5rnr0YqBCwM=,Cda39JP72COcVT/qomc5r5M43JA=
19,-25,uYDnDLPAqon7JwOk5rnr0YqBCwM=,1OsDcWdQHdqrCO+Dj+BNadx9sBo=
21,-26,uYDnDLPAqon7JwOk5rnr0YqBCwM=,Cda39JP72COcVT/qomc5r5M43JA=
19,-26,uYDnDLPAqon7JwOk5rnr0YqBCwM=,1OsDcWdQHdqrCO+Dj+BNadx9sBo=
21,-24,uYDnDLPAqon7JwOk5rnr0YqBCwM=,MWZYGEBMKjjaTEueVW84kpevHTQ=
20,-26,uYDnDLPAqon7JwOk5rnr0YqBCwM=,Cda39JP72COcVT/qomc5r5M43JA=
21,-23,uYDnDLPAqon7JwOk5rnr0YqBCwM=,MWZYGEBMKjjaTEueVW84kpevHTQ=
24,-24,uYDnDLPAqon7JwOk5rnr0YqBCwM=,WTIC4tNaU6pIOdnYhR+pJyTnvY4=
25,-26,uYDnDLPAqon7JwOk5rnr0YqBCwM=,FKQSVoyEn9eilEIlnF1JIpws4As=
24,-25,uYDnDLPAqon7JwOk5rnr0YqBCwM=,FKQSVoyEn9eilEIlnF1JIpws4As=
22,-24,uYDnDLPAqon7JwOk5rnr0YqBCwM=,MWZYGEBMKjjaTEueVW84kpevHTQ=
23,-23,uYDnDLPAqon7JwOk5rnr0YqBCwM=,MWZYGEBMKjjaTEueVW84kpevHTQ=
24,-23,uYDnDLPAqon7JwOk5rnr0YqBCwM=,WTIC4tNaU6pIOdnYhR+pJyTnvY4=
22,-23,uYDnDLPAqon7JwOk5rnr0YqBCwM=,MWZYGEBMKjjaTEueVW84kpevHTQ=
25,-24,uYDnDLPAqon7JwOk5rnr0YqBCwM=,WTIC4tNaU6pIOdnYhR+pJyTnvY4=
23,-26,yvlqOhA+cFcBrJkSa2TmcmrlP3Y=,Cda39JP72COcVT/qomc5r5M43JA=
25,-23,yvlqOhA+cFcBrJkSa2TmcmrlP3Y=,WTIC4tNaU6pIOdnYhR+pJyTnvY4=
25,-25,yvlqOhA+cFcBrJkSa2TmcmrlP3Y=,FKQSVoyEn9eilEIlnF1JIpws4As=
23,-24,yvlqOhA+cFcBrJkSa2TmcmrlP3Y=,MWZYGEBMKjjaTEueVW84kpevHTQ=
22,-25,yvlqOhA+cFcBrJkSa2TmcmrlP3Y=,Cda39JP72COcVT/qomc5r5M43JA=
23,-25,yvlqOhA+cFcBrJkSa2TmcmrlP3Y=,Cda39JP72COcVT/qomc5r5M43JA=
22,-26,yvlqOhA+cFcBrJkSa2TmcmrlP3Y=,Cda39JP72COcVT/qomc5r5M43JA=
24,-26,yvlqOhA+cFcBrJkSa2TmcmrlP3Y=,FKQSVoyEn9eilEIlnF1JIpws4As=
26,-21,VxEFpGrSQc/8fbNTE4zhImCnYRs=,WTIC4tNaU6pIOdnYhR+pJyTnvY4=
29,-19,VxEFpGrSQc/8fbNTE4zhImCnYRs=,Xm2NHuiGArZPRbxl0I3KFjGkXoM=
28,-20,VxEFpGrSQc/8fbNTE4zhImCnYRs=,Xm2NHuiGArZPRbxl0I3KFjGkXoM=
26,-20,VxEFpGrSQc/8fbNTE4zhImCnYRs=,EeDDcpAY1YVFWag6hbS/bGOkLZU=
27,-21,VxEFpGrSQc/8fbNTE4zhImCnYRs=,WTIC4tNaU6pIOdnYhR+pJyTnvY4=
29,-21,VxEFpGrSQc/8fbNTE4zhImCnYRs=,WTIC4tNaU6pIOdnYhR+pJyTnvY4=
29,-20,VxEFpGrSQc/8fbNTE4zhImCnYRs=,Xm2NHuiGArZPRbxl0I3KFjGkXoM=
28,-19,VxEFpGrSQc/8fbNTE4zhImCnYRs=,Xm2NHuiGArZPRbxl0I3KFjGkXoM=
27,-19,VxEFpGrSQc/8fbNTE4zhImCnYRs=,EeDDcpAY1YVFWag6hbS/bGOkLZU=
28,-21,VxEFpGrSQc/8fbNTE4zhImCnYRs=,WTIC4tNaU6pIOdnYhR+pJyTnvY4=
29,-22,VxEFpGrSQc/8fbNTE4zhImCnYRs=,WTIC4tNaU6pIOdnYhR+pJyTnvY4=
26,-22,VxEFpGrSQc/8fbNTE4zhImCnYRs=,WTIC4tNaU6pIOdnYhR+pJyTnvY4=
28,-22,VxEFpGrSQc/8fbNTE4zhImCnYRs=,WTIC4tNaU6pIOdnYhR+pJyTnvY4=
27,-20,VxEFpGrSQc/8fbNTE4zhImCnYRs=,EeDDcpAY1YVFWag6hbS/bGOkLZU=
26,-19,VxEFpGrSQc/8fbNTE4zhImCnYRs=,EeDDcpAY1YVFWag6hbS/bGOkLZU=
27,-22,VxEFpGrSQc/8fbNTE4zhImCnYRs=,WTIC4tNaU6pIOdnYhR+pJyTnvY4=
18,-18,5w2VwRZvC9eQo5ZfEou6+UpXw0M=,oKpLpqRmjVF2/gE9Vj2K9YuanyU=
25,-17,5w2VwRZvC9eQo5ZfEou6+UpXw0M=,EeDDcpAY1YVFWag6hbS/bGOkLZU=
20,-17,5w2VwRZvC9eQo5ZfEou6+UpXw0M=,MWZYGEBMKjjaTEueVW84kpevHTQ=
21,-20,5w2VwRZvC9eQo5ZfEou6+UpXw0M=,MWZYGEBMKjjaTEueVW84kpevHTQ=
18,-19,5w2VwRZvC9eQo5ZfEou6+UpXw0M=,oKpLpqRmjVF2/gE9Vj2K9YuanyU=
23,-17,5w2VwRZvC9eQo5ZfEou6+UpXw0M=,MWZYGEBMKjjaTEueVW84kpevHTQ=
18,-22,5w2VwRZvC9eQo5ZfEou6+UpXw0M=,D0dMXTgFm64JyCbs4nNYBZKkdEs=
25,-19,5w2VwRZvC9eQo5ZfEou6+UpXw0M=,EeDDcpAY1YVFWag6hbS/bGOkLZU=
23,-18,5w2VwRZvC9eQo5ZfEou6+UpXw0M=,MWZYGEBMKjjaTEueVW84kpevHTQ=
20,-20,5w2VwRZvC9eQo5ZfEou6+UpXw0M=,MWZYGEBMKjjaTEueVW84kpevHTQ=
19,-18,5w2VwRZvC9eQo5ZfEou6+UpXw0M=,oKpLpqRmjVF2/gE9Vj2K9YuanyU=
24,-20,5w2VwRZvC9eQo5ZfEou6+UpXw0M=,EeDDcpAY1YVFWag6hbS/bGOkLZU=
22,-17,5w2VwRZvC9eQo5ZfEou6+UpXw0M=,MWZYGEBMKjjaTEueVW84kpevHTQ=
23,-20,5w2VwRZvC9eQo5ZfEou6+UpXw0M=,MWZYGEBMKjjaTEueVW84kpevHTQ=
21,-17,5w2VwRZvC9eQo5ZfEou6+UpXw0M=,MWZYGEBMKjjaTEueVW84kpevHTQ=
25,-20,5w2VwRZvC9eQo5ZfEou6+UpXw0M=,EeDDcpAY1YVFWag6hbS/bGOkLZU=
19,-22,5w2VwRZvC9eQo5ZfEou6+UpXw0M=,D0dMXTgFm64JyCbs4nNYBZKkdEs=
25,-18,5w2VwRZvC9eQo5ZfEou6+UpXw0M=,EeDDcpAY1YVFWag6hbS/bGOkLZU=
22,-20,5w2VwRZvC9eQo5ZfEou6+UpXw0M=,MWZYGEBMKjjaTEueVW84kpevHTQ=
22,-19,5w2VwRZvC9eQo5ZfEou6+UpXw0M=,MWZYGEBMKjjaTEueVW84kpevHTQ=
16,-21,5w2VwRZvC9eQo5ZfEou6+UpXw0M=,D0dMXTgFm64JyCbs4nNYBZKkdEs=
21,-19,5w2VwRZvC9eQo5ZfEou6+UpXw0M=,MWZYGEBMKjjaTEueVW84kpevHTQ=
20,-19,5w2VwRZvC9eQo5ZfEou6+UpXw0M=,MWZYGEBMKjjaTEueVW84kpevHTQ=
23,-21,5w2VwRZvC9eQo5ZfEou6+UpXw0M=,MWZYGEBMKjjaTEueVW84kpevHTQ=
20,-18,5w2VwRZvC9eQo5ZfEou6+UpXw0M=,MWZYGEBMKjjaTEueVW84kpevHTQ=
19,-19,5w2VwRZvC9eQo5ZfEou6+UpXw0M=,oKpLpqRmjVF2/gE9Vj2K9YuanyU=
17,-21,5w2VwRZvC9eQo5ZfEou6+UpXw0M=,D0dMXTgFm64JyCbs4nNYBZKkdEs=
24,-22,5w2VwRZvC9eQo5ZfEou6+UpXw0M=,WTIC4tNaU6pIOdnYhR+pJyTnvY4=
22,-18,5w2VwRZvC9eQo5ZfEou6+UpXw0M=,MWZYGEBMKjjaTEueVW84kpevHTQ=
22,-21,5w2VwRZvC9eQo5ZfEou6+UpXw0M=,MWZYGEBMKjjaTEueVW84kpevHTQ=
16,-20,5w2VwRZvC9eQo5ZfEou6+UpXw0M=,oKpLpqRmjVF2/gE9Vj2K9YuanyU=
20,-21,5w2VwRZvC9eQo5ZfEou6+UpXw0M=,MWZYGEBMKjjaTEueVW84kpevHTQ=
23,-22,5w2VwRZvC9eQo5ZfEou6+UpXw0M=,MWZYGEBMKjjaTEueVW84kpevHTQ=
24,-19,5w2VwRZvC9eQo5ZfEou6+UpXw0M=,EeDDcpAY1YVFWag6hbS/bGOkLZU=
21,-21,5w2VwRZvC9eQo5ZfEou6+UpXw0M=,MWZYGEBMKjjaTEueVW84kpevHTQ=
24,-17,5w2VwRZvC9eQo5ZfEou6+UpXw0M=,EeDDcpAY1YVFWag6hbS/bGOkLZU=
18,-17,5w2VwRZvC9eQo5ZfEou6+UpXw0M=,oKpLpqRmjVF2/gE9Vj2K9YuanyU=
23,-19,5w2VwRZvC9eQo5ZfEou6+UpXw0M=,MWZYGEBMKjjaTEueVW84kpevHTQ=
19,-20,5w2VwRZvC9eQo5ZfEou6+UpXw0M=,oKpLpqRmjVF2/gE9Vj2K9YuanyU=
18,-20,5w2VwRZvC9eQo5ZfEou6+UpXw0M=,oKpLpqRmjVF2/gE9Vj2K9YuanyU=
21,-22,5w2VwRZvC9eQo5ZfEou6+UpXw0M=,MWZYGEBMKjjaTEueVW84kpevHTQ=
17,-22,5w2VwRZvC9eQo5ZfEou6+UpXw0M=,D0dMXTgFm64JyCbs4nNYBZKkdEs=
24,-18,5w2VwRZvC9eQo5ZfEou6+UpXw0M=,EeDDcpAY1YVFWag6hbS/bGOkLZU=
24,-21,5w2VwRZvC9eQo5ZfEou6+UpXw0M=,WTIC4tNaU6pIOdnYhR+pJyTnvY4=
22,-22,5w2VwRZvC9eQo5ZfEou6+UpXw0M=,MWZYGEBMKjjaTEueVW84kpevHTQ=
17,-20,5w2VwRZvC9eQo5ZfEou6+UpXw0M=,oKpLpqRmjVF2/gE9Vj2K9YuanyU=
25,-21,5w2VwRZvC9eQo5ZfEou6+UpXw0M=,WTIC4tNaU6pIOdnYhR+pJyTnvY4=
16,-19,5w2VwRZvC9eQo5ZfEou6+UpXw0M=,oKpLpqRmjVF2/gE9Vj2K9YuanyU=
17,-19,5w2VwRZvC9eQo5ZfEou6+UpXw0M=,oKpLpqRmjVF2/gE9Vj2K9YuanyU=
25,-22,5w2VwRZvC9eQo5ZfEou6+UpXw0M=,WTIC4tNaU6pIOdnYhR+pJyTnvY4=
16,-22,5w2VwRZvC9eQo5ZfEou6+UpXw0M=,D0dMXTgFm64JyCbs4nNYBZKkdEs=
19,-17,5w2VwRZvC9eQo5ZfEou6+UpXw0M=,oKpLpqRmjVF2/gE9Vj2K9YuanyU=
18,-21,5w2VwRZvC9eQo5ZfEou6+UpXw0M=,D0dMXTgFm64JyCbs4nNYBZKkdEs=
19,-21,5w2VwRZvC9eQo5ZfEou6+UpXw0M=,D0dMXTgFm64JyCbs4nNYBZKkdEs=
21,-18,5w2VwRZvC9eQo5ZfEou6+UpXw0M=,MWZYGEBMKjjaTEueVW84kpevHTQ=
20,-22,5w2VwRZvC9eQo5ZfEou6+UpXw0M=,MWZYGEBMKjjaTEueVW84kpevHTQ=
16,-25,5w2VwRZvC9eQo5ZfEou6+UpXw0M=,1OsDcWdQHdqrCO+Dj+BNadx9sBo=
17,-18,5w2VwRZvC9eQo5ZfEou6+UpXw0M=,oKpLpqRmjVF2/gE9Vj2K9YuanyU=
17,-26,5w2VwRZvC9eQo5ZfEou6+UpXw0M=,1OsDcWdQHdqrCO+Dj+BNadx9sBo=
17,-23,5w2VwRZvC9eQo5ZfEou6+UpXw0M=,D0dMXTgFm64JyCbs4nNYBZKkdEs=
16,-26,5w2VwRZvC9eQo5ZfEou6+UpXw0M=,1OsDcWdQHdqrCO+Dj+BNadx9sBo=
16,-23,5w2VwRZvC9eQo5ZfEou6+UpXw0M=,D0dMXTgFm64JyCbs4nNYBZKkdEs=
17,-24,5w2VwRZvC9eQo5ZfEou6+UpXw0M=,D0dMXTgFm64JyCbs4nNYBZKkdEs=
17,-17,5w2VwRZvC9eQo5ZfEou6+UpXw0M=,oKpLpqRmjVF2/gE9Vj2K9YuanyU=
17,-25,5w2VwRZvC9eQo5ZfEou6+UpXw0M=,1OsDcWdQHdqrCO+Dj+BNadx9sBo=
16,-18,5w2VwRZvC9eQo5ZfEou6+UpXw0M=,oKpLpqRmjVF2/gE9Vj2K9YuanyU=
16,-24,JLovBSuQm18hSyC/1IntRJUfwqE=,D0dMXTgFm64JyCbs4nNYBZKkdEs=
16,-17,JLovBSuQm18hSyC/1IntRJUfwqE=,oKpLpqRmjVF2/gE9Vj2K9YuanyU=
30,-19,JLovBSuQm18hSyC/1IntRJUfwqE=,Xm2NHuiGArZPRbxl0I3KFjGkXoM=
30,-21,JLovBSuQm18hSyC/1IntRJUfwqE=,WTIC4tNaU6pIOdnYhR+pJyTnvY4=
30,-20,JLovBSuQm18hSyC/1IntRJUfwqE=,Xm2NHuiGArZPRbxl0I3KFjGkXoM=
30,-22,JLovBSuQm18hSyC/1IntRJUfwqE=,WTIC4tNaU6pIOdnYhR+pJyTnvY4=
27,-17,Lij4c0PqA/0C4X/n/ESl411l/HM=,EeDDcpAY1YVFWag6hbS/bGOkLZU=
27,-18,Lij4c0PqA/0C4X/n/ESl411l/HM=,EeDDcpAY1YVFWag6hbS/bGOkLZU=
29,-17,Lij4c0PqA/0C4X/n/ESl411l/HM=,Xm2NHuiGArZPRbxl0I3KFjGkXoM=
26,-17,Lij4c0PqA/0C4X/n/ESl411l/HM=,EeDDcpAY1YVFWag6hbS/bGOkLZU=
28,-18,Lij4c0PqA/0C4X/n/ESl411l/HM=,Xm2NHuiGArZPRbxl0I3KFjGkXoM=
26,-18,Lij4c0PqA/0C4X/n/ESl411l/HM=,EeDDcpAY1YVFWag6hbS/bGOkLZU=
29,-18,Lij4c0PqA/0C4X/n/ESl411l/HM=,Xm2NHuiGArZPRbxl0I3KFjGkXoM=
28,-17,Lij4c0PqA/0C4X/n/ESl411l/HM=,Xm2NHuiGArZPRbxl0I3KFjGkXoM=
30,-17,Lij4c0PqA/0C4X/n/ESl411l/HM=,Xm2NHuiGArZPRbxl0I3KFjGkXoM=
30,-18,Lij4c0PqA/0C4X/n/ESl411l/HM=,Xm2NHuiGArZPRbxl0I3KFjGkXoM=
21,-30,Lij4c0PqA/0C4X/n/ESl411l/HM=,9JXxm/H7j1hWda6mdB+YZQ6zqAo=
16,-27,Lij4c0PqA/0C4X/n/ESl411l/HM=,1OsDcWdQHdqrCO+Dj+BNadx9sBo=
20,-27,Lij4c0PqA/0C4X/n/ESl411l/HM=,Cda39JP72COcVT/qomc5r5M43JA=
17,-28,Lij4c0PqA/0C4X/n/ESl411l/HM=,1OsDcWdQHdqrCO+Dj+BNadx9sBo=
19,-30,Lij4c0PqA/0C4X/n/ESl411l/HM=,q7KxVWtdOLuxR5x1+TTBEVDfahs=
20,-30,Lij4c0PqA/0C4X/n/ESl411l/HM=,9JXxm/H7j1hWda6mdB+YZQ6zqAo=
16,-30,Lij4c0PqA/0C4X/n/ESl411l/HM=,q7KxVWtdOLuxR5x1+TTBEVDfahs=
19,-27,Lij4c0PqA/0C4X/n/ESl411l/HM=,1OsDcWdQHdqrCO+Dj+BNadx9sBo=
19,-28,Lij4c0PqA/0C4X/n/ESl411l/HM=,1OsDcWdQHdqrCO+Dj+BNadx9sBo=
18,-29,Lij4c0PqA/0C4X/n/ESl411l/HM=,q7KxVWtdOLuxR5x1+TTBEVDfahs=
21,-28,Lij4c0PqA/0C4X/n/ESl411l/HM=,Cda39JP72COcVT/qomc5r5M43JA=
21,-27,Lij4c0PqA/0C4X/n/ESl411l/HM=,Cda39JP72COcVT/qomc5r5M43JA=
21,-29,Lij4c0PqA/0C4X/n/ESl411l/HM=,9JXxm/H7j1hWda6mdB+YZQ6zqAo=
19,-29,Lij4c0PqA/0C4X/n/ESl411l/HM=,q7KxVWtdOLuxR5x1+TTBEVDfahs=
16,-28,Lij4c0PqA/0C4X/n/ESl411l/HM=,1OsDcWdQHdqrCO+Dj+BNadx9sBo=
17,-27,Lij4c0PqA/0C4X/n/ESl411l/HM=,1OsDcWdQHdqrCO+Dj+BNadx9sBo=
17,-30,Lij4c0PqA/0C4X/n/ESl411l/HM=,q7KxVWtdOLuxR5x1+TTBEVDfahs=
17,-29,Lij4c0PqA/0C4X/n/ESl411l/HM=,q7KxVWtdOLuxR5x1+TTBEVDfahs=
18,-27,Lij4c0PqA/0C4X/n/ESl411l/HM=,1OsDcWdQHdqrCO+Dj+BNadx9sBo=
18,-30,Lij4c0PqA/0C4X/n/ESl411l/HM=,q7KxVWtdOLuxR5x1+TTBEVDfahs=
16,-29,Lij4c0PqA/0C4X/n/ESl411l/HM=,q7KxVWtdOLuxR5x1+TTBEVDfahs=
20,-28,Lij4c0PqA/0C4X/n/ESl411l/HM=,Cda39JP72COcVT/qomc5r5M43JA=
18,-28,Lij4c0PqA/0C4X/n/ESl411l/HM=,1OsDcWdQHdqrCO+Dj+BNadx9sBo=
20,-29,Lij4c0PqA/0C4X/n/ESl411l/HM=,9JXxm/H7j1hWda6mdB+YZQ6zqAo=
27,-30,OiNVHH4h9wbMrqYrXHwc0bLYD78=,EcESfy44FgWmQZweBtuURYJq4fI=
26,-30,OiNVHH4h9wbMrqYrXHwc0bLYD78=,EcESfy44FgWmQZweBtuURYJq4fI=
30,-29,OiNVHH4h9wbMrqYrXHwc0bLYD78=,aM/BrH+Ubgcx8xCumEW7Onm/5LE=
28,-23,OiNVHH4h9wbMrqYrXHwc0bLYD78=,WTIC4tNaU6pIOdnYhR+pJyTnvY4=
27,-23,OiNVHH4h9wbMrqYrXHwc0bLYD78=,WTIC4tNaU6pIOdnYhR+pJyTnvY4=
27,-28,OiNVHH4h9wbMrqYrXHwc0bLYD78=,FKQSVoyEn9eilEIlnF1JIpws4As=
28,-29,OiNVHH4h9wbMrqYrXHwc0bLYD78=,aM/BrH+Ubgcx8xCumEW7Onm/5LE=
26,-29,OiNVHH4h9wbMrqYrXHwc0bLYD78=,EcESfy44FgWmQZweBtuURYJq4fI=
29,-28,OiNVHH4h9wbMrqYrXHwc0bLYD78=,aM/BrH+Ubgcx8xCumEW7Onm/5LE=
27,-29,OiNVHH4h9wbMrqYrXHwc0bLYD78=,EcESfy44FgWmQZweBtuURYJq4fI=
26,-27,OiNVHH4h9wbMrqYrXHwc0bLYD78=,FKQSVoyEn9eilEIlnF1JIpws4As=
27,-25,OiNVHH4h9wbMrqYrXHwc0bLYD78=,FKQSVoyEn9eilEIlnF1JIpws4As=
28,-26,OiNVHH4h9wbMrqYrXHwc0bLYD78=,aM/BrH+Ubgcx8xCumEW7Onm/5LE=
26,-23,OiNVHH4h9wbMrqYrXHwc0bLYD78=,WTIC4tNaU6pIOdnYhR+pJyTnvY4=
28,-30,OiNVHH4h9wbMrqYrXHwc0bLYD78=,aM/BrH+Ubgcx8xCumEW7Onm/5LE=
27,-24,OiNVHH4h9wbMrqYrXHwc0bLYD78=,WTIC4tNaU6pIOdnYhR+pJyTnvY4=
28,-24,OiNVHH4h9wbMrqYrXHwc0bLYD78=,WTIC4tNaU6pIOdnYhR+pJyTnvY4=
29,-29,OiNVHH4h9wbMrqYrXHwc0bLYD78=,aM/BrH+Ubgcx8xCumEW7Onm/5LE=
26,-25,OiNVHH4h9wbMrqYrXHwc0bLYD78=,FKQSVoyEn9eilEIlnF1JIpws4As=
26,-24,OiNVHH4h9wbMrqYrXHwc0bLYD78=,WTIC4tNaU6pIOdnYhR+pJyTnvY4=
27,-26,OiNVHH4h9wbMrqYrXHwc0bLYD78=,FKQSVoyEn9eilEIlnF1JIpws4As=
28,-28,OiNVHH4h9wbMrqYrXHwc0bLYD78=,aM/BrH+Ubgcx8xCumEW7Onm/5LE=
30,-23,OiNVHH4h9wbMrqYrXHwc0bLYD78=,WTIC4tNaU6pIOdnYhR+pJyTnvY4=
26,-28,OiNVHH4h9wbMrqYrXHwc0bLYD78=,FKQSVoyEn9eilEIlnF1JIpws4As=
27,-27,OiNVHH4h9wbMrqYrXHwc0bLYD78=,FKQSVoyEn9eilEIlnF1JIpws4As=
29,-24,OiNVHH4h9wbMrqYrXHwc0bLYD78=,WTIC4tNaU6pIOdnYhR+pJyTnvY4=
30,-30,OiNVHH4h9wbMrqYrXHwc0bLYD78=,aM/BrH+Ubgcx8xCumEW7Onm/5LE=
30,-28,OiNVHH4h9wbMrqYrXHwc0bLYD78=,aM/BrH+Ubgcx8xCumEW7Onm/5LE=
30,-25,OiNVHH4h9wbMrqYrXHwc0bLYD78=,aM/BrH+Ubgcx8xCumEW7Onm/5LE=
30,-26,OiNVHH4h9wbMrqYrXHwc0bLYD78=,aM/BrH+Ubgcx8xCumEW7Onm/5LE=
29,-26,OiNVHH4h9wbMrqYrXHwc0bLYD78=,aM/BrH+Ubgcx8xCumEW7Onm/5LE=
29,-30,OiNVHH4h9wbMrqYrXHwc0bLYD78=,aM/BrH+Ubgcx8xCumEW7Onm/5LE=
29,-27,OiNVHH4h9wbMrqYrXHwc0bLYD78=,aM/BrH+Ubgcx8xCumEW7Onm/5LE=
28,-25,OiNVHH4h9wbMrqYrXHwc0bLYD78=,aM/BrH+Ubgcx8xCumEW7Onm/5LE=
30,-27,OiNVHH4h9wbMrqYrXHwc0bLYD78=,aM/BrH+Ubgcx8xCumEW7Onm/5LE=
28,-27,OiNVHH4h9wbMrqYrXHwc0bLYD78=,aM/BrH+Ubgcx8xCumEW7Onm/5LE=
29,-23,OiNVHH4h9wbMrqYrXHwc0bLYD78=,WTIC4tNaU6pIOdnYhR+pJyTnvY4=
30,-24,OiNVHH4h9wbMrqYrXHwc0bLYD78=,WTIC4tNaU6pIOdnYhR+pJyTnvY4=
26,-26,OiNVHH4h9wbMrqYrXHwc0bLYD78=,FKQSVoyEn9eilEIlnF1JIpws4As=
29,-25,OiNVHH4h9wbMrqYrXHwc0bLYD78=,aM/BrH+Ubgcx8xCumEW7Onm/5LE=
12,-25,MujLyykH1BslpxvIgZmNyGNgrH4=,eQKQWp95IszGbL/ayDogwYLVArk=
11,-25,MujLyykH1BslpxvIgZmNyGNgrH4=,eQKQWp95IszGbL/ayDogwYLVArk=
10,-26,MujLyykH1BslpxvIgZmNyGNgrH4=,eQKQWp95IszGbL/ayDogwYLVArk=
13,-26,MujLyykH1BslpxvIgZmNyGNgrH4=,eQKQWp95IszGbL/ayDogwYLVArk=
12,-23,MujLyykH1BslpxvIgZmNyGNgrH4=,LQLY6RWy9CTefwQ8EVsDp4gj+G0=
13,-25,MujLyykH1BslpxvIgZmNyGNgrH4=,eQKQWp95IszGbL/ayDogwYLVArk=
11,-24,MujLyykH1BslpxvIgZmNyGNgrH4=,wVWRSDBC2aUW5Kh3hgJOEONgUJg=
10,-23,MujLyykH1BslpxvIgZmNyGNgrH4=,wVWRSDBC2aUW5Kh3hgJOEONgUJg=
13,-24,MujLyykH1BslpxvIgZmNyGNgrH4=,LQLY6RWy9CTefwQ8EVsDp4gj+G0=
10,-24,MujLyykH1BslpxvIgZmNyGNgrH4=,wVWRSDBC2aUW5Kh3hgJOEONgUJg=
13,-23,MujLyykH1BslpxvIgZmNyGNgrH4=,LQLY6RWy9CTefwQ8EVsDp4gj+G0=
12,-26,MujLyykH1BslpxvIgZmNyGNgrH4=,eQKQWp95IszGbL/ayDogwYLVArk=
11,-26,MujLyykH1BslpxvIgZmNyGNgrH4=,eQKQWp95IszGbL/ayDogwYLVArk=
10,-25,MujLyykH1BslpxvIgZmNyGNgrH4=,eQKQWp95IszGbL/ayDogwYLVArk=
11,-23,MujLyykH1BslpxvIgZmNyGNgrH4=,wVWRSDBC2aUW5Kh3hgJOEONgUJg=
12,-24,MujLyykH1BslpxvIgZmNyGNgrH4=,LQLY6RWy9CTefwQ8EVsDp4gj+G0=
10,-30,MujLyykH1BslpxvIgZmNyGNgrH4=,ZYQi0PYKvPguM8FVEh3CaQHobDs=
13,-28,MujLyykH1BslpxvIgZmNyGNgrH4=,eQKQWp95IszGbL/ayDogwYLVArk=
12,-29,DF75DQ5dgOGS8KZNXNf8a3XRI9A=,q2wGor/q0toNPe9o3lEPR+c6N5A=
12,-27,DF75DQ5dgOGS8KZNXNf8a3XRI9A=,eQKQWp95IszGbL/ayDogwYLVArk=
11,-29,DF75DQ5dgOGS8KZNXNf8a3XRI9A=,ZYQi0PYKvPguM8FVEh3CaQHobDs=
12,-28,DF75DQ5dgOGS8KZNXNf8a3XRI9A=,eQKQWp95IszGbL/ayDogwYLVArk=
10,-28,DF75DQ5dgOGS8KZNXNf8a3XRI9A=,eQKQWp95IszGbL/ayDogwYLVArk=
11,-28,DF75DQ5dgOGS8KZNXNf8a3XRI9A=,eQKQWp95IszGbL/ayDogwYLVArk=
10,-29,DF75DQ5dgOGS8KZNXNf8a3XRI9A=,ZYQi0PYKvPguM8FVEh3CaQHobDs=
13,-27,DF75DQ5dgOGS8KZNXNf8a3XRI9A=,eQKQWp95IszGbL/ayDogwYLVArk=
11,-30,DF75DQ5dgOGS8KZNXNf8a3XRI9A=,ZYQi0PYKvPguM8FVEh3CaQHobDs=
10,-27,DF75DQ5dgOGS8KZNXNf8a3XRI9A=,eQKQWp95IszGbL/ayDogwYLVArk=
11,-27,DF75DQ5dgOGS8KZNXNf8a3XRI9A=,eQKQWp95IszGbL/ayDogwYLVArk=
13,-29,DF75DQ5dgOGS8KZNXNf8a3XRI9A=,q2wGor/q0toNPe9o3lEPR+c6N5A=
13,-30,DF75DQ5dgOGS8KZNXNf8a3XRI9A=,q2wGor/q0toNPe9o3lEPR+c6N5A=
12,-30,DF75DQ5dgOGS8KZNXNf8a3XRI9A=,q2wGor/q0toNPe9o3lEPR+c6N5A=
10,-22,DF75DQ5dgOGS8KZNXNf8a3XRI9A=,wVWRSDBC2aUW5Kh3hgJOEONgUJg=
11,-20,DF75DQ5dgOGS8KZNXNf8a3XRI9A=,sie8+BE9/eppTseqb5VuZg0Tdk0=
13,-19,DF75DQ5dgOGS8KZNXNf8a3XRI9A=,oKpLpqRmjVF2/gE9Vj2K9YuanyU=
12,-21,DF75DQ5dgOGS8KZNXNf8a3XRI9A=,LQLY6RWy9CTefwQ8EVsDp4gj+G0=
12,-19,DF75DQ5dgOGS8KZNXNf8a3XRI9A=,oKpLpqRmjVF2/gE9Vj2K9YuanyU=
12,-20,DF75DQ5dgOGS8KZNXNf8a3XRI9A=,oKpLpqRmjVF2/gE9Vj2K9YuanyU=
11,-21,DF75DQ5dgOGS8KZNXNf8a3XRI9A=,wVWRSDBC2aUW5Kh3hgJOEONgUJg=
10,-21,DF75DQ5dgOGS8KZNXNf8a3XRI9A=,wVWRSDBC2aUW5Kh3hgJOEONgUJg=
12,-22,DF75DQ5dgOGS8KZNXNf8a3XRI9A=,LQLY6RWy9CTefwQ8EVsDp4gj+G0=
10,-20,DF75DQ5dgOGS8KZNXNf8a3XRI9A=,sie8+BE9/eppTseqb5VuZg0Tdk0=
11,-22,DF75DQ5dgOGS8KZNXNf8a3XRI9A=,wVWRSDBC2aUW5Kh3hgJOEONgUJg=
13,-20,DF75DQ5dgOGS8KZNXNf8a3XRI9A=,oKpLpqRmjVF2/gE9Vj2K9YuanyU=
10,-19,DF75DQ5dgOGS8KZNXNf8a3XRI9A=,sie8+BE9/eppTseqb5VuZg0Tdk0=
13,-21,DF75DQ5dgOGS8KZNXNf8a3XRI9A=,LQLY6RWy9CTefwQ8EVsDp4gj+G0=
13,-22,DF75DQ5dgOGS8KZNXNf8a3XRI9A=,LQLY6RWy9CTefwQ8EVsDp4gj+G0=
11,-19,DF75DQ5dgOGS8KZNXNf8a3XRI9A=,sie8+BE9/eppTseqb5VuZg0Tdk0=
2,-21,L29NjUyKDoUQuCftMIGUGHNEdrM=,j1LWfRHZiTzXc3g/CcohhN6CPqw=
6,-19,L29NjUyKDoUQuCftMIGUGHNEdrM=,Ho0I9hOiuQecZ6NA0q2LkKuhTy8=
4,-20,mqT732Fx7Dk1kA4N/ynyMKZDwbk=,Ho0I9hOiuQecZ6NA0q2LkKuhTy8=
2,-22,mqT732Fx7Dk1kA4N/ynyMKZDwbk=,j1LWfRHZiTzXc3g/CcohhN6CPqw=
5,-19,mqT732Fx7Dk1kA4N/ynyMKZDwbk=,Ho0I9hOiuQecZ6NA0q2LkKuhTy8=
5,-20,mqT732Fx7Dk1kA4N/ynyMKZDwbk=,Ho0I9hOiuQecZ6NA0q2LkKuhTy8=
3,-21,mqT732Fx7Dk1kA4N/ynyMKZDwbk=,j1LWfRHZiTzXc3g/CcohhN6CPqw=
6,-20,mqT732Fx7Dk1kA4N/ynyMKZDwbk=,Ho0I9hOiuQecZ6NA0q2LkKuhTy8=
3,-22,mqT732Fx7Dk1kA4N/ynyMKZDwbk=,j1LWfRHZiTzXc3g/CcohhN6CPqw=
7,-19,mqT732Fx7Dk1kA4N/ynyMKZDwbk=,Ho0I9hOiuQecZ6NA0q2LkKuhTy8=
9,-22,mqT732Fx7Dk1kA4N/ynyMKZDwbk=,wVWRSDBC2aUW5Kh3hgJOEONgUJg=
4,-19,mqT732Fx7Dk1kA4N/ynyMKZDwbk=,Ho0I9hOiuQecZ6NA0q2LkKuhTy8=
4,-21,mqT732Fx7Dk1kA4N/ynyMKZDwbk=,9dgJUQEJMTjuOTDRU/RbPHRkg60=
6,-21,mqT732Fx7Dk1kA4N/ynyMKZDwbk=,9dgJUQEJMTjuOTDRU/RbPHRkg60=
7,-21,mqT732Fx7Dk1kA4N/ynyMKZDwbk=,9dgJUQEJMTjuOTDRU/RbPHRkg60=
8,-22,mqT732Fx7Dk1kA4N/ynyMKZDwbk=,wVWRSDBC2aUW5Kh3hgJOEONgUJg=
7,-20,mqT732Fx7Dk1kA4N/ynyMKZDwbk=,Ho0I9hOiuQecZ6NA0q2LkKuhTy8=
8,-19,mqT732Fx7Dk1kA4N/ynyMKZDwbk=,sie8+BE9/eppTseqb5VuZg0Tdk0=
8,-20,mqT732Fx7Dk1kA4N/ynyMKZDwbk=,sie8+BE9/eppTseqb5VuZg0Tdk0=
5,-21,mqT732Fx7Dk1kA4N/ynyMKZDwbk=,9dgJUQEJMTjuOTDRU/RbPHRkg60=
8,-21,mqT732Fx7Dk1kA4N/ynyMKZDwbk=,wVWRSDBC2aUW5Kh3hgJOEONgUJg=
9,-20,mqT732Fx7Dk1kA4N/ynyMKZDwbk=,sie8+BE9/eppTseqb5VuZg0Tdk0=
2,-20,mqT732Fx7Dk1kA4N/ynyMKZDwbk=,MWZYGEBMKjjaTEueVW84kpevHTQ=
7,-22,mqT732Fx7Dk1kA4N/ynyMKZDwbk=,9dgJUQEJMTjuOTDRU/RbPHRkg60=
3,-20,mqT732Fx7Dk1kA4N/ynyMKZDwbk=,MWZYGEBMKjjaTEueVW84kpevHTQ=
6,-22,mqT732Fx7Dk1kA4N/ynyMKZDwbk=,9dgJUQEJMTjuOTDRU/RbPHRkg60=
3,-19,mqT732Fx7Dk1kA4N/ynyMKZDwbk=,MWZYGEBMKjjaTEueVW84kpevHTQ=
9,-19,mqT732Fx7Dk1kA4N/ynyMKZDwbk=,sie8+BE9/eppTseqb5VuZg0Tdk0=
5,-22,mqT732Fx7Dk1kA4N/ynyMKZDwbk=,9dgJUQEJMTjuOTDRU/RbPHRkg60=
4,-22,mqT732Fx7Dk1kA4N/ynyMKZDwbk=,9dgJUQEJMTjuOTDRU/RbPHRkg60=
2,-19,mqT732Fx7Dk1kA4N/ynyMKZDwbk=,MWZYGEBMKjjaTEueVW84kpevHTQ=
9,-21,mqT732Fx7Dk1kA4N/ynyMKZDwbk=,wVWRSDBC2aUW5Kh3hgJOEONgUJg=
0,-20,rVBDUDUbsn7xwrWuLPojHEWn8+Y=,MWZYGEBMKjjaTEueVW84kpevHTQ=
0,-22,rVBDUDUbsn7xwrWuLPojHEWn8+Y=,j1LWfRHZiTzXc3g/CcohhN6CPqw=
1,-20,rVBDUDUbsn7xwrWuLPojHEWn8+Y=,MWZYGEBMKjjaTEueVW84kpevHTQ=
0,-21,rVBDUDUbsn7xwrWuLPojHEWn8+Y=,j1LWfRHZiTzXc3g/CcohhN6CPqw=
0,-19,rVBDUDUbsn7xwrWuLPojHEWn8+Y=,MWZYGEBMKjjaTEueVW84kpevHTQ=
1,-21,rVBDUDUbsn7xwrWuLPojHEWn8+Y=,j1LWfRHZiTzXc3g/CcohhN6CPqw=
1,-19,rVBDUDUbsn7xwrWuLPojHEWn8+Y=,MWZYGEBMKjjaTEueVW84kpevHTQ=
1,-22,rVBDUDUbsn7xwrWuLPojHEWn8+Y=,j1LWfRHZiTzXc3g/CcohhN6CPqw=
0,-30,tsXW51um1N0840tlKhJEct2e2h4=,dguE7oztxarf2F/C98/L0BTICPc=
0,-23,tsXW51um1N0840tlKhJEct2e2h4=,j1LWfRHZiTzXc3g/CcohhN6CPqw=
1,-26,tsXW51um1N0840tlKhJEct2e2h4=,Z+lquxuCwfqTZL4Ky+q556ls+9U=
1,-27,tsXW51um1N0840tlKhJEct2e2h4=,Z+lquxuCwfqTZL4Ky+q556ls+9U=
0,-27,tsXW51um1N0840tlKhJEct2e2h4=,Z+lquxuCwfqTZL4Ky+q556ls+9U=
1,-30,tsXW51um1N0840tlKhJEct2e2h4=,dguE7oztxarf2F/C98/L0BTICPc=
0,-28,tsXW51um1N0840tlKhJEct2e2h4=,Z+lquxuCwfqTZL4Ky+q556ls+9U=
0,-29,tsXW51um1N0840tlKhJEct2e2h4=,dguE7oztxarf2F/C98/L0BTICPc=
0,-26,tsXW51um1N0840tlKhJEct2e2h4=,Z+lquxuCwfqTZL4Ky+q556ls+9U=
1,-29,tsXW51um1N0840tlKhJEct2e2h4=,dguE7oztxarf2F/C98/L0BTICPc=
0,-24,tsXW51um1N0840tlKhJEct2e2h4=,j1LWfRHZiTzXc3g/CcohhN6CPqw=
0,-25,tsXW51um1N0840tlKhJEct2e2h4=,Z+lquxuCwfqTZL4Ky+q556ls+9U=
1,-23,tsXW51um1N0840tlKhJEct2e2h4=,j1LWfRHZiTzXc3g/CcohhN6CPqw=
1,-25,tsXW51um1N0840tlKhJEct2e2h4=,Z+lquxuCwfqTZL4Ky+q556ls+9U=
1,-24,tsXW51um1N0840tlKhJEct2e2h4=,j1LWfRHZiTzXc3g/CcohhN6CPqw=
1,-28,tsXW51um1N0840tlKhJEct2e2h4=,Z+lquxuCwfqTZL4Ky+q556ls+9U=
3,-17,tsXW51um1N0840tlKhJEct2e2h4=,MWZYGEBMKjjaTEueVW84kpevHTQ=
2,-17,tsXW51um1N0840tlKhJEct2e2h4=,MWZYGEBMKjjaTEueVW84kpevHTQ=
4,-17,tsXW51um1N0840tlKhJEct2e2h4=,Ho0I9hOiuQecZ6NA0q2LkKuhTy8=
4,-18,tsXW51um1N0840tlKhJEct2e2h4=,Ho0I9hOiuQecZ6NA0q2LkKuhTy8=
3,-18,tsXW51um1N0840tlKhJEct2e2h4=,MWZYGEBMKjjaTEueVW84kpevHTQ=
5,-18,tsXW51um1N0840tlKhJEct2e2h4=,Ho0I9hOiuQecZ6NA0q2LkKuhTy8=
2,-18,tsXW51um1N0840tlKhJEct2e2h4=,MWZYGEBMKjjaTEueVW84kpevHTQ=
3,-30,tsXW51um1N0840tlKhJEct2e2h4=,dguE7oztxarf2F/C98/L0BTICPc=
3,-26,tsXW51um1N0840tlKhJEct2e2h4=,Z+lquxuCwfqTZL4Ky+q556ls+9U=
3,-25,tsXW51um1N0840tlKhJEct2e2h4=,Z+lquxuCwfqTZL4Ky+q556ls+9U=
2,-29,EpoQLVN1jIDy+BJB7hjGtTz2ENI=,dguE7oztxarf2F/C98/L0BTICPc=
2,-25,EpoQLVN1jIDy+BJB7hjGtTz2ENI=,Z+lquxuCwfqTZL4Ky+q556ls+9U=
4,-29,EpoQLVN1jIDy+BJB7hjGtTz2ENI=,B85gOs9SaTXB5ICq3OYfFyswKeE=
4,-30,EpoQLVN1jIDy+BJB7hjGtTz2ENI=,B85gOs9SaTXB5ICq3OYfFyswKeE=
7,-29,EpoQLVN1jIDy+BJB7hjGtTz2ENI=,B85gOs9SaTXB5ICq3OYfFyswKeE=
9,-30,EpoQLVN1jIDy+BJB7hjGtTz2ENI=,ZYQi0PYKvPguM8FVEh3CaQHobDs=
3,-29,EpoQLVN1jIDy+BJB7hjGtTz2ENI=,dguE7oztxarf2F/C98/L0BTICPc=
6,-24,EpoQLVN1jIDy+BJB7hjGtTz2ENI=,9dgJUQEJMTjuOTDRU/RbPHRkg60=
9,-29,EpoQLVN1jIDy+BJB7hjGtTz2ENI=,ZYQi0PYKvPguM8FVEh3CaQHobDs=
6,-25,EpoQLVN1jIDy+BJB7hjGtTz2ENI=,B85gOs9SaTXB5ICq3OYfFyswKeE=
5,-30,EpoQLVN1jIDy+BJB7hjGtTz2ENI=,B85gOs9SaTXB5ICq3OYfFyswKeE=
8,-24,EpoQLVN1jIDy+BJB7hjGtTz2ENI=,wVWRSDBC2aUW5Kh3hgJOEONgUJg=
6,-29,EpoQLVN1jIDy+BJB7hjGtTz2ENI=,B85gOs9SaTXB5ICq3OYfFyswKeE=
7,-30,EpoQLVN1jIDy+BJB7hjGtTz2ENI=,B85gOs9SaTXB5ICq3OYfFyswKeE=
4,-23,EpoQLVN1jIDy+BJB7hjGtTz2ENI=,9dgJUQEJMTjuOTDRU/RbPHRkg60=
5,-29,EpoQLVN1jIDy+BJB7hjGtTz2ENI=,B85gOs9SaTXB5ICq3OYfFyswKeE=
7,-23,EpoQLVN1jIDy+BJB7hjGtTz2ENI=,9dgJUQEJMTjuOTDRU/RbPHRkg60=
8,-30,EpoQLVN1jIDy+BJB7hjGtTz2ENI=,ZYQi0PYKvPguM8FVEh3CaQHobDs=
7,-25,EpoQLVN1jIDy+BJB7hjGtTz2ENI=,B85gOs9SaTXB5ICq3OYfFyswKeE=
5,-17,EpoQLVN1jIDy+BJB7hjGtTz2ENI=,Ho0I9hOiuQecZ6NA0q2LkKuhTy8=
4,-24,EpoQLVN1jIDy+BJB7hjGtTz2ENI=,9dgJUQEJMTjuOTDRU/RbPHRkg60=
6,-23,EpoQLVN1jIDy+BJB7hjGtTz2ENI=,9dgJUQEJMTjuOTDRU/RbPHRkg60=
3,-27,EpoQLVN1jIDy+BJB7hjGtTz2ENI=,Z+lquxuCwfqTZL4Ky+q556ls+9U=
5,-24,EpoQLVN1jIDy+BJB7hjGtTz2ENI=,9dgJUQEJMTjuOTDRU/RbPHRkg60=
8,-25,EpoQLVN1jIDy+BJB7hjGtTz2ENI=,eQKQWp95IszGbL/ayDogwYLVArk=
2,-23,EpoQLVN1jIDy+BJB7hjGtTz2ENI=,j1LWfRHZiTzXc3g/CcohhN6CPqw=
3,-23,EpoQLVN1jIDy+BJB7hjGtTz2ENI=,j1LWfRHZiTzXc3g/CcohhN6CPqw=
9,-24,EpoQLVN1jIDy+BJB7hjGtTz2ENI=,wVWRSDBC2aUW5Kh3hgJOEONgUJg=
7,-24,EpoQLVN1jIDy+BJB7hjGtTz2ENI=,9dgJUQEJMTjuOTDRU/RbPHRkg60=
8,-29,EpoQLVN1jIDy+BJB7hjGtTz2ENI=,ZYQi0PYKvPguM8FVEh3CaQHobDs=
2,-24,EpoQLVN1jIDy+BJB7hjGtTz2ENI=,j1LWfRHZiTzXc3g/CcohhN6CPqw=
8,-28,EpoQLVN1jIDy+BJB7hjGtTz2ENI=,eQKQWp95IszGbL/ayDogwYLVArk=
2,-27,EpoQLVN1jIDy+BJB7hjGtTz2ENI=,Z+lquxuCwfqTZL4Ky+q556ls+9U=
3,-24,EpoQLVN1jIDy+BJB7hjGtTz2ENI=,j1LWfRHZiTzXc3g/CcohhN6CPqw=
2,-30,EpoQLVN1jIDy+BJB7hjGtTz2ENI=,dguE7oztxarf2F/C98/L0BTICPc=
5,-23,EpoQLVN1jIDy+BJB7hjGtTz2ENI=,9dgJUQEJMTjuOTDRU/RbPHRkg60=
9,-25,EpoQLVN1jIDy+BJB7hjGtTz2ENI=,eQKQWp95IszGbL/ayDogwYLVArk=
6,-27,EpoQLVN1jIDy+BJB7hjGtTz2ENI=,B85gOs9SaTXB5ICq3OYfFyswKeE=
7,-27,EpoQLVN1jIDy+BJB7hjGtTz2ENI=,B85gOs9SaTXB5ICq3OYfFyswKeE=
5,-27,EpoQLVN1jIDy+BJB7hjGtTz2ENI=,B85gOs9SaTXB5ICq3OYfFyswKeE=
9,-27,EpoQLVN1jIDy+BJB7hjGtTz2ENI=,eQKQWp95IszGbL/ayDogwYLVArk=
5,-25,EpoQLVN1jIDy+BJB7hjGtTz2ENI=,B85gOs9SaTXB5ICq3OYfFyswKeE=
6,-30,EpoQLVN1jIDy+BJB7hjGtTz2ENI=,B85gOs9SaTXB5ICq3OYfFyswKeE=
6,-28,EpoQLVN1jIDy+BJB7hjGtTz2ENI=,B85gOs9SaTXB5ICq3OYfFyswKeE=
4,-27,EpoQLVN1jIDy+BJB7hjGtTz2ENI=,B85gOs9SaTXB5ICq3OYfFyswKeE=
6,-26,EpoQLVN1jIDy+BJB7hjGtTz2ENI=,B85gOs9SaTXB5ICq3OYfFyswKeE=
9,-28,EpoQLVN1jIDy+BJB7hjGtTz2ENI=,eQKQWp95IszGbL/ayDogwYLVArk=
7,-26,EpoQLVN1jIDy+BJB7hjGtTz2ENI=,B85gOs9SaTXB5ICq3OYfFyswKeE=
2,-26,EpoQLVN1jIDy+BJB7hjGtTz2ENI=,Z+lquxuCwfqTZL4Ky+q556ls+9U=
7,-28,EpoQLVN1jIDy+BJB7hjGtTz2ENI=,B85gOs9SaTXB5ICq3OYfFyswKeE=
4,-28,EpoQLVN1jIDy+BJB7hjGtTz2ENI=,B85gOs9SaTXB5ICq3OYfFyswKeE=
8,-27,EpoQLVN1jIDy+BJB7hjGtTz2ENI=,eQKQWp95IszGbL/ayDogwYLVArk=
4,-25,EpoQLVN1jIDy+BJB7hjGtTz2ENI=,B85gOs9SaTXB5ICq3OYfFyswKeE=
5,-26,EpoQLVN1jIDy+BJB7hjGtTz2ENI=,B85gOs9SaTXB5ICq3OYfFyswKeE=
9,-26,EpoQLVN1jIDy+BJB7hjGtTz2ENI=,eQKQWp95IszGbL/ayDogwYLVArk=
3,-28,EpoQLVN1jIDy+BJB7hjGtTz2ENI=,Z+lquxuCwfqTZL4Ky+q556ls+9U=
8,-23,EpoQLVN1jIDy+BJB7hjGtTz2ENI=,wVWRSDBC2aUW5Kh3hgJOEONgUJg=
4,-26,EpoQLVN1jIDy+BJB7hjGtTz2ENI=,B85gOs9SaTXB5ICq3OYfFyswKeE=
2,-28,EpoQLVN1jIDy+BJB7hjGtTz2ENI=,Z+lquxuCwfqTZL4Ky+q556ls+9U=
13,-18,EpoQLVN1jIDy+BJB7hjGtTz2ENI=,oKpLpqRmjVF2/gE9Vj2K9YuanyU=
8,-26,EpoQLVN1jIDy+BJB7hjGtTz2ENI=,eQKQWp95IszGbL/ayDogwYLVArk=
8,-18,EpoQLVN1jIDy+BJB7hjGtTz2ENI=,sie8+BE9/eppTseqb5VuZg0Tdk0=
7,-18,EpoQLVN1jIDy+BJB7hjGtTz2ENI=,Ho0I9hOiuQecZ6NA0q2LkKuhTy8=
9,-17,EpoQLVN1jIDy+BJB7hjGtTz2ENI=,sie8+BE9/eppTseqb5VuZg0Tdk0=
12,-17,EpoQLVN1jIDy+BJB7hjGtTz2ENI=,oKpLpqRmjVF2/gE9Vj2K9YuanyU=
9,-23,EpoQLVN1jIDy+BJB7hjGtTz2ENI=,wVWRSDBC2aUW5Kh3hgJOEONgUJg=
5,-28,EpoQLVN1jIDy+BJB7hjGtTz2ENI=,B85gOs9SaTXB5ICq3OYfFyswKeE=
13,-17,EpoQLVN1jIDy+BJB7hjGtTz2ENI=,oKpLpqRmjVF2/gE9Vj2K9YuanyU=
6,-17,EpoQLVN1jIDy+BJB7hjGtTz2ENI=,Ho0I9hOiuQecZ6NA0q2LkKuhTy8=
9,-18,EpoQLVN1jIDy+BJB7hjGtTz2ENI=,sie8+BE9/eppTseqb5VuZg0Tdk0=
8,-17,EpoQLVN1jIDy+BJB7hjGtTz2ENI=,sie8+BE9/eppTseqb5VuZg0Tdk0=
6,-18,EpoQLVN1jIDy+BJB7hjGtTz2ENI=,Ho0I9hOiuQecZ6NA0q2LkKuhTy8=
10,-17,EpoQLVN1jIDy+BJB7hjGtTz2ENI=,sie8+BE9/eppTseqb5VuZg0Tdk0=
10,-18,EpoQLVN1jIDy+BJB7hjGtTz2ENI=,sie8+BE9/eppTseqb5VuZg0Tdk0=
11,-18,EpoQLVN1jIDy+BJB7hjGtTz2ENI=,sie8+BE9/eppTseqb5VuZg0Tdk0=
7,-17,EpoQLVN1jIDy+BJB7hjGtTz2ENI=,Ho0I9hOiuQecZ6NA0q2LkKuhTy8=
12,-18,EpoQLVN1jIDy+BJB7hjGtTz2ENI=,oKpLpqRmjVF2/gE9Vj2K9YuanyU=
11,-17,EpoQLVN1jIDy+BJB7hjGtTz2ENI=,sie8+BE9/eppTseqb5VuZg0Tdk0=
1,-18,EpoQLVN1jIDy+BJB7hjGtTz2ENI=,MWZYGEBMKjjaTEueVW84kpevHTQ=
0,-17,EpoQLVN1jIDy+BJB7hjGtTz2ENI=,MWZYGEBMKjjaTEueVW84kpevHTQ=
1,-17,EpoQLVN1jIDy+BJB7hjGtTz2ENI=,MWZYGEBMKjjaTEueVW84kpevHTQ=
0,-18,EpoQLVN1jIDy+BJB7hjGtTz2ENI=,MWZYGEBMKjjaTEueVW84kpevHTQ=
14,-28,EpoQLVN1jIDy+BJB7hjGtTz2ENI=,eQKQWp95IszGbL/ayDogwYLVArk=
15,-28,EpoQLVN1jIDy+BJB7hjGtTz2ENI=,eQKQWp95IszGbL/ayDogwYLVArk=
14,-29,EpoQLVN1jIDy+BJB7hjGtTz2ENI=,q2wGor/q0toNPe9o3lEPR+c6N5A=
14,-25,EpoQLVN1jIDy+BJB7hjGtTz2ENI=,eQKQWp95IszGbL/ayDogwYLVArk=
15,-26,EpoQLVN1jIDy+BJB7hjGtTz2ENI=,eQKQWp95IszGbL/ayDogwYLVArk=
15,-27,EpoQLVN1jIDy+BJB7hjGtTz2ENI=,eQKQWp95IszGbL/ayDogwYLVArk=
15,-30,EpoQLVN1jIDy+BJB7hjGtTz2ENI=,q2wGor/q0toNPe9o3lEPR+c6N5A=
14,-20,EpoQLVN1jIDy+BJB7hjGtTz2ENI=,oKpLpqRmjVF2/gE9Vj2K9YuanyU=
15,-29,EpoQLVN1jIDy+BJB7hjGtTz2ENI=,q2wGor/q0toNPe9o3lEPR+c6N5A=
15,-24,EpoQLVN1jIDy+BJB7hjGtTz2ENI=,LQLY6RWy9CTefwQ8EVsDp4gj+G0=
15,-21,EpoQLVN1jIDy+BJB7hjGtTz2ENI=,LQLY6RWy9CTefwQ8EVsDp4gj+G0=
15,-20,EpoQLVN1jIDy+BJB7hjGtTz2ENI=,oKpLpqRmjVF2/gE9Vj2K9YuanyU=
14,-30,EpoQLVN1jIDy+BJB7hjGtTz2ENI=,q2wGor/q0toNPe9o3lEPR+c6N5A=
15,-25,EpoQLVN1jIDy+BJB7hjGtTz2ENI=,eQKQWp95IszGbL/ayDogwYLVArk=
15,-23,EpoQLVN1jIDy+BJB7hjGtTz2ENI=,LQLY6RWy9CTefwQ8EVsDp4gj+G0=
15,-18,EpoQLVN1jIDy+BJB7hjGtTz2ENI=,oKpLpqRmjVF2/gE9Vj2K9YuanyU=
14,-21,EpoQLVN1jIDy+BJB7hjGtTz2ENI=,LQLY6RWy9CTefwQ8EVsDp4gj+G0=
14,-18,EpoQLVN1jIDy+BJB7hjGtTz2ENI=,oKpLpqRmjVF2/gE9Vj2K9YuanyU=
14,-19,EpoQLVN1jIDy+BJB7hjGtTz2ENI=,oKpLpqRmjVF2/gE9Vj2K9YuanyU=
14,-23,EpoQLVN1jIDy+BJB7hjGtTz2ENI=,LQLY6RWy9CTefwQ8EVsDp4gj+G0=
14,-27,EpoQLVN1jIDy+BJB7hjGtTz2ENI=,eQKQWp95IszGbL/ayDogwYLVArk=
14,-24,EpoQLVN1jIDy+BJB7hjGtTz2ENI=,LQLY6RWy9CTefwQ8EVsDp4gj+G0=
14,-26,EpoQLVN1jIDy+BJB7hjGtTz2ENI=,eQKQWp95IszGbL/ayDogwYLVArk=
14,-17,EpoQLVN1jIDy+BJB7hjGtTz2ENI=,oKpLpqRmjVF2/gE9Vj2K9YuanyU=
15,-17,EpoQLVN1jIDy+BJB7hjGtTz2ENI=,oKpLpqRmjVF2/gE9Vj2K9YuanyU=
15,-22,EpoQLVN1jIDy+BJB7hjGtTz2ENI=,LQLY6RWy9CTefwQ8EVsDp4gj+G0=
14,-22,EpoQLVN1jIDy+BJB7hjGtTz2ENI=,LQLY6RWy9CTefwQ8EVsDp4gj+G0=
15,-19,EpoQLVN1jIDy+BJB7hjGtTz2ENI=,oKpLpqRmjVF2/gE9Vj2K9YuanyU=
6,-4,zEi36FKqa1s4y/z25mDqrrQLvbE=,GfI+zd9o/5akFc+CcGvftf/kTg8=
7,-3,zEi36FKqa1s4y/z25mDqrrQLvbE=,GfI+zd9o/5akFc+CcGvftf/kTg8=
7,-4,zEi36FKqa1s4y/z25mDqrrQLvbE=,GfI+zd9o/5akFc+CcGvftf/kTg8=
6,-6,zEi36FKqa1s4y/z25mDqrrQLvbE=,x/VtcpLQHAArCZ/BhSWHEbp0gRI=
6,-3,zEi36FKqa1s4y/z25mDqrrQLvbE=,GfI+zd9o/5akFc+CcGvftf/kTg8=
8,-6,zEi36FKqa1s4y/z25mDqrrQLvbE=,EMr0A0bhciWDFP5yWtpB+S7tDm4=
7,-6,zEi36FKqa1s4y/z25mDqrrQLvbE=,x/VtcpLQHAArCZ/BhSWHEbp0gRI=
8,-5,zEi36FKqa1s4y/z25mDqrrQLvbE=,EMr0A0bhciWDFP5yWtpB+S7tDm4=
9,-3,zEi36FKqa1s4y/z25mDqrrQLvbE=,Ho0I9hOiuQecZ6NA0q2LkKuhTy8=
8,-3,zEi36FKqa1s4y/z25mDqrrQLvbE=,Ho0I9hOiuQecZ6NA0q2LkKuhTy8=
7,-5,zEi36FKqa1s4y/z25mDqrrQLvbE=,x/VtcpLQHAArCZ/BhSWHEbp0gRI=
9,-6,zEi36FKqa1s4y/z25mDqrrQLvbE=,EMr0A0bhciWDFP5yWtpB+S7tDm4=
6,-5,zEi36FKqa1s4y/z25mDqrrQLvbE=,x/VtcpLQHAArCZ/BhSWHEbp0gRI=
8,-4,zEi36FKqa1s4y/z25mDqrrQLvbE=,Ho0I9hOiuQecZ6NA0q2LkKuhTy8=
9,-4,zEi36FKqa1s4y/z25mDqrrQLvbE=,Ho0I9hOiuQecZ6NA0q2LkKuhTy8=
9,-5,zEi36FKqa1s4y/z25mDqrrQLvbE=,EMr0A0bhciWDFP5yWtpB+S7tDm4=
8,-8,3fv1z/3uPeCJgv2BjfXTU3+T81Q=,EMr0A0bhciWDFP5yWtpB+S7tDm4=
8,-9,OMv3J4SOYI1RuNmTdD9aR6+dcas=,hLMNfrueX+/SBpQ1Y49U6yLkmlo=
7,-9,OMv3J4SOYI1RuNmTdD9aR6+dcas=,Bt/3I4XgV2nF2JiEMRZ4XmT/sCM=
9,-8,OMv3J4SOYI1RuNmTdD9aR6+dcas=,EMr0A0bhciWDFP5yWtpB+S7tDm4=
9,-9,OMv3J4SOYI1RuNmTdD9aR6+dcas=,hLMNfrueX+/SBpQ1Y49U6yLkmlo=
8,-7,OMv3J4SOYI1RuNmTdD9aR6+dcas=,EMr0A0bhciWDFP5yWtpB+S7tDm4=
6,-10,OMv3J4SOYI1RuNmTdD9aR6+dcas=,Bt/3I4XgV2nF2JiEMRZ4XmT/sCM=
6,-7,OMv3J4SOYI1RuNmTdD9aR6+dcas=,x/VtcpLQHAArCZ/BhSWHEbp0gRI=
9,-7,OMv3J4SOYI1RuNmTdD9aR6+dcas=,EMr0A0bhciWDFP5yWtpB+S7tDm4=
7,-10,OMv3J4SOYI1RuNmTdD9aR6+dcas=,Bt/3I4XgV2nF2JiEMRZ4XmT/sCM=
7,-7,OMv3J4SOYI1RuNmTdD9aR6+dcas=,x/VtcpLQHAArCZ/BhSWHEbp0gRI=
7,-8,OMv3J4SOYI1RuNmTdD9aR6+dcas=,x/VtcpLQHAArCZ/BhSWHEbp0gRI=
8,-10,OMv3J4SOYI1RuNmTdD9aR6+dcas=,hLMNfrueX+/SBpQ1Y49U6yLkmlo=
6,-9,OMv3J4SOYI1RuNmTdD9aR6+dcas=,Bt/3I4XgV2nF2JiEMRZ4XmT/sCM=
9,-10,OMv3J4SOYI1RuNmTdD9aR6+dcas=,hLMNfrueX+/SBpQ1Y49U6yLkmlo=
6,-8,OMv3J4SOYI1RuNmTdD9aR6+dcas=,x/VtcpLQHAArCZ/BhSWHEbp0gRI=
6,-12,OMv3J4SOYI1RuNmTdD9aR6+dcas=,Bt/3I4XgV2nF2JiEMRZ4XmT/sCM=
7,-11,8J6Dp5j2QmFD+J02eGuRTle2vPE=,Bt/3I4XgV2nF2JiEMRZ4XmT/sCM=
6,-13,8J6Dp5j2QmFD+J02eGuRTle2vPE=,MWZYGEBMKjjaTEueVW84kpevHTQ=
6,-14,8J6Dp5j2QmFD+J02eGuRTle2vPE=,MWZYGEBMKjjaTEueVW84kpevHTQ=
7,-13,8J6Dp5j2QmFD+J02eGuRTle2vPE=,MWZYGEBMKjjaTEueVW84kpevHTQ=
7,-12,8J6Dp5j2QmFD+J02eGuRTle2vPE=,Bt/3I4XgV2nF2JiEMRZ4XmT/sCM=
8,-11,8J6Dp5j2QmFD+J02eGuRTle2vPE=,hLMNfrueX+/SBpQ1Y49U6yLkmlo=
9,-13,8J6Dp5j2QmFD+J02eGuRTle2vPE=,q2lLTj+/xqBgDcMm0Akm1Ry9CUg=
6,-11,8J6Dp5j2QmFD+J02eGuRTle2vPE=,Bt/3I4XgV2nF2JiEMRZ4XmT/sCM=
8,-12,8J6Dp5j2QmFD+J02eGuRTle2vPE=,hLMNfrueX+/SBpQ1Y49U6yLkmlo=
7,-14,8J6Dp5j2QmFD+J02eGuRTle2vPE=,MWZYGEBMKjjaTEueVW84kpevHTQ=
9,-11,8J6Dp5j2QmFD+J02eGuRTle2vPE=,hLMNfrueX+/SBpQ1Y49U6yLkmlo=
9,-12,8J6Dp5j2QmFD+J02eGuRTle2vPE=,hLMNfrueX+/SBpQ1Y49U6yLkmlo=
8,-14,8J6Dp5j2QmFD+J02eGuRTle2vPE=,q2lLTj+/xqBgDcMm0Akm1Ry9CUg=
8,-13,8J6Dp5j2QmFD+J02eGuRTle2vPE=,q2lLTj+/xqBgDcMm0Akm1Ry9CUg=
9,-14,8J6Dp5j2QmFD+J02eGuRTle2vPE=,q2lLTj+/xqBgDcMm0Akm1Ry9CUg=
2,-13,C28iaL8c/NqG7CU8YAarHHBBeSY=,MWZYGEBMKjjaTEueVW84kpevHTQ=
5,-11,C28iaL8c/NqG7CU8YAarHHBBeSY=,Bt/3I4XgV2nF2JiEMRZ4XmT/sCM=
4,-11,C28iaL8c/NqG7CU8YAarHHBBeSY=,Bt/3I4XgV2nF2JiEMRZ4XmT/sCM=
5,-13,C28iaL8c/NqG7CU8YAarHHBBeSY=,MWZYGEBMKjjaTEueVW84kpevHTQ=
2,-11,C28iaL8c/NqG7CU8YAarHHBBeSY=,uMZp/EsIAypyFYAyexcpFv12jC8=
2,-12,C28iaL8c/NqG7CU8YAarHHBBeSY=,uMZp/EsIAypyFYAyexcpFv12jC8=
4,-14,C28iaL8c/NqG7CU8YAarHHBBeSY=,MWZYGEBMKjjaTEueVW84kpevHTQ=
4,-13,C28iaL8c/NqG7CU8YAarHHBBeSY=,MWZYGEBMKjjaTEueVW84kpevHTQ=
3,-13,C28iaL8c/NqG7CU8YAarHHBBeSY=,MWZYGEBMKjjaTEueVW84kpevHTQ=
5,-9,C28iaL8c/NqG7CU8YAarHHBBeSY=,Bt/3I4XgV2nF2JiEMRZ4XmT/sCM=
5,-14,C28iaL8c/NqG7CU8YAarHHBBeSY=,MWZYGEBMKjjaTEueVW84kpevHTQ=
3,-12,C28iaL8c/NqG7CU8YAarHHBBeSY=,uMZp/EsIAypyFYAyexcpFv12jC8=
3,-7,C28iaL8c/NqG7CU8YAarHHBBeSY=,x/VtcpLQHAArCZ/BhSWHEbp0gRI=
3,-11,C28iaL8c/NqG7CU8YAarHHBBeSY=,uMZp/EsIAypyFYAyexcpFv12jC8=
3,-9,C28iaL8c/NqG7CU8YAarHHBBeSY=,uMZp/EsIAypyFYAyexcpFv12jC8=
4,-12,C28iaL8c/NqG7CU8YAarHHBBeSY=,Bt/3I4XgV2nF2JiEMRZ4XmT/sCM=
1,-10,C28iaL8c/NqG7CU8YAarHHBBeSY=,uMZp/EsIAypyFYAyexcpFv12jC8=
5,-12,C28iaL8c/NqG7CU8YAarHHBBeSY=,Bt/3I4XgV2nF2JiEMRZ4XmT/sCM=
5,-10,C28iaL8c/NqG7CU8YAarHHBBeSY=,Bt/3I4XgV2nF2JiEMRZ4XmT/sCM=
3,-14,C28iaL8c/NqG7CU8YAarHHBBeSY=,MWZYGEBMKjjaTEueVW84kpevHTQ=
2,-14,C28iaL8c/NqG7CU8YAarHHBBeSY=,MWZYGEBMKjjaTEueVW84kpevHTQ=
1,-7,C28iaL8c/NqG7CU8YAarHHBBeSY=,x/VtcpLQHAArCZ/BhSWHEbp0gRI=
4,-9,C28iaL8c/NqG7CU8YAarHHBBeSY=,Bt/3I4XgV2nF2JiEMRZ4XmT/sCM=
2,-7,C28iaL8c/NqG7CU8YAarHHBBeSY=,x/VtcpLQHAArCZ/BhSWHEbp0gRI=
5,-7,C28iaL8c/NqG7CU8YAarHHBBeSY=,x/VtcpLQHAArCZ/BhSWHEbp0gRI=
4,-10,C28iaL8c/NqG7CU8YAarHHBBeSY=,Bt/3I4XgV2nF2JiEMRZ4XmT/sCM=
4,-7,C28iaL8c/NqG7CU8YAarHHBBeSY=,x/VtcpLQHAArCZ/BhSWHEbp0gRI=
3,-10,C28iaL8c/NqG7CU8YAarHHBBeSY=,uMZp/EsIAypyFYAyexcpFv12jC8=
2,-8,C28iaL8c/NqG7CU8YAarHHBBeSY=,x/VtcpLQHAArCZ/BhSWHEbp0gRI=
2,-9,C28iaL8c/NqG7CU8YAarHHBBeSY=,uMZp/EsIAypyFYAyexcpFv12jC8=
5,-8,C28iaL8c/NqG7CU8YAarHHBBeSY=,x/VtcpLQHAArCZ/BhSWHEbp0gRI=
4,-8,C28iaL8c/NqG7CU8YAarHHBBeSY=,x/VtcpLQHAArCZ/BhSWHEbp0gRI=
0,-8,C28iaL8c/NqG7CU8YAarHHBBeSY=,x/VtcpLQHAArCZ/BhSWHEbp0gRI=
3,-8,C28iaL8c/NqG7CU8YAarHHBBeSY=,x/VtcpLQHAArCZ/BhSWHEbp0gRI=
0,-7,C28iaL8c/NqG7CU8YAarHHBBeSY=,x/VtcpLQHAArCZ/BhSWHEbp0gRI=
2,-10,C28iaL8c/NqG7CU8YAarHHBBeSY=,uMZp/EsIAypyFYAyexcpFv12jC8=
0,-9,C28iaL8c/NqG7CU8YAarHHBBeSY=,uMZp/EsIAypyFYAyexcpFv12jC8=
1,-9,C28iaL8c/NqG7CU8YAarHHBBeSY=,uMZp/EsIAypyFYAyexcpFv12jC8=
0,-10,C28iaL8c/NqG7CU8YAarHHBBeSY=,uMZp/EsIAypyFYAyexcpFv12jC8=
1,-8,C28iaL8c/NqG7CU8YAarHHBBeSY=,x/VtcpLQHAArCZ/BhSWHEbp0gRI=
0,-14,C28iaL8c/NqG7CU8YAarHHBBeSY=,MWZYGEBMKjjaTEueVW84kpevHTQ=
0,-11,C28iaL8c/NqG7CU8YAarHHBBeSY=,uMZp/EsIAypyFYAyexcpFv12jC8=
0,-13,C28iaL8c/NqG7CU8YAarHHBBeSY=,MWZYGEBMKjjaTEueVW84kpevHTQ=
1,-11,C28iaL8c/NqG7CU8YAarHHBBeSY=,uMZp/EsIAypyFYAyexcpFv12jC8=
0,-12,C28iaL8c/NqG7CU8YAarHHBBeSY=,uMZp/EsIAypyFYAyexcpFv12jC8=
1,-14,C28iaL8c/NqG7CU8YAarHHBBeSY=,MWZYGEBMKjjaTEueVW84kpevHTQ=
1,-12,pN4MYNngmiG1tOif3zQ8y0b0fOA=,uMZp/EsIAypyFYAyexcpFv12jC8=
1,-13,pN4MYNngmiG1tOif3zQ8y0b0fOA=,MWZYGEBMKjjaTEueVW84kpevHTQ=
5,-1,pN4MYNngmiG1tOif3zQ8y0b0fOA=,GfI+zd9o/5akFc+CcGvftf/kTg8=
4,-1,pN4MYNngmiG1tOif3zQ8y0b0fOA=,GfI+zd9o/5akFc+CcGvftf/kTg8=
3,-1,pN4MYNngmiG1tOif3zQ8y0b0fOA=,RVQ+cEu0SgjLxxPuwg4XPN2qsZ8=
2,-1,pN4MYNngmiG1tOif3zQ8y0b0fOA=,RVQ+cEu0SgjLxxPuwg4XPN2qsZ8=
3,-2,pN4MYNngmiG1tOif3zQ8y0b0fOA=,RVQ+cEu0SgjLxxPuwg4XPN2qsZ8=
2,-2,pN4MYNngmiG1tOif3zQ8y0b0fOA=,RVQ+cEu0SgjLxxPuwg4XPN2qsZ8=
2,-6,pN4MYNngmiG1tOif3zQ8y0b0fOA=,x/VtcpLQHAArCZ/BhSWHEbp0gRI=
0,-3,pN4MYNngmiG1tOif3zQ8y0b0fOA=,RVQ+cEu0SgjLxxPuwg4XPN2qsZ8=
1,-3,pN4MYNngmiG1tOif3zQ8y0b0fOA=,RVQ+cEu0SgjLxxPuwg4XPN2qsZ8=
3,-3,pN4MYNngmiG1tOif3zQ8y0b0fOA=,RVQ+cEu0SgjLxxPuwg4XPN2qsZ8=
4,-4,pN4MYNngmiG1tOif3zQ8y0b0fOA=,GfI+zd9o/5akFc+CcGvftf/kTg8=
2,-4,pN4MYNngmiG1tOif3zQ8y0b0fOA=,RVQ+cEu0SgjLxxPuwg4XPN2qsZ8=
3,-6,pN4MYNngmiG1tOif3zQ8y0b0fOA=,x/VtcpLQHAArCZ/BhSWHEbp0gRI=
3,-5,pN4MYNngmiG1tOif3zQ8y0b0fOA=,x/VtcpLQHAArCZ/BhSWHEbp0gRI=
5,-6,pN4MYNngmiG1tOif3zQ8y0b0fOA=,x/VtcpLQHAArCZ/BhSWHEbp0gRI=
5,-3,pN4MYNngmiG1tOif3zQ8y0b0fOA=,GfI+zd9o/5akFc+CcGvftf/kTg8=
5,-5,pN4MYNngmiG1tOif3zQ8y0b0fOA=,x/VtcpLQHAArCZ/BhSWHEbp0gRI=
5,-2,pN4MYNngmiG1tOif3zQ8y0b0fOA=,GfI+zd9o/5akFc+CcGvftf/kTg8=
4,-5,pN4MYNngmiG1tOif3zQ8y0b0fOA=,x/VtcpLQHAArCZ/BhSWHEbp0gRI=
4,-2,pN4MYNngmiG1tOif3zQ8y0b0fOA=,GfI+zd9o/5akFc+CcGvftf/kTg8=
4,-3,pN4MYNngmiG1tOif3zQ8y0b0fOA=,GfI+zd9o/5akFc+CcGvftf/kTg8=
2,-5,pN4MYNngmiG1tOif3zQ8y0b0fOA=,x/VtcpLQHAArCZ/BhSWHEbp0gRI=
4,-6,pN4MYNngmiG1tOif3zQ8y0b0fOA=,x/VtcpLQHAArCZ/BhSWHEbp0gRI=
7,-2,pN4MYNngmiG1tOif3zQ8y0b0fOA=,GfI+zd9o/5akFc+CcGvftf/kTg8=
6,-1,pN4MYNngmiG1tOif3zQ8y0b0fOA=,GfI+zd9o/5akFc+CcGvftf/kTg8=
2,-3,pN4MYNngmiG1tOif3zQ8y0b0fOA=,RVQ+cEu0SgjLxxPuwg4XPN2qsZ8=
1,-6,pN4MYNngmiG1tOif3zQ8y0b0fOA=,x/VtcpLQHAArCZ/BhSWHEbp0gRI=
1,-5,pN4MYNngmiG1tOif3zQ8y0b0fOA=,x/VtcpLQHAArCZ/BhSWHEbp0gRI=
5,-4,pN4MYNngmiG1tOif3zQ8y0b0fOA=,GfI+zd9o/5akFc+CcGvftf/kTg8=
1,-4,pN4MYNngmiG1tOif3zQ8y0b0fOA=,RVQ+cEu0SgjLxxPuwg4XPN2qsZ8=
8,-2,pN4MYNngmiG1tOif3zQ8y0b0fOA=,Ho0I9hOiuQecZ6NA0q2LkKuhTy8=
7,-1,pN4MYNngmiG1tOif3zQ8y0b0fOA=,GfI+zd9o/5akFc+CcGvftf/kTg8=
9,-2,pN4MYNngmiG1tOif3zQ8y0b0fOA=,Ho0I9hOiuQecZ6NA0q2LkKuhTy8=
9,-1,pN4MYNngmiG1tOif3zQ8y0b0fOA=,Ho0I9hOiuQecZ6NA0q2LkKuhTy8=
6,-2,pN4MYNngmiG1tOif3zQ8y0b0fOA=,GfI+zd9o/5akFc+CcGvftf/kTg8=
0,-6,pN4MYNngmiG1tOif3zQ8y0b0fOA=,x/VtcpLQHAArCZ/BhSWHEbp0gRI=
0,-5,pN4MYNngmiG1tOif3zQ8y0b0fOA=,x/VtcpLQHAArCZ/BhSWHEbp0gRI=
0,-4,pN4MYNngmiG1tOif3zQ8y0b0fOA=,RVQ+cEu0SgjLxxPuwg4XPN2qsZ8=
8,-1,pN4MYNngmiG1tOif3zQ8y0b0fOA=,Ho0I9hOiuQecZ6NA0q2LkKuhTy8=
3,-4,tBCdr5/mtMeF0R62IoMaMhevBWk=,RVQ+cEu0SgjLxxPuwg4XPN2qsZ8=
12,-3,WcnrMh4UaNUdXKzyJzWEksabKkU=,kvXCTMzrbNhybk68Ptu3Ju/2R6Q=
13,-5,WcnrMh4UaNUdXKzyJzWEksabKkU=,k3X7BWhqNs6h2oRUqtVroQsIePU=
11,-3,WcnrMh4UaNUdXKzyJzWEksabKkU=,Ho0I9hOiuQecZ6NA0q2LkKuhTy8=
10,-6,WcnrMh4UaNUdXKzyJzWEksabKkU=,EMr0A0bhciWDFP5yWtpB+S7tDm4=
11,-5,WcnrMh4UaNUdXKzyJzWEksabKkU=,EMr0A0bhciWDFP5yWtpB+S7tDm4=
10,-4,WcnrMh4UaNUdXKzyJzWEksabKkU=,Ho0I9hOiuQecZ6NA0q2LkKuhTy8=
10,-3,WcnrMh4UaNUdXKzyJzWEksabKkU=,Ho0I9hOiuQecZ6NA0q2LkKuhTy8=
12,-4,WcnrMh4UaNUdXKzyJzWEksabKkU=,kvXCTMzrbNhybk68Ptu3Ju/2R6Q=
13,-4,WcnrMh4UaNUdXKzyJzWEksabKkU=,kvXCTMzrbNhybk68Ptu3Ju/2R6Q=
12,-6,WcnrMh4UaNUdXKzyJzWEksabKkU=,k3X7BWhqNs6h2oRUqtVroQsIePU=
11,-6,WcnrMh4UaNUdXKzyJzWEksabKkU=,EMr0A0bhciWDFP5yWtpB+S7tDm4=
12,-5,WcnrMh4UaNUdXKzyJzWEksabKkU=,k3X7BWhqNs6h2oRUqtVroQsIePU=
11,-4,WcnrMh4UaNUdXKzyJzWEksabKkU=,Ho0I9hOiuQecZ6NA0q2LkKuhTy8=
13,-3,WcnrMh4UaNUdXKzyJzWEksabKkU=,kvXCTMzrbNhybk68Ptu3Ju/2R6Q=
13,-6,WcnrMh4UaNUdXKzyJzWEksabKkU=,k3X7BWhqNs6h2oRUqtVroQsIePU=
10,-5,WcnrMh4UaNUdXKzyJzWEksabKkU=,EMr0A0bhciWDFP5yWtpB+S7tDm4=
15,-8,BZ2BP1B0wIOm4vNiX618GklxKrw=,k3X7BWhqNs6h2oRUqtVroQsIePU=
13,-11,BZ2BP1B0wIOm4vNiX618GklxKrw=,/QkmpqJLLnW7mWaUWXy748FODAI=
12,-7,BZ2BP1B0wIOm4vNiX618GklxKrw=,k3X7BWhqNs6h2oRUqtVroQsIePU=
10,-9,BZ2BP1B0wIOm4vNiX618GklxKrw=,hLMNfrueX+/SBpQ1Y49U6yLkmlo=
14,-7,BZ2BP1B0wIOm4vNiX618GklxKrw=,k3X7BWhqNs6h2oRUqtVroQsIePU=
13,-9,BZ2BP1B0wIOm4vNiX618GklxKrw=,/QkmpqJLLnW7mWaUWXy748FODAI=
10,-14,BZ2BP1B0wIOm4vNiX618GklxKrw=,q2lLTj+/xqBgDcMm0Akm1Ry9CUg=
11,-9,BZ2BP1B0wIOm4vNiX618GklxKrw=,hLMNfrueX+/SBpQ1Y49U6yLkmlo=
15,-9,BZ2BP1B0wIOm4vNiX618GklxKrw=,/QkmpqJLLnW7mWaUWXy748FODAI=
12,-13,BZ2BP1B0wIOm4vNiX618GklxKrw=,65+u3SDj6pMHB334gBhF9JDEUbg=
10,-8,BZ2BP1B0wIOm4vNiX618GklxKrw=,EMr0A0bhciWDFP5yWtpB+S7tDm4=
10,-11,BZ2BP1B0wIOm4vNiX618GklxKrw=,hLMNfrueX+/SBpQ1Y49U6yLkmlo=
14,-8,BZ2BP1B0wIOm4vNiX618GklxKrw=,k3X7BWhqNs6h2oRUqtVroQsIePU=
11,-7,BZ2BP1B0wIOm4vNiX618GklxKrw=,EMr0A0bhciWDFP5yWtpB+S7tDm4=
13,-12,BZ2BP1B0wIOm4vNiX618GklxKrw=,/QkmpqJLLnW7mWaUWXy748FODAI=
14,-9,BZ2BP1B0wIOm4vNiX618GklxKrw=,/QkmpqJLLnW7mWaUWXy748FODAI=
10,-7,BZ2BP1B0wIOm4vNiX618GklxKrw=,EMr0A0bhciWDFP5yWtpB+S7tDm4=
11,-8,BZ2BP1B0wIOm4vNiX618GklxKrw=,EMr0A0bhciWDFP5yWtpB+S7tDm4=
13,-13,BZ2BP1B0wIOm4vNiX618GklxKrw=,65+u3SDj6pMHB334gBhF9JDEUbg=
11,-10,BZ2BP1B0wIOm4vNiX618GklxKrw=,hLMNfrueX+/SBpQ1Y49U6yLkmlo=
11,-14,BZ2BP1B0wIOm4vNiX618GklxKrw=,q2lLTj+/xqBgDcMm0Akm1Ry9CUg=
11,-13,BZ2BP1B0wIOm4vNiX618GklxKrw=,q2lLTj+/xqBgDcMm0Akm1Ry9CUg=
12,-11,BZ2BP1B0wIOm4vNiX618GklxKrw=,/QkmpqJLLnW7mWaUWXy748FODAI=
12,-9,BZ2BP1B0wIOm4vNiX618GklxKrw=,/QkmpqJLLnW7mWaUWXy748FODAI=
11,-12,BZ2BP1B0wIOm4vNiX618GklxKrw=,hLMNfrueX+/SBpQ1Y49U6yLkmlo=
12,-14,BZ2BP1B0wIOm4vNiX618GklxKrw=,65+u3SDj6pMHB334gBhF9JDEUbg=
15,-10,BZ2BP1B0wIOm4vNiX618GklxKrw=,/QkmpqJLLnW7mWaUWXy748FODAI=
14,-12,BZ2BP1B0wIOm4vNiX618GklxKrw=,/QkmpqJLLnW7mWaUWXy748FODAI=
11,-11,BZ2BP1B0wIOm4vNiX618GklxKrw=,hLMNfrueX+/SBpQ1Y49U6yLkmlo=
15,-13,BZ2BP1B0wIOm4vNiX618GklxKrw=,65+u3SDj6pMHB334gBhF9JDEUbg=
15,-11,BZ2BP1B0wIOm4vNiX618GklxKrw=,/QkmpqJLLnW7mWaUWXy748FODAI=
10,-10,BZ2BP1B0wIOm4vNiX618GklxKrw=,hLMNfrueX+/SBpQ1Y49U6yLkmlo=
14,-11,BZ2BP1B0wIOm4vNiX618GklxKrw=,/QkmpqJLLnW7mWaUWXy748FODAI=
13,-7,BZ2BP1B0wIOm4vNiX618GklxKrw=,k3X7BWhqNs6h2oRUqtVroQsIePU=
10,-13,BZ2BP1B0wIOm4vNiX618GklxKrw=,q2lLTj+/xqBgDcMm0Akm1Ry9CUg=
10,-12,BZ2BP1B0wIOm4vNiX618GklxKrw=,hLMNfrueX+/SBpQ1Y49U6yLkmlo=
15,-12,BZ2BP1B0wIOm4vNiX618GklxKrw=,/QkmpqJLLnW7mWaUWXy748FODAI=
14,-14,BZ2BP1B0wIOm4vNiX618GklxKrw=,65+u3SDj6pMHB334gBhF9JDEUbg=
15,-7,BZ2BP1B0wIOm4vNiX618GklxKrw=,k3X7BWhqNs6h2oRUqtVroQsIePU=
14,-13,BZ2BP1B0wIOm4vNiX618GklxKrw=,65+u3SDj6pMHB334gBhF9JDEUbg=
15,-14,BZ2BP1B0wIOm4vNiX618GklxKrw=,65+u3SDj6pMHB334gBhF9JDEUbg=
13,-10,BZ2BP1B0wIOm4vNiX618GklxKrw=,/QkmpqJLLnW7mWaUWXy748FODAI=
15,-3,BZ2BP1B0wIOm4vNiX618GklxKrw=,kvXCTMzrbNhybk68Ptu3Ju/2R6Q=
13,-8,BZ2BP1B0wIOm4vNiX618GklxKrw=,k3X7BWhqNs6h2oRUqtVroQsIePU=
14,-10,BZ2BP1B0wIOm4vNiX618GklxKrw=,/QkmpqJLLnW7mWaUWXy748FODAI=
15,-5,BZ2BP1B0wIOm4vNiX618GklxKrw=,k3X7BWhqNs6h2oRUqtVroQsIePU=
12,-8,BZ2BP1B0wIOm4vNiX618GklxKrw=,k3X7BWhqNs6h2oRUqtVroQsIePU=
12,-10,BZ2BP1B0wIOm4vNiX618GklxKrw=,/QkmpqJLLnW7mWaUWXy748FODAI=
12,-12,BZ2BP1B0wIOm4vNiX618GklxKrw=,/QkmpqJLLnW7mWaUWXy748FODAI=
14,-4,BZ2BP1B0wIOm4vNiX618GklxKrw=,kvXCTMzrbNhybk68Ptu3Ju/2R6Q=
15,-4,BZ2BP1B0wIOm4vNiX618GklxKrw=,kvXCTMzrbNhybk68Ptu3Ju/2R6Q=
14,-3,BZ2BP1B0wIOm4vNiX618GklxKrw=,kvXCTMzrbNhybk68Ptu3Ju/2R6Q=
13,-14,BZ2BP1B0wIOm4vNiX618GklxKrw=,65+u3SDj6pMHB334gBhF9JDEUbg=
14,-6,BZ2BP1B0wIOm4vNiX618GklxKrw=,k3X7BWhqNs6h2oRUqtVroQsIePU=
15,-6,BZ2BP1B0wIOm4vNiX618GklxKrw=,k3X7BWhqNs6h2oRUqtVroQsIePU=
14,-5,BZ2BP1B0wIOm4vNiX618GklxKrw=,k3X7BWhqNs6h2oRUqtVroQsIePU=
11,-15,BZ2BP1B0wIOm4vNiX618GklxKrw=,q2lLTj+/xqBgDcMm0Akm1Ry9CUg=
10,-15,BZ2BP1B0wIOm4vNiX618GklxKrw=,q2lLTj+/xqBgDcMm0Akm1Ry9CUg=
12,-16,BZ2BP1B0wIOm4vNiX618GklxKrw=,65+u3SDj6pMHB334gBhF9JDEUbg=
11,-16,BZ2BP1B0wIOm4vNiX618GklxKrw=,q2lLTj+/xqBgDcMm0Akm1Ry9CUg=
12,-15,BZ2BP1B0wIOm4vNiX618GklxKrw=,65+u3SDj6pMHB334gBhF9JDEUbg=
13,-15,BZ2BP1B0wIOm4vNiX618GklxKrw=,65+u3SDj6pMHB334gBhF9JDEUbg=
10,-16,BZ2BP1B0wIOm4vNiX618GklxKrw=,q2lLTj+/xqBgDcMm0Akm1Ry9CUg=
13,-16,BZ2BP1B0wIOm4vNiX618GklxKrw=,65+u3SDj6pMHB334gBhF9JDEUbg=
1,-2,UeQ/jHcdvrlb/0InlJlV8itVxUo=,RVQ+cEu0SgjLxxPuwg4XPN2qsZ8=
0,-1,UeQ/jHcdvrlb/0InlJlV8itVxUo=,RVQ+cEu0SgjLxxPuwg4XPN2qsZ8=
1,-15,UeQ/jHcdvrlb/0InlJlV8itVxUo=,MWZYGEBMKjjaTEueVW84kpevHTQ=
0,-2,UeQ/jHcdvrlb/0InlJlV8itVxUo=,RVQ+cEu0SgjLxxPuwg4XPN2qsZ8=
0,-16,UeQ/jHcdvrlb/0InlJlV8itVxUo=,MWZYGEBMKjjaTEueVW84kpevHTQ=
0,-15,UeQ/jHcdvrlb/0InlJlV8itVxUo=,MWZYGEBMKjjaTEueVW84kpevHTQ=
1,-1,UeQ/jHcdvrlb/0InlJlV8itVxUo=,RVQ+cEu0SgjLxxPuwg4XPN2qsZ8=
10,-1,UeQ/jHcdvrlb/0InlJlV8itVxUo=,Ho0I9hOiuQecZ6NA0q2LkKuhTy8=
1,-16,UeQ/jHcdvrlb/0InlJlV8itVxUo=,MWZYGEBMKjjaTEueVW84kpevHTQ=
12,-1,UeQ/jHcdvrlb/0InlJlV8itVxUo=,kvXCTMzrbNhybk68Ptu3Ju/2R6Q=
14,-1,UeQ/jHcdvrlb/0InlJlV8itVxUo=,kvXCTMzrbNhybk68Ptu3Ju/2R6Q=
11,-1,UeQ/jHcdvrlb/0InlJlV8itVxUo=,Ho0I9hOiuQecZ6NA0q2LkKuhTy8=
14,-2,UeQ/jHcdvrlb/0InlJlV8itVxUo=,kvXCTMzrbNhybk68Ptu3Ju/2R6Q=
10,-2,UeQ/jHcdvrlb/0InlJlV8itVxUo=,Ho0I9hOiuQecZ6NA0q2LkKuhTy8=
12,-2,UeQ/jHcdvrlb/0InlJlV8itVxUo=,kvXCTMzrbNhybk68Ptu3Ju/2R6Q=
15,-2,UeQ/jHcdvrlb/0InlJlV8itVxUo=,kvXCTMzrbNhybk68Ptu3Ju/2R6Q=
15,-1,UeQ/jHcdvrlb/0InlJlV8itVxUo=,kvXCTMzrbNhybk68Ptu3Ju/2R6Q=
13,-2,UeQ/jHcdvrlb/0InlJlV8itVxUo=,kvXCTMzrbNhybk68Ptu3Ju/2R6Q=
13,-1,UeQ/jHcdvrlb/0InlJlV8itVxUo=,kvXCTMzrbNhybk68Ptu3Ju/2R6Q=
11,-2,UeQ/jHcdvrlb/0InlJlV8itVxUo=,Ho0I9hOiuQecZ6NA0q2LkKuhTy8=
2,-16,UeQ/jHcdvrlb/0InlJlV8itVxUo=,MWZYGEBMKjjaTEueVW84kpevHTQ=
5,-15,UeQ/jHcdvrlb/0InlJlV8itVxUo=,MWZYGEBMKjjaTEueVW84kpevHTQ=
4,-15,UeQ/jHcdvrlb/0InlJlV8itVxUo=,MWZYGEBMKjjaTEueVW84kpevHTQ=
6,-15,UeQ/jHcdvrlb/0InlJlV8itVxUo=,MWZYGEBMKjjaTEueVW84kpevHTQ=
7,-15,UeQ/jHcdvrlb/0InlJlV8itVxUo=,MWZYGEBMKjjaTEueVW84kpevHTQ=
3,-16,UeQ/jHcdvrlb/0InlJlV8itVxUo=,MWZYGEBMKjjaTEueVW84kpevHTQ=
9,-15,UeQ/jHcdvrlb/0InlJlV8itVxUo=,q2lLTj+/xqBgDcMm0Akm1Ry9CUg=
2,-15,UeQ/jHcdvrlb/0InlJlV8itVxUo=,MWZYGEBMKjjaTEueVW84kpevHTQ=
3,-15,UeQ/jHcdvrlb/0InlJlV8itVxUo=,MWZYGEBMKjjaTEueVW84kpevHTQ=
4,-16,UeQ/jHcdvrlb/0InlJlV8itVxUo=,MWZYGEBMKjjaTEueVW84kpevHTQ=
5,-16,UeQ/jHcdvrlb/0InlJlV8itVxUo=,MWZYGEBMKjjaTEueVW84kpevHTQ=
8,-15,UeQ/jHcdvrlb/0InlJlV8itVxUo=,q2lLTj+/xqBgDcMm0Akm1Ry9CUg=
9,-16,UeQ/jHcdvrlb/0InlJlV8itVxUo=,q2lLTj+/xqBgDcMm0Akm1Ry9CUg=
8,-16,UeQ/jHcdvrlb/0InlJlV8itVxUo=,q2lLTj+/xqBgDcMm0Akm1Ry9CUg=
6,-16,UeQ/jHcdvrlb/0InlJlV8itVxUo=,MWZYGEBMKjjaTEueVW84kpevHTQ=
7,-16,UeQ/jHcdvrlb/0InlJlV8itVxUo=,MWZYGEBMKjjaTEueVW84kpevHTQ=
15,-15,UeQ/jHcdvrlb/0InlJlV8itVxUo=,65+u3SDj6pMHB334gBhF9JDEUbg=
15,-16,UeQ/jHcdvrlb/0InlJlV8itVxUo=,65+u3SDj6pMHB334gBhF9JDEUbg=
14,-16,UeQ/jHcdvrlb/0InlJlV8itVxUo=,65+u3SDj6pMHB334gBhF9JDEUbg=
14,-15,UeQ/jHcdvrlb/0InlJlV8itVxUo=,65+u3SDj6pMHB334gBhF9JDEUbg=
